Model,Chart Location,Tab,Tab Name,Session,Chart,Strategy,Account,Start Time,End Time,Template Name,Test Mode / Lane,Leader Instrument,Required Strategy Class,Required HUD / Messenger,Required Chart Indicators,Required Exporters,Required Background Processes,Required Output Files,Account/Logger Requirement,Preflight Check,EOD Check,Notes
V1A,Left,1,VOL FADER Mode A- Pure V1A,RTH,3 min candle,VolState Fader,SimV1A Vol Fader 1,1035,1545,VolState Fader V1B Mode A(Pure V1A),Mode A - pure baseline,NQ primary; ES parallel only when ES test tabs are active,VolState_Fader or VolState_Fader_V1B per template,HUDMessengerV1B; HUDMessenger; TradeHUD daily bias where Mode A+/B uses context,LiveDataExporter NQ/ES; ValueAreaExporter NQ/ES; OrderFlowSetupScanner NQ/ES; HUDMessenger/HUDMessengerV1B compiled,NQ_1min_export.txt; ES_1min_export.txt; ValueArea_NQ.csv; ValueArea_ES.csv; Active\Footprint_Export.csv,No Python stage required for pure V1A; keep common exporters/scanner running for A+/B and audit unification,V1A\TradeLog; V1B\TradeLog for V1B-context templates; UNIFIED\AllModels_TradeLog_YYYYMMDD.csv after EOD,"Use TradeLogExporter_V1AB on each tab; ModelVersion=V1A for pure A, V1B for full-context B if that template is intentionally V1B; AccountNameFilter must equal Account",Account enabled; template matches row; A+ bias fresh if enabled; Mode B footprint signals fresh; exact account filter set,Confirm V1A/V1B trade logs updated and daily unified export includes correct model_version/account,Mode A+ and Mode B require the shared V1B context components even when the registry section is labeled V1A.
V1A,Left,2,VOL FADER Mode A+(Context),RTH,3 min candle,VolState Fader,SimV1A Vol Fader 2,1035,1545,V1B - Mode A+(Context),Mode A+ - kill switch and bias context,NQ primary; ES parallel only when ES test tabs are active,VolState_Fader or VolState_Fader_V1B per template,HUDMessengerV1B; HUDMessenger; TradeHUD daily bias where Mode A+/B uses context,LiveDataExporter NQ/ES; ValueAreaExporter NQ/ES; OrderFlowSetupScanner NQ/ES; HUDMessenger/HUDMessengerV1B compiled,NQ_1min_export.txt; ES_1min_export.txt; ValueArea_NQ.csv; ValueArea_ES.csv; Active\Footprint_Export.csv,No Python stage required for pure V1A; keep common exporters/scanner running for A+/B and audit unification,V1A\TradeLog; V1B\TradeLog for V1B-context templates; UNIFIED\AllModels_TradeLog_YYYYMMDD.csv after EOD,"Use TradeLogExporter_V1AB on each tab; ModelVersion=V1A for pure A, V1B for full-context B if that template is intentionally V1B; AccountNameFilter must equal Account",Account enabled; template matches row; A+ bias fresh if enabled; Mode B footprint signals fresh; exact account filter set,Confirm V1A/V1B trade logs updated and daily unified export includes correct model_version/account,Mode A+ and Mode B require the shared V1B context components even when the registry section is labeled V1A.
V1A,Left,3,VolState Mode B(Full V1B),RTH,3 min candle,VolState Fader,SimV1A Vol Fader 3,1035,1545,Mode B(Full V1B) all true,Mode B - full V1B context/footprint gate,NQ primary; ES parallel only when ES test tabs are active,VolState_Fader or VolState_Fader_V1B per template,HUDMessengerV1B; HUDMessenger; TradeHUD daily bias where Mode A+/B uses context,LiveDataExporter NQ/ES; ValueAreaExporter NQ/ES; OrderFlowSetupScanner NQ/ES; HUDMessenger/HUDMessengerV1B compiled,NQ_1min_export.txt; ES_1min_export.txt; ValueArea_NQ.csv; ValueArea_ES.csv; Active\Footprint_Export.csv,No Python stage required for pure V1A; keep common exporters/scanner running for A+/B and audit unification,V1A\TradeLog; V1B\TradeLog for V1B-context templates; UNIFIED\AllModels_TradeLog_YYYYMMDD.csv after EOD,"Use TradeLogExporter_V1AB on each tab; ModelVersion=V1A for pure A, V1B for full-context B if that template is intentionally V1B; AccountNameFilter must equal Account",Account enabled; template matches row; A+ bias fresh if enabled; Mode B footprint signals fresh; exact account filter set,Confirm V1A/V1B trade logs updated and daily unified export includes correct model_version/account,Mode A+ and Mode B require the shared V1B context components even when the registry section is labeled V1A.
V1A,Middle,1,Kalman Fader Mode A,ETH,12 Range,KalmanPulse_Fader,SimV1A Kalman Fader 1,1035,1545,KalmanPulse Fader 1  A,Mode A - pure baseline,NQ primary; ES parallel only when ES test tabs are active,KalmanPulse_Fader or KalmanPulse_Fader_V1B per template,HUDMessengerV1B; HUDMessenger; TradeHUD daily bias where Mode A+/B uses context,LiveDataExporter NQ/ES; ValueAreaExporter NQ/ES; OrderFlowSetupScanner NQ/ES; HUDMessenger/HUDMessengerV1B compiled,NQ_1min_export.txt; ES_1min_export.txt; ValueArea_NQ.csv; ValueArea_ES.csv; Active\Footprint_Export.csv,No Python stage required for pure V1A; keep common exporters/scanner running for A+/B and audit unification,V1A\TradeLog; V1B\TradeLog for V1B-context templates; UNIFIED\AllModels_TradeLog_YYYYMMDD.csv after EOD,"Use TradeLogExporter_V1AB on each tab; ModelVersion=V1A for pure A, V1B for full-context B if that template is intentionally V1B; AccountNameFilter must equal Account",Account enabled; template matches row; A+ bias fresh if enabled; Mode B footprint signals fresh; exact account filter set,Confirm V1A/V1B trade logs updated and daily unified export includes correct model_version/account,Mode A+ and Mode B require the shared V1B context components even when the registry section is labeled V1A.
V1A,Middle,1,Kalman Fade Mode A+,ETH,12 Range,KalmanPulse_Fader,SimV1A Kalman Fader 2,1035,1545,Mode A+ kill switch & bias true,Mode A+ - kill switch and bias context,NQ primary; ES parallel only when ES test tabs are active,KalmanPulse_Fader or KalmanPulse_Fader_V1B per template,HUDMessengerV1B; HUDMessenger; TradeHUD daily bias where Mode A+/B uses context,LiveDataExporter NQ/ES; ValueAreaExporter NQ/ES; OrderFlowSetupScanner NQ/ES; HUDMessenger/HUDMessengerV1B compiled,NQ_1min_export.txt; ES_1min_export.txt; ValueArea_NQ.csv; ValueArea_ES.csv; Active\Footprint_Export.csv,No Python stage required for pure V1A; keep common exporters/scanner running for A+/B and audit unification,V1A\TradeLog; V1B\TradeLog for V1B-context templates; UNIFIED\AllModels_TradeLog_YYYYMMDD.csv after EOD,"Use TradeLogExporter_V1AB on each tab; ModelVersion=V1A for pure A, V1B for full-context B if that template is intentionally V1B; AccountNameFilter must equal Account",Account enabled; template matches row; A+ bias fresh if enabled; Mode B footprint signals fresh; exact account filter set,Confirm V1A/V1B trade logs updated and daily unified export includes correct model_version/account,Mode A+ and Mode B require the shared V1B context components even when the registry section is labeled V1A.
V1A,Middle,1,Kalman Fade Mode B,ETH,12 Range,KalmanPulse_Fader,SimV1A Kalman Fader 3,1035,1545,Mode B footprint +kill switch + bias = true,Mode B - full V1B context/footprint gate,NQ primary; ES parallel only when ES test tabs are active,KalmanPulse_Fader or KalmanPulse_Fader_V1B per template,HUDMessengerV1B; HUDMessenger; TradeHUD daily bias where Mode A+/B uses context,LiveDataExporter NQ/ES; ValueAreaExporter NQ/ES; OrderFlowSetupScanner NQ/ES; HUDMessenger/HUDMessengerV1B compiled,NQ_1min_export.txt; ES_1min_export.txt; ValueArea_NQ.csv; ValueArea_ES.csv; Active\Footprint_Export.csv,No Python stage required for pure V1A; keep common exporters/scanner running for A+/B and audit unification,V1A\TradeLog; V1B\TradeLog for V1B-context templates; UNIFIED\AllModels_TradeLog_YYYYMMDD.csv after EOD,"Use TradeLogExporter_V1AB on each tab; ModelVersion=V1A for pure A, V1B for full-context B if that template is intentionally V1B; AccountNameFilter must equal Account",Account enabled; template matches row; A+ bias fresh if enabled; Mode B footprint signals fresh; exact account filter set,Confirm V1A/V1B trade logs updated and daily unified export includes correct model_version/account,Mode A+ and Mode B require the shared V1B context components even when the registry section is labeled V1A.
V1A,Right,1,Composite Momo Mode A,RTH,5 min candle,CompositeEdge_Momentum,SimV1A Composite Momentum 1,1035,1545,Mode A all false,Mode A - pure baseline,NQ primary; ES parallel only when ES test tabs are active,CompositeEdge_Momentum or CompositeEdge_Momentum_V1B per template,HUDMessengerV1B; HUDMessenger; TradeHUD daily bias where Mode A+/B uses context,LiveDataExporter NQ/ES; ValueAreaExporter NQ/ES; OrderFlowSetupScanner NQ/ES; HUDMessenger/HUDMessengerV1B compiled,NQ_1min_export.txt; ES_1min_export.txt; ValueArea_NQ.csv; ValueArea_ES.csv; Active\Footprint_Export.csv,No Python stage required for pure V1A; keep common exporters/scanner running for A+/B and audit unification,V1A\TradeLog; V1B\TradeLog for V1B-context templates; UNIFIED\AllModels_TradeLog_YYYYMMDD.csv after EOD,"Use TradeLogExporter_V1AB on each tab; ModelVersion=V1A for pure A, V1B for full-context B if that template is intentionally V1B; AccountNameFilter must equal Account",Account enabled; template matches row; A+ bias fresh if enabled; Mode B footprint signals fresh; exact account filter set,Confirm V1A/V1B trade logs updated and daily unified export includes correct model_version/account,Mode A+ and Mode B require the shared V1B context components even when the registry section is labeled V1A.
V1A,Right,2,Composite Momo Mode A+,RTH,5 min candle,CompositeEdge_Momentum,SimV1A Composite Momentum 2,1035,1545,Mode A+ kill + bias = true,Mode A+ - kill switch and bias context,NQ primary; ES parallel only when ES test tabs are active,CompositeEdge_Momentum or CompositeEdge_Momentum_V1B per template,HUDMessengerV1B; HUDMessenger; TradeHUD daily bias where Mode A+/B uses context,LiveDataExporter NQ/ES; ValueAreaExporter NQ/ES; OrderFlowSetupScanner NQ/ES; HUDMessenger/HUDMessengerV1B compiled,NQ_1min_export.txt; ES_1min_export.txt; ValueArea_NQ.csv; ValueArea_ES.csv; Active\Footprint_Export.csv,No Python stage required for pure V1A; keep common exporters/scanner running for A+/B and audit unification,V1A\TradeLog; V1B\TradeLog for V1B-context templates; UNIFIED\AllModels_TradeLog_YYYYMMDD.csv after EOD,"Use TradeLogExporter_V1AB on each tab; ModelVersion=V1A for pure A, V1B for full-context B if that template is intentionally V1B; AccountNameFilter must equal Account",Account enabled; template matches row; A+ bias fresh if enabled; Mode B footprint signals fresh; exact account filter set,Confirm V1A/V1B trade logs updated and daily unified export includes correct model_version/account,Mode A+ and Mode B require the shared V1B context components even when the registry section is labeled V1A.
V1A,Right,3,Composite Momo Mode B,RTH,5 min candle,CompositeEdge_Momentum,SimV1A Composite Momentum 3,1035,1545,Mode B all = true,Mode B - full V1B context/footprint gate,NQ primary; ES parallel only when ES test tabs are active,CompositeEdge_Momentum or CompositeEdge_Momentum_V1B per template,HUDMessengerV1B; HUDMessenger; TradeHUD daily bias where Mode A+/B uses context,LiveDataExporter NQ/ES; ValueAreaExporter NQ/ES; OrderFlowSetupScanner NQ/ES; HUDMessenger/HUDMessengerV1B compiled,NQ_1min_export.txt; ES_1min_export.txt; ValueArea_NQ.csv; ValueArea_ES.csv; Active\Footprint_Export.csv,No Python stage required for pure V1A; keep common exporters/scanner running for A+/B and audit unification,V1A\TradeLog; V1B\TradeLog for V1B-context templates; UNIFIED\AllModels_TradeLog_YYYYMMDD.csv after EOD,"Use TradeLogExporter_V1AB on each tab; ModelVersion=V1A for pure A, V1B for full-context B if that template is intentionally V1B; AccountNameFilter must equal Account",Account enabled; template matches row; A+ bias fresh if enabled; Mode B footprint signals fresh; exact account filter set,Confirm V1A/V1B trade logs updated and daily unified export includes correct model_version/account,Mode A+ and Mode B require the shared V1B context components even when the registry section is labeled V1A.
V3C,Top left,1,Expansion V1A,RTH,Uni 40-80-120,V3_Expansion_Rider_V3C,SimV3C-NQ-1A,,,NQ Fast 40-80-120,V3C Expansion lane 1A,NQ primary; ES parallel only when ES test tabs are active,V3_Expansion_Rider_V3C,RegimeMatrixHUD_V3C on NQ leader chart; ES leader chart when ES tests are active; DataFolderPath=C:\Users\Valued Customer\NT8_Regimes\V3C,LiveDataExporter NQ/ES; ValueAreaExporter NQ/ES; OrderFlowSetupScanner NQ/ES; HUDMessenger/HUDMessengerV1B compiled,NQ_1min_export.txt; ES_1min_export.txt; ValueArea_NQ.csv; ValueArea_ES.csv; Active\Footprint_Export.csv,V3C_START.bat; Start_V3C_ModelFeed_Watchdog.bat; Start_RegimeMatrixSupervisor.bat,V3C\NQ_Regimes_V3C_Latest.csv; V3C\ES_Regimes_V3C_Latest.csv; V3C\TradeLog; UNIFIED\AllModels_TradeLog_YYYYMMDD.csv after EOD,Use V3C strategy/export logging only; confirm model_version=V3C/Anchored_HMM_V3C and never V3D for these accounts,V3C watchdog and supervisor open; HUD fresh; strategy can see InstancesV3C; account/template matches registry row,Confirm V3C trade rows are stamped V3C and included in unified export under the correct account,V3C rows must stay V3C-stamped in unified logs; do not reuse a V3D logger/template.
V3C,Top left,2,Expansion B 60,RTH,Uni 60-120-180,V3_Expansion_Rider_V3C,SimV3C-NQ-1B,,,NQ Clean 60-120-180,V3C Expansion lane 1B,NQ primary; ES parallel only when ES test tabs are active,V3_Expansion_Rider_V3C,RegimeMatrixHUD_V3C on NQ leader chart; ES leader chart when ES tests are active; DataFolderPath=C:\Users\Valued Customer\NT8_Regimes\V3C,LiveDataExporter NQ/ES; ValueAreaExporter NQ/ES; OrderFlowSetupScanner NQ/ES; HUDMessenger/HUDMessengerV1B compiled,NQ_1min_export.txt; ES_1min_export.txt; ValueArea_NQ.csv; ValueArea_ES.csv; Active\Footprint_Export.csv,V3C_START.bat; Start_V3C_ModelFeed_Watchdog.bat; Start_RegimeMatrixSupervisor.bat,V3C\NQ_Regimes_V3C_Latest.csv; V3C\ES_Regimes_V3C_Latest.csv; V3C\TradeLog; UNIFIED\AllModels_TradeLog_YYYYMMDD.csv after EOD,Use V3C strategy/export logging only; confirm model_version=V3C/Anchored_HMM_V3C and never V3D for these accounts,V3C watchdog and supervisor open; HUD fresh; strategy can see InstancesV3C; account/template matches registry row,Confirm V3C trade rows are stamped V3C and included in unified export under the correct account,V3C rows must stay V3C-stamped in unified logs; do not reuse a V3D logger/template.
V3C,Top Middle,1,Compression Sniper A,RTH,Uni 20-40-60,NQ VC3-A Compression Fast,SimV3C-NQ-2A,,,NQ VC3-A Compression Fast 20-40-60,V3C Compression/Sniper lane 2A,NQ primary; ES parallel only when ES test tabs are active,V3_Compression_Sniper_V3C,RegimeMatrixHUD_V3C on NQ leader chart; ES leader chart when ES tests are active; DataFolderPath=C:\Users\Valued Customer\NT8_Regimes\V3C,LiveDataExporter NQ/ES; ValueAreaExporter NQ/ES; OrderFlowSetupScanner NQ/ES; HUDMessenger/HUDMessengerV1B compiled,NQ_1min_export.txt; ES_1min_export.txt; ValueArea_NQ.csv; ValueArea_ES.csv; Active\Footprint_Export.csv,V3C_START.bat; Start_V3C_ModelFeed_Watchdog.bat; Start_RegimeMatrixSupervisor.bat,V3C\NQ_Regimes_V3C_Latest.csv; V3C\ES_Regimes_V3C_Latest.csv; V3C\TradeLog; UNIFIED\AllModels_TradeLog_YYYYMMDD.csv after EOD,Use V3C strategy/export logging only; confirm model_version=V3C/Anchored_HMM_V3C and never V3D for these accounts,V3C watchdog and supervisor open; HUD fresh; strategy can see InstancesV3C; account/template matches registry row,Confirm V3C trade rows are stamped V3C and included in unified export under the correct account,V3C rows must stay V3C-stamped in unified logs; do not reuse a V3D logger/template.
V3C,Top Middle,2,Compression Sniper B,RTH,Uni 16-32-48,NQ V3C Compression Clean B,SimV3C-NQ-2B,,,NQ V3C Compression Clean B 16-32-48,V3C Compression/Sniper lane 2B,NQ primary; ES parallel only when ES test tabs are active,V3_Compression_Sniper_V3C,RegimeMatrixHUD_V3C on NQ leader chart; ES leader chart when ES tests are active; DataFolderPath=C:\Users\Valued Customer\NT8_Regimes\V3C,LiveDataExporter NQ/ES; ValueAreaExporter NQ/ES; OrderFlowSetupScanner NQ/ES; HUDMessenger/HUDMessengerV1B compiled,NQ_1min_export.txt; ES_1min_export.txt; ValueArea_NQ.csv; ValueArea_ES.csv; Active\Footprint_Export.csv,V3C_START.bat; Start_V3C_ModelFeed_Watchdog.bat; Start_RegimeMatrixSupervisor.bat,V3C\NQ_Regimes_V3C_Latest.csv; V3C\ES_Regimes_V3C_Latest.csv; V3C\TradeLog; UNIFIED\AllModels_TradeLog_YYYYMMDD.csv after EOD,Use V3C strategy/export logging only; confirm model_version=V3C/Anchored_HMM_V3C and never V3D for these accounts,V3C watchdog and supervisor open; HUD fresh; strategy can see InstancesV3C; account/template matches registry row,Confirm V3C trade rows are stamped V3C and included in unified export under the correct account,V3C rows must stay V3C-stamped in unified logs; do not reuse a V3D logger/template.
V3C,Top Middle,3,Compression Sniper C 20-40-60,RTH,Uni 20-40-60,V3_Compression_Sniper_V3C,SimV3C-NQ-2C,,,NQ VC3-A Compression Fast 20-40-60,V3C Compression/Sniper lane 2C,NQ primary; ES parallel only when ES test tabs are active,V3_Compression_Sniper_V3C,RegimeMatrixHUD_V3C on NQ leader chart; ES leader chart when ES tests are active; DataFolderPath=C:\Users\Valued Customer\NT8_Regimes\V3C,LiveDataExporter NQ/ES; ValueAreaExporter NQ/ES; OrderFlowSetupScanner NQ/ES; HUDMessenger/HUDMessengerV1B compiled,NQ_1min_export.txt; ES_1min_export.txt; ValueArea_NQ.csv; ValueArea_ES.csv; Active\Footprint_Export.csv,V3C_START.bat; Start_V3C_ModelFeed_Watchdog.bat; Start_RegimeMatrixSupervisor.bat,V3C\NQ_Regimes_V3C_Latest.csv; V3C\ES_Regimes_V3C_Latest.csv; V3C\TradeLog; UNIFIED\AllModels_TradeLog_YYYYMMDD.csv after EOD,Use V3C strategy/export logging only; confirm model_version=V3C/Anchored_HMM_V3C and never V3D for these accounts,V3C watchdog and supervisor open; HUD fresh; strategy can see InstancesV3C; account/template matches registry row,Confirm V3C trade rows are stamped V3C and included in unified export under the correct account,V3C rows must stay V3C-stamped in unified logs; do not reuse a V3D logger/template.
V3C,Top Right,1,Value Fader A,RTH,5 min candle,V3_Value_Fader,SimV3C-NQ-3A,,,Value Fader A 5m,V3C Value Fader lane 3A,NQ primary; ES parallel only when ES test tabs are active,V3_Value_Fader or V3_Value_Fader_V3C per template,RegimeMatrixHUD_V3C on NQ leader chart; ES leader chart when ES tests are active; DataFolderPath=C:\Users\Valued Customer\NT8_Regimes\V3C,LiveDataExporter NQ/ES; ValueAreaExporter NQ/ES; OrderFlowSetupScanner NQ/ES; HUDMessenger/HUDMessengerV1B compiled,NQ_1min_export.txt; ES_1min_export.txt; ValueArea_NQ.csv; ValueArea_ES.csv; Active\Footprint_Export.csv,V3C_START.bat; Start_V3C_ModelFeed_Watchdog.bat; Start_RegimeMatrixSupervisor.bat,V3C\NQ_Regimes_V3C_Latest.csv; V3C\ES_Regimes_V3C_Latest.csv; V3C\TradeLog; UNIFIED\AllModels_TradeLog_YYYYMMDD.csv after EOD,Use V3C strategy/export logging only; confirm model_version=V3C/Anchored_HMM_V3C and never V3D for these accounts,V3C watchdog and supervisor open; HUD fresh; strategy can see InstancesV3C; account/template matches registry row,Confirm V3C trade rows are stamped V3C and included in unified export under the correct account,V3C rows must stay V3C-stamped in unified logs; do not reuse a V3D logger/template.
V3C,Top Right,2,Value Fader B,RTH,3 min candle,V3_Value_Fader_V3C 3m,SimV3C-NQ-3B,,,Value Fader B 3m,V3C Value Fader lane 3B,NQ primary; ES parallel only when ES test tabs are active,V3_Value_Fader_V3C,RegimeMatrixHUD_V3C on NQ leader chart; ES leader chart when ES tests are active; DataFolderPath=C:\Users\Valued Customer\NT8_Regimes\V3C,LiveDataExporter NQ/ES; ValueAreaExporter NQ/ES; OrderFlowSetupScanner NQ/ES; HUDMessenger/HUDMessengerV1B compiled,NQ_1min_export.txt; ES_1min_export.txt; ValueArea_NQ.csv; ValueArea_ES.csv; Active\Footprint_Export.csv,V3C_START.bat; Start_V3C_ModelFeed_Watchdog.bat; Start_RegimeMatrixSupervisor.bat,V3C\NQ_Regimes_V3C_Latest.csv; V3C\ES_Regimes_V3C_Latest.csv; V3C\TradeLog; UNIFIED\AllModels_TradeLog_YYYYMMDD.csv after EOD,Use V3C strategy/export logging only; confirm model_version=V3C/Anchored_HMM_V3C and never V3D for these accounts,V3C watchdog and supervisor open; HUD fresh; strategy can see InstancesV3C; account/template matches registry row,Confirm V3C trade rows are stamped V3C and included in unified export under the correct account,V3C rows must stay V3C-stamped in unified logs; do not reuse a V3D logger/template.
V3C,Bottom Left,1,Momentum Slope A,RTH,5 min candle,Momo_V3C,SimV3C-NQ-4A,,,Momo 5M Hysteresis,V3C Momentum lane 4A,NQ primary; ES parallel only when ES test tabs are active,Momo_V3C,RegimeMatrixHUD_V3C on NQ leader chart; ES leader chart when ES tests are active; DataFolderPath=C:\Users\Valued Customer\NT8_Regimes\V3C,LiveDataExporter NQ/ES; ValueAreaExporter NQ/ES; OrderFlowSetupScanner NQ/ES; HUDMessenger/HUDMessengerV1B compiled,NQ_1min_export.txt; ES_1min_export.txt; ValueArea_NQ.csv; ValueArea_ES.csv; Active\Footprint_Export.csv,V3C_START.bat; Start_V3C_ModelFeed_Watchdog.bat; Start_RegimeMatrixSupervisor.bat,V3C\NQ_Regimes_V3C_Latest.csv; V3C\ES_Regimes_V3C_Latest.csv; V3C\TradeLog; UNIFIED\AllModels_TradeLog_YYYYMMDD.csv after EOD,Use V3C strategy/export logging only; confirm model_version=V3C/Anchored_HMM_V3C and never V3D for these accounts,V3C watchdog and supervisor open; HUD fresh; strategy can see InstancesV3C; account/template matches registry row,Confirm V3C trade rows are stamped V3C and included in unified export under the correct account,V3C rows must stay V3C-stamped in unified logs; do not reuse a V3D logger/template.
V3C,Bottom Left,2,Momentum Slope B,RTH,5 min candle,Momo_V3C,SimV3C-NQ-4B,,,Momo 5m Simple,V3C Momentum lane 4B,NQ primary; ES parallel only when ES test tabs are active,Momo_V3C,RegimeMatrixHUD_V3C on NQ leader chart; ES leader chart when ES tests are active; DataFolderPath=C:\Users\Valued Customer\NT8_Regimes\V3C,LiveDataExporter NQ/ES; ValueAreaExporter NQ/ES; OrderFlowSetupScanner NQ/ES; HUDMessenger/HUDMessengerV1B compiled,NQ_1min_export.txt; ES_1min_export.txt; ValueArea_NQ.csv; ValueArea_ES.csv; Active\Footprint_Export.csv,V3C_START.bat; Start_V3C_ModelFeed_Watchdog.bat; Start_RegimeMatrixSupervisor.bat,V3C\NQ_Regimes_V3C_Latest.csv; V3C\ES_Regimes_V3C_Latest.csv; V3C\TradeLog; UNIFIED\AllModels_TradeLog_YYYYMMDD.csv after EOD,Use V3C strategy/export logging only; confirm model_version=V3C/Anchored_HMM_V3C and never V3D for these accounts,V3C watchdog and supervisor open; HUD fresh; strategy can see InstancesV3C; account/template matches registry row,Confirm V3C trade rows are stamped V3C and included in unified export under the correct account,V3C rows must stay V3C-stamped in unified logs; do not reuse a V3D logger/template.
V3C,Bottom Middle,1,Momo 1mHA OG,RTH,1 min Heiken Ashi,MomentumSlopeStrategy v1.2,SimMomo1,,,--- Momentum OG 1m HEIKEN ASHI,V3C Momentum lane SimMomo1,NQ primary; ES parallel only when ES test tabs are active,MomentumSlopeStrategy,RegimeMatrixHUD_V3C on NQ leader chart; ES leader chart when ES tests are active; DataFolderPath=C:\Users\Valued Customer\NT8_Regimes\V3C,LiveDataExporter NQ/ES; ValueAreaExporter NQ/ES; OrderFlowSetupScanner NQ/ES; HUDMessenger/HUDMessengerV1B compiled,NQ_1min_export.txt; ES_1min_export.txt; ValueArea_NQ.csv; ValueArea_ES.csv; Active\Footprint_Export.csv,V3C_START.bat; Start_V3C_ModelFeed_Watchdog.bat; Start_RegimeMatrixSupervisor.bat,V3C\NQ_Regimes_V3C_Latest.csv; V3C\ES_Regimes_V3C_Latest.csv; V3C\TradeLog; UNIFIED\AllModels_TradeLog_YYYYMMDD.csv after EOD,Use V3C strategy/export logging only; confirm model_version=V3C/Anchored_HMM_V3C and never V3D for these accounts,V3C watchdog and supervisor open; HUD fresh; strategy can see InstancesV3C; account/template matches registry row,Confirm V3C trade rows are stamped V3C and included in unified export under the correct account,V3C rows must stay V3C-stamped in unified logs; do not reuse a V3D logger/template.
V3C,Bottom Middle,2,Momo 5mHA OG,RTH,5 min Heiken Ashi,MomentumSlopeStrategy v1.3,SimMomo2,,,NQ.5m.Momov1.2.RTHV1001,V3C Momentum lane SimMomo2,NQ primary; ES parallel only when ES test tabs are active,MomentumSlopeStrategy,RegimeMatrixHUD_V3C on NQ leader chart; ES leader chart when ES tests are active; DataFolderPath=C:\Users\Valued Customer\NT8_Regimes\V3C,LiveDataExporter NQ/ES; ValueAreaExporter NQ/ES; OrderFlowSetupScanner NQ/ES; HUDMessenger/HUDMessengerV1B compiled,NQ_1min_export.txt; ES_1min_export.txt; ValueArea_NQ.csv; ValueArea_ES.csv; Active\Footprint_Export.csv,V3C_START.bat; Start_V3C_ModelFeed_Watchdog.bat; Start_RegimeMatrixSupervisor.bat,V3C\NQ_Regimes_V3C_Latest.csv; V3C\ES_Regimes_V3C_Latest.csv; V3C\TradeLog; UNIFIED\AllModels_TradeLog_YYYYMMDD.csv after EOD,Use V3C strategy/export logging only; confirm model_version=V3C/Anchored_HMM_V3C and never V3D for these accounts,V3C watchdog and supervisor open; HUD fresh; strategy can see InstancesV3C; account/template matches registry row,Confirm V3C trade rows are stamped V3C and included in unified export under the correct account,V3C rows must stay V3C-stamped in unified logs; do not reuse a V3D logger/template.
V3C,Bottom Right,1,ADX 5m Trinity OFF,RTH,5 min candle,ADX_DI_V3C,SimV3C-NQ-5A,,,NQ.ADX.DI.5m.V3C - 5A,V3C ADX lane 5A,NQ primary; ES parallel only when ES test tabs are active,ADX_DI_V3C,RegimeMatrixHUD_V3C on NQ leader chart; ES leader chart when ES tests are active; DataFolderPath=C:\Users\Valued Customer\NT8_Regimes\V3C,LiveDataExporter NQ/ES; ValueAreaExporter NQ/ES; OrderFlowSetupScanner NQ/ES; HUDMessenger/HUDMessengerV1B compiled,NQ_1min_export.txt; ES_1min_export.txt; ValueArea_NQ.csv; ValueArea_ES.csv; Active\Footprint_Export.csv,V3C_START.bat; Start_V3C_ModelFeed_Watchdog.bat; Start_RegimeMatrixSupervisor.bat,V3C\NQ_Regimes_V3C_Latest.csv; V3C\ES_Regimes_V3C_Latest.csv; V3C\TradeLog; UNIFIED\AllModels_TradeLog_YYYYMMDD.csv after EOD,Use V3C strategy/export logging only; confirm model_version=V3C/Anchored_HMM_V3C and never V3D for these accounts,V3C watchdog and supervisor open; HUD fresh; strategy can see InstancesV3C; account/template matches registry row,Confirm V3C trade rows are stamped V3C and included in unified export under the correct account,V3C rows must stay V3C-stamped in unified logs; do not reuse a V3D logger/template.
V3C,Bottom Right,2,ADX 5m Trinity ON,RTH,5 min candle,ADX_DI_V3C,SimV3C-NQ-5B,,,NQ.ADX.DI.5m.V3C - 5B Trinitiy ON,V3C ADX lane 5B,NQ primary; ES parallel only when ES test tabs are active,ADX_DI_V3C,RegimeMatrixHUD_V3C on NQ leader chart; ES leader chart when ES tests are active; DataFolderPath=C:\Users\Valued Customer\NT8_Regimes\V3C,LiveDataExporter NQ/ES; ValueAreaExporter NQ/ES; OrderFlowSetupScanner NQ/ES; HUDMessenger/HUDMessengerV1B compiled,NQ_1min_export.txt; ES_1min_export.txt; ValueArea_NQ.csv; ValueArea_ES.csv; Active\Footprint_Export.csv,V3C_START.bat; Start_V3C_ModelFeed_Watchdog.bat; Start_RegimeMatrixSupervisor.bat,V3C\NQ_Regimes_V3C_Latest.csv; V3C\ES_Regimes_V3C_Latest.csv; V3C\TradeLog; UNIFIED\AllModels_TradeLog_YYYYMMDD.csv after EOD,Use V3C strategy/export logging only; confirm model_version=V3C/Anchored_HMM_V3C and never V3D for these accounts,V3C watchdog and supervisor open; HUD fresh; strategy can see InstancesV3C; account/template matches registry row,Confirm V3C trade rows are stamped V3C and included in unified export under the correct account,V3C rows must stay V3C-stamped in unified logs; do not reuse a V3D logger/template.
V3D,Top 1,,Expansion A,RTH,Uni 40-80-120,Expansion_V3D,SimV3D-NQ-1A,,,Expansion_V3D,V3D Expansion lane 1A,NQ primary; ES parallel only when ES test tabs are active,Expansion_V3D,RegimeMatrixHUD_V3D on NQ leader chart; ES leader chart when ES tests are active; DataFolderPath=C:\Users\Valued Customer\NT8_Regimes\V3D,LiveDataExporter NQ/ES; ValueAreaExporter NQ/ES; OrderFlowSetupScanner NQ/ES; HUDMessenger/HUDMessengerV1B compiled,NQ_1min_export.txt; ES_1min_export.txt; ValueArea_NQ.csv; ValueArea_ES.csv; Active\Footprint_Export.csv,V3D_START.bat; Start_V3D_StageA_Macro.bat; Start_V3D_StageB_HMM.bat; Start_V3D_StageC_Supervisor.bat,V3D\NQ_RegimeMatrix_Latest.csv; V3D\ES_RegimeMatrix_Latest.csv; V3D\TradeLog; UNIFIED\AllModels_TradeLog_YYYYMMDD.csv after EOD,Use V3D embedded strategy trade log or TradeLogExporter_V3D; model_version must be V3D; account must match SimV3D row,Stage A/B/C open; HUD fresh; strategy can see InstancesV3D; Transition is blocked for directional lanes; account/template matches registry row,Confirm V3D trade rows are stamped V3D only for V3D accounts and included in unified export,V3D directional lanes must not trade on HMM=Transition after the Phase 1 gate repair.
V3D,Bottom 1,,Expansion B,RTH,Uni 60-120-180,Expansion_V3D_B,SimV3D-NQ-1B,,,Expansion_V3D_B,V3D Expansion lane 1B,NQ primary; ES parallel only when ES test tabs are active,Expansion_V3D_B,RegimeMatrixHUD_V3D on NQ leader chart; ES leader chart when ES tests are active; DataFolderPath=C:\Users\Valued Customer\NT8_Regimes\V3D,LiveDataExporter NQ/ES; ValueAreaExporter NQ/ES; OrderFlowSetupScanner NQ/ES; HUDMessenger/HUDMessengerV1B compiled,NQ_1min_export.txt; ES_1min_export.txt; ValueArea_NQ.csv; ValueArea_ES.csv; Active\Footprint_Export.csv,V3D_START.bat; Start_V3D_StageA_Macro.bat; Start_V3D_StageB_HMM.bat; Start_V3D_StageC_Supervisor.bat,V3D\NQ_RegimeMatrix_Latest.csv; V3D\ES_RegimeMatrix_Latest.csv; V3D\TradeLog; UNIFIED\AllModels_TradeLog_YYYYMMDD.csv after EOD,Use V3D embedded strategy trade log or TradeLogExporter_V3D; model_version must be V3D; account must match SimV3D row,Stage A/B/C open; HUD fresh; strategy can see InstancesV3D; Transition is blocked for directional lanes; account/template matches registry row,Confirm V3D trade rows are stamped V3D only for V3D accounts and included in unified export,V3D directional lanes must not trade on HMM=Transition after the Phase 1 gate repair.
V3D,Top 2,,Momentum A,RTH,1 min candle,Momentum_V3D,SimV3D-NQ-2A,,,Momentum_V3D,V3D Momentum lane 2A,NQ primary; ES parallel only when ES test tabs are active,Momentum_V3D,RegimeMatrixHUD_V3D on NQ leader chart; ES leader chart when ES tests are active; DataFolderPath=C:\Users\Valued Customer\NT8_Regimes\V3D,LiveDataExporter NQ/ES; ValueAreaExporter NQ/ES; OrderFlowSetupScanner NQ/ES; HUDMessenger/HUDMessengerV1B compiled,NQ_1min_export.txt; ES_1min_export.txt; ValueArea_NQ.csv; ValueArea_ES.csv; Active\Footprint_Export.csv,V3D_START.bat; Start_V3D_StageA_Macro.bat; Start_V3D_StageB_HMM.bat; Start_V3D_StageC_Supervisor.bat,V3D\NQ_RegimeMatrix_Latest.csv; V3D\ES_RegimeMatrix_Latest.csv; V3D\TradeLog; UNIFIED\AllModels_TradeLog_YYYYMMDD.csv after EOD,Use V3D embedded strategy trade log or TradeLogExporter_V3D; model_version must be V3D; account must match SimV3D row,Stage A/B/C open; HUD fresh; strategy can see InstancesV3D; Transition is blocked for directional lanes; account/template matches registry row,Confirm V3D trade rows are stamped V3D only for V3D accounts and included in unified export,V3D directional lanes must not trade on HMM=Transition after the Phase 1 gate repair.
V3D,Bottom 2,,Momentum B,RTH,3 min candle,Momentum_V3D_B,SimV3D-NQ-2B,,,Momentum_V3D_B,V3D Momentum lane 2B,NQ primary; ES parallel only when ES test tabs are active,Momentum_V3D_B,RegimeMatrixHUD_V3D on NQ leader chart; ES leader chart when ES tests are active; DataFolderPath=C:\Users\Valued Customer\NT8_Regimes\V3D,LiveDataExporter NQ/ES; ValueAreaExporter NQ/ES; OrderFlowSetupScanner NQ/ES; HUDMessenger/HUDMessengerV1B compiled,NQ_1min_export.txt; ES_1min_export.txt; ValueArea_NQ.csv; ValueArea_ES.csv; Active\Footprint_Export.csv,V3D_START.bat; Start_V3D_StageA_Macro.bat; Start_V3D_StageB_HMM.bat; Start_V3D_StageC_Supervisor.bat,V3D\NQ_RegimeMatrix_Latest.csv; V3D\ES_RegimeMatrix_Latest.csv; V3D\TradeLog; UNIFIED\AllModels_TradeLog_YYYYMMDD.csv after EOD,Use V3D embedded strategy trade log or TradeLogExporter_V3D; model_version must be V3D; account must match SimV3D row,Stage A/B/C open; HUD fresh; strategy can see InstancesV3D; Transition is blocked for directional lanes; account/template matches registry row,Confirm V3D trade rows are stamped V3D only for V3D accounts and included in unified export,V3D directional lanes must not trade on HMM=Transition after the Phase 1 gate repair.
V3D,Top 3,,Fader A,RTH,1 min candle,Fader_V3D,SimV3D-NQ-3A,,,Fader_V3D A,V3D Fader lane 3A,NQ primary; ES parallel only when ES test tabs are active,Fader_V3D,RegimeMatrixHUD_V3D on NQ leader chart; ES leader chart when ES tests are active; DataFolderPath=C:\Users\Valued Customer\NT8_Regimes\V3D,LiveDataExporter NQ/ES; ValueAreaExporter NQ/ES; OrderFlowSetupScanner NQ/ES; HUDMessenger/HUDMessengerV1B compiled,NQ_1min_export.txt; ES_1min_export.txt; ValueArea_NQ.csv; ValueArea_ES.csv; Active\Footprint_Export.csv,V3D_START.bat; Start_V3D_StageA_Macro.bat; Start_V3D_StageB_HMM.bat; Start_V3D_StageC_Supervisor.bat,V3D\NQ_RegimeMatrix_Latest.csv; V3D\ES_RegimeMatrix_Latest.csv; V3D\TradeLog; UNIFIED\AllModels_TradeLog_YYYYMMDD.csv after EOD,Use V3D embedded strategy trade log or TradeLogExporter_V3D; model_version must be V3D; account must match SimV3D row,Stage A/B/C open; HUD fresh; strategy can see InstancesV3D; Transition is blocked for directional lanes; account/template matches registry row,Confirm V3D trade rows are stamped V3D only for V3D accounts and included in unified export,V3D directional lanes must not trade on HMM=Transition after the Phase 1 gate repair.
V3D,Bottom 3,,Fader B,RTH,5 min candle,Fader_V3D_B,SimV3D-NQ-3B,,,Fader_V3D_B,V3D Fader lane 3B,NQ primary; ES parallel only when ES test tabs are active,Fader_V3D_B,RegimeMatrixHUD_V3D on NQ leader chart; ES leader chart when ES tests are active; DataFolderPath=C:\Users\Valued Customer\NT8_Regimes\V3D,LiveDataExporter NQ/ES; ValueAreaExporter NQ/ES; OrderFlowSetupScanner NQ/ES; HUDMessenger/HUDMessengerV1B compiled,NQ_1min_export.txt; ES_1min_export.txt; ValueArea_NQ.csv; ValueArea_ES.csv; Active\Footprint_Export.csv,V3D_START.bat; Start_V3D_StageA_Macro.bat; Start_V3D_StageB_HMM.bat; Start_V3D_StageC_Supervisor.bat,V3D\NQ_RegimeMatrix_Latest.csv; V3D\ES_RegimeMatrix_Latest.csv; V3D\TradeLog; UNIFIED\AllModels_TradeLog_YYYYMMDD.csv after EOD,Use V3D embedded strategy trade log or TradeLogExporter_V3D; model_version must be V3D; account must match SimV3D row,Stage A/B/C open; HUD fresh; strategy can see InstancesV3D; Transition is blocked for directional lanes; account/template matches registry row,Confirm V3D trade rows are stamped V3D only for V3D accounts and included in unified export,V3D directional lanes must not trade on HMM=Transition after the Phase 1 gate repair.
V3D,Top 4,,Sniper Pullbacks A,RTH,3 min candle,Sniper_V3D,SimV3D-NQ-4A,,,Sniper_V3D 3m,V3D Sniper lane 4A,NQ primary; ES parallel only when ES test tabs are active,Sniper_V3D,RegimeMatrixHUD_V3D on NQ leader chart; ES leader chart when ES tests are active; DataFolderPath=C:\Users\Valued Customer\NT8_Regimes\V3D,LiveDataExporter NQ/ES; ValueAreaExporter NQ/ES; OrderFlowSetupScanner NQ/ES; HUDMessenger/HUDMessengerV1B compiled,NQ_1min_export.txt; ES_1min_export.txt; ValueArea_NQ.csv; ValueArea_ES.csv; Active\Footprint_Export.csv,V3D_START.bat; Start_V3D_StageA_Macro.bat; Start_V3D_StageB_HMM.bat; Start_V3D_StageC_Supervisor.bat,V3D\NQ_RegimeMatrix_Latest.csv; V3D\ES_RegimeMatrix_Latest.csv; V3D\TradeLog; UNIFIED\AllModels_TradeLog_YYYYMMDD.csv after EOD,Use V3D embedded strategy trade log or TradeLogExporter_V3D; model_version must be V3D; account must match SimV3D row,Stage A/B/C open; HUD fresh; strategy can see InstancesV3D; Transition is blocked for directional lanes; account/template matches registry row,Confirm V3D trade rows are stamped V3D only for V3D accounts and included in unified export,V3D directional lanes must not trade on HMM=Transition after the Phase 1 gate repair.
V3D,Bottom 4,,Sniper Pullbacks B,RTH,3 min candle,Sniper_V3D_B,SimV3D-NQ-4B,,,Sniper_V3D_B,V3D Sniper lane 4B,NQ primary; ES parallel only when ES test tabs are active,Sniper_V3D_B,RegimeMatrixHUD_V3D on NQ leader chart; ES leader chart when ES tests are active; DataFolderPath=C:\Users\Valued Customer\NT8_Regimes\V3D,LiveDataExporter NQ/ES; ValueAreaExporter NQ/ES; OrderFlowSetupScanner NQ/ES; HUDMessenger/HUDMessengerV1B compiled,NQ_1min_export.txt; ES_1min_export.txt; ValueArea_NQ.csv; ValueArea_ES.csv; Active\Footprint_Export.csv,V3D_START.bat; Start_V3D_StageA_Macro.bat; Start_V3D_StageB_HMM.bat; Start_V3D_StageC_Supervisor.bat,V3D\NQ_RegimeMatrix_Latest.csv; V3D\ES_RegimeMatrix_Latest.csv; V3D\TradeLog; UNIFIED\AllModels_TradeLog_YYYYMMDD.csv after EOD,Use V3D embedded strategy trade log or TradeLogExporter_V3D; model_version must be V3D; account must match SimV3D row,Stage A/B/C open; HUD fresh; strategy can see InstancesV3D; Transition is blocked for directional lanes; account/template matches registry row,Confirm V3D trade rows are stamped V3D only for V3D accounts and included in unified export,V3D directional lanes must not trade on HMM=Transition after the Phase 1 gate repair.
V3D,Top 5,,ADX DI A,ETH,3 min candle,ADX_DI_V3D,SimV3D-NQ-5A,,,ADX_DI_V3D,V3D ADX lane 5A,NQ primary; ES parallel only when ES test tabs are active,ADX_DI_V3D / ADXDIV3DB for B template,RegimeMatrixHUD_V3D on NQ leader chart; ES leader chart when ES tests are active; DataFolderPath=C:\Users\Valued Customer\NT8_Regimes\V3D,LiveDataExporter NQ/ES; ValueAreaExporter NQ/ES; OrderFlowSetupScanner NQ/ES; HUDMessenger/HUDMessengerV1B compiled,NQ_1min_export.txt; ES_1min_export.txt; ValueArea_NQ.csv; ValueArea_ES.csv; Active\Footprint_Export.csv,V3D_START.bat; Start_V3D_StageA_Macro.bat; Start_V3D_StageB_HMM.bat; Start_V3D_StageC_Supervisor.bat,V3D\NQ_RegimeMatrix_Latest.csv; V3D\ES_RegimeMatrix_Latest.csv; V3D\TradeLog; UNIFIED\AllModels_TradeLog_YYYYMMDD.csv after EOD,Use V3D embedded strategy trade log or TradeLogExporter_V3D; model_version must be V3D; account must match SimV3D row,Stage A/B/C open; HUD fresh; strategy can see InstancesV3D; Transition is blocked for directional lanes; account/template matches registry row,Confirm V3D trade rows are stamped V3D only for V3D accounts and included in unified export,V3D directional lanes must not trade on HMM=Transition after the Phase 1 gate repair.
V3D,Bottom 5,,ADX DI B,ETH,Uni 30-60-90,ADX_DI_V3D,SimV3D-NQ-5B,,,ADX_DI_V3D Uni,V3D ADX lane 5B,NQ primary; ES parallel only when ES test tabs are active,ADX_DI_V3D / ADXDIV3DB for B template,RegimeMatrixHUD_V3D on NQ leader chart; ES leader chart when ES tests are active; DataFolderPath=C:\Users\Valued Customer\NT8_Regimes\V3D,LiveDataExporter NQ/ES; ValueAreaExporter NQ/ES; OrderFlowSetupScanner NQ/ES; HUDMessenger/HUDMessengerV1B compiled,NQ_1min_export.txt; ES_1min_export.txt; ValueArea_NQ.csv; ValueArea_ES.csv; Active\Footprint_Export.csv,V3D_START.bat; Start_V3D_StageA_Macro.bat; Start_V3D_StageB_HMM.bat; Start_V3D_StageC_Supervisor.bat,V3D\NQ_RegimeMatrix_Latest.csv; V3D\ES_RegimeMatrix_Latest.csv; V3D\TradeLog; UNIFIED\AllModels_TradeLog_YYYYMMDD.csv after EOD,Use V3D embedded strategy trade log or TradeLogExporter_V3D; model_version must be V3D; account must match SimV3D row,Stage A/B/C open; HUD fresh; strategy can see InstancesV3D; Transition is blocked for directional lanes; account/template matches registry row,Confirm V3D trade rows are stamped V3D only for V3D accounts and included in unified export,V3D directional lanes must not trade on HMM=Transition after the Phase 1 gate repair.
V3D,Bottom 6,,ADX DI C,ETH,3 min candle,ADX_DI_V3D_C,SimV3D-NQ-5C,,,ADX_DI_V3D_C,V3D ADX lane 5C,NQ primary; ES parallel only when ES test tabs are active,ADX_DI_V3D_C,RegimeMatrixHUD_V3D on NQ leader chart; ES leader chart when ES tests are active; DataFolderPath=C:\Users\Valued Customer\NT8_Regimes\V3D,LiveDataExporter NQ/ES; ValueAreaExporter NQ/ES; OrderFlowSetupScanner NQ/ES; HUDMessenger/HUDMessengerV1B compiled,NQ_1min_export.txt; ES_1min_export.txt; ValueArea_NQ.csv; ValueArea_ES.csv; Active\Footprint_Export.csv,V3D_START.bat; Start_V3D_StageA_Macro.bat; Start_V3D_StageB_HMM.bat; Start_V3D_StageC_Supervisor.bat,V3D\NQ_RegimeMatrix_Latest.csv; V3D\ES_RegimeMatrix_Latest.csv; V3D\TradeLog; UNIFIED\AllModels_TradeLog_YYYYMMDD.csv after EOD,Use V3D embedded strategy trade log or TradeLogExporter_V3D; model_version must be V3D; account must match SimV3D row,Stage A/B/C open; HUD fresh; strategy can see InstancesV3D; Transition is blocked for directional lanes; account/template matches registry row,Confirm V3D trade rows are stamped V3D only for V3D accounts and included in unified export,V3D directional lanes must not trade on HMM=Transition after the Phase 1 gate repair.
