trade_date,entry_time,exit_time,model_version,account,strategy_name,bot_name,exported_strategy_name,exported_bot_name,registry_strategy_name,registry_bot_name,registry_tab_name,registry_chart_location,ab_mode,symbol,instrument,direction,contracts,entry_price,exit_price,gross_pnl,net_pnl,ticks,win_loss,exit_reason,initial_stop_price,initial_stop_distance,entry_regime,entry_macro,entry_hmm,entry_phase,entry_confidence,entry_reason_code,broad_agree,v3c_regime_at_entry,trade_duration_min,r_multiple,risk_reward_actual,session_trade_rank,daily_pnl_running,export_timestamp,data_quality_flag
2026-05-05,2026-05-05 09:39:01,2026-05-05 09:39:01,V3D,APEX7678400000190,UNKNOWN,UNMAPPED,,NQ_Sniper_A,UNKNOWN,,,,N/A,ES,ES JUN26,LONG,1,7269.25,7269.25,0.0,0.0,0.0,SCRATCH,AI,,,TREND_COMPRESSION,TREND,TrendDown,OPENING_AUCTION,41,DIRECTIONAL_MODERATE,0,TRANSITION,0.0,,,1,0.0,2026-05-05 17:56:53,UNMAPPED_ACCOUNT;UNMAPPED_BOT
2026-05-05,2026-05-05 10:13:49,2026-05-05 10:13:49,V1A,APEX7678400000190,UNKNOWN,UNMAPPED,,15 Range Momentum V1A,UNKNOWN,,,,N/A,NQ,NQ JUN26,LONG,1,28072.5,28072.5,0.0,0.0,0.0,SCRATCH,AI,,,TREND_COMPRESSION,TREND,TrendUp,FIRST_ACCEPTANCE,49,DIRECTIONAL_MODERATE,1,TREND_COMPRESSION,0.0,,,2,0.0,2026-05-05 17:56:53,UNMAPPED_ACCOUNT;UNMAPPED_BOT;SHARED_EXPORTER_LABEL
2026-05-05,2026-05-05 10:14:11,2026-05-05 10:14:11,V1A,APEX7678400000190,UNKNOWN,UNMAPPED,,15 Range Momentum V1A,UNKNOWN,,,,N/A,NQ,NQ JUN26,LONG,1,28068.0,28068.0,0.0,0.0,0.0,SCRATCH,AI,,,TREND_COMPRESSION,TREND,TrendUp,FIRST_ACCEPTANCE,49,DIRECTIONAL_MODERATE,1,TREND_COMPRESSION,0.0,,,3,0.0,2026-05-05 17:56:53,UNMAPPED_ACCOUNT;UNMAPPED_BOT;SHARED_EXPORTER_LABEL
2026-05-05,2026-05-05 10:14:25,2026-05-05 10:14:25,V1A,APEX7678400000190,UNKNOWN,UNMAPPED,,15 Range Momentum V1A,UNKNOWN,,,,N/A,NQ,NQ JUN26,LONG,1,28056.75,28056.75,0.0,0.0,0.0,SCRATCH,AI,,,TREND_COMPRESSION,TREND,TrendUp,FIRST_ACCEPTANCE,49,DIRECTIONAL_MODERATE,1,TREND_COMPRESSION,0.0,,,4,0.0,2026-05-05 17:56:53,UNMAPPED_ACCOUNT;UNMAPPED_BOT;SHARED_EXPORTER_LABEL
2026-05-05,2026-05-05 10:31:53,2026-05-05 10:32:32,V1A,APEX7678400000190,UNKNOWN,UNMAPPED,,15 Range Momentum V1A,UNKNOWN,,,,N/A,NQ,NQ JUN26,LONG,1,28115.75,28126.25,210.0,210.0,42.0,WIN,SESSION_CLOSE,,,TREND_COMPRESSION,TREND,TrendUp,PRE_IB_MATURATION,44,DIRECTIONAL_MODERATE,0,ROTATION_ILLIQUID,0.65,,,5,210.0,2026-05-05 17:56:53,UNMAPPED_ACCOUNT;UNMAPPED_BOT;SHARED_EXPORTER_LABEL
2026-05-05,2026-05-05 10:41:00,2026-05-05 10:41:00,V1A,APEX7678400000190,UNKNOWN,UNMAPPED,,15 Range Momentum V1A,UNKNOWN,,,,N/A,NQ,NQ JUN26,LONG,2,28093.5,28093.5,0.0,0.0,0.0,SCRATCH,AI,,,TRANSITION,TREND,Balance,POST_IB_MACRO,0,HIGH_CONFLICT,0,TREND_COMPRESSION,0.0,,,6,210.0,2026-05-05 17:56:53,UNMAPPED_ACCOUNT;UNMAPPED_BOT;SHARED_EXPORTER_LABEL
2026-05-05,2026-05-05 10:41:51,2026-05-05 10:42:08,V1A,APEX7678400000190,UNKNOWN,UNMAPPED,,15 Range Momentum V1A,UNKNOWN,,,,N/A,NQ,NQ JUN26,LONG,1,28103.0,28105.0,40.0,40.0,8.0,WIN,STOP_HIT,,,TRANSITION,TREND,Balance,POST_IB_MACRO,0,HIGH_CONFLICT,0,TREND_COMPRESSION,0.28,,,7,250.0,2026-05-05 17:56:53,UNMAPPED_ACCOUNT;UNMAPPED_BOT;SHARED_EXPORTER_LABEL
2026-05-05,2026-05-05 10:42:20,2026-05-05 10:43:12,V1A,APEX7678400000190,UNKNOWN,UNMAPPED,,15 Range Momentum V1A,UNKNOWN,,,,N/A,NQ,NQ JUN26,LONG,1,28103.5,28108.75,105.0,105.0,21.0,WIN,STOP_HIT,,,TRANSITION,TREND,Balance,POST_IB_MACRO,0,HIGH_CONFLICT,0,TREND_COMPRESSION,0.87,,,8,355.0,2026-05-05 17:56:53,UNMAPPED_ACCOUNT;UNMAPPED_BOT;SHARED_EXPORTER_LABEL
2026-05-05,2026-05-05 10:43:12,2026-05-05 10:44:32,V1A,APEX7678400000190,UNKNOWN,UNMAPPED,,15 Range Momentum V1A,UNKNOWN,,,,N/A,NQ,NQ JUN26,LONG,2,28107.75,28097.25,-420.0,-420.0,-42.0,LOSS,UNKNOWN,,,TRANSITION,TREND,Balance,POST_IB_MACRO,0,HIGH_CONFLICT,0,TREND_COMPRESSION,1.33,,,9,-65.0,2026-05-05 17:56:53,UNMAPPED_ACCOUNT;MISSING_EXITREASON;UNMAPPED_BOT;SHARED_EXPORTER_LABEL
2026-05-05,2026-05-05 10:48:02,2026-05-05 10:49:21,V3D,APEX7678400000190,UNKNOWN,UNMAPPED,,NQ_Sniper_A,UNKNOWN,,,,N/A,ES,ES JUN26,LONG,2,7274.25,7277.75,350.0,350.0,14.0,WIN,SESSION_CLOSE,,,ROTATION_LIQUID,ROTATION,Balance,POST_IB_MACRO,80,HMM_BALANCE_ROTATION_CONFIRMED,0,TREND_COMPRESSION,1.32,,,10,285.0,2026-05-05 17:56:53,UNMAPPED_ACCOUNT;UNMAPPED_BOT
2026-05-05,2026-05-05 10:54:05,2026-05-05 10:54:15,V1A,APEX7678400000190,UNKNOWN,UNMAPPED,,15 Range Momentum V1A,UNKNOWN,,,,N/A,NQ,NQ JUN26,LONG,1,28094.0,28096.5,50.0,50.0,10.0,WIN,STOP_HIT,,,TRANSITION,TREND,Transition,POST_IB_MACRO,0,HMM_TRANSITION_TREND_BLOCKED,0,TREND_COMPRESSION,0.17,,,11,335.0,2026-05-05 17:56:53,UNMAPPED_ACCOUNT;UNMAPPED_BOT;SHARED_EXPORTER_LABEL
2026-05-05,2026-05-05 10:54:23,2026-05-05 10:54:25,V1A,APEX7678400000190,UNKNOWN,UNMAPPED,,15 Range Momentum V1A,UNKNOWN,,,,N/A,NQ,NQ JUN26,LONG,1,28094.5,28096.25,35.0,35.0,7.0,WIN,STOP_HIT,,,TRANSITION,TREND,Transition,POST_IB_MACRO,0,HMM_TRANSITION_TREND_BLOCKED,0,TREND_COMPRESSION,0.03,,,12,370.0,2026-05-05 17:56:53,UNMAPPED_ACCOUNT;UNMAPPED_BOT;SHARED_EXPORTER_LABEL
2026-05-05,2026-05-05 10:55:33,2026-05-05 10:55:58,V1A,APEX7678400000190,UNKNOWN,UNMAPPED,,15 Range Momentum V1A,UNKNOWN,,,,N/A,NQ,NQ JUN26,LONG,1,28107.5,28104.25,-65.0,-65.0,-13.0,LOSS,STOP_HIT,,,TRANSITION,TREND,Balance,MID_MORNING_DISCOVERY,0,HIGH_CONFLICT,1,TRANSITION,0.42,,,13,305.0,2026-05-05 17:56:53,UNMAPPED_ACCOUNT;UNMAPPED_BOT;SHARED_EXPORTER_LABEL
2026-05-05,2026-05-05 10:56:06,2026-05-05 11:00:42,V1A,APEX7678400000190,UNKNOWN,UNMAPPED,,15 Range Momentum V1A,UNKNOWN,,,,N/A,NQ,NQ JUN26,LONG,1,28105.5,28090.75,-295.0,-295.0,-59.0,LOSS,STOP_HIT,,,TRANSITION,TREND,Balance,MID_MORNING_DISCOVERY,0,HIGH_CONFLICT,1,TRANSITION,4.6,,,14,10.0,2026-05-05 17:56:53,UNMAPPED_ACCOUNT;UNMAPPED_BOT;SHARED_EXPORTER_LABEL
2026-05-05,2026-05-05 11:04:22,2026-05-05 11:05:32,V1A,APEX7678400000190,UNKNOWN,UNMAPPED,,15 Range Momentum V1A,UNKNOWN,,,,N/A,NQ,NQ JUN26,LONG,1,28112.0,28116.5,90.0,90.0,18.0,WIN,SESSION_CLOSE,,,TRANSITION,TREND,Balance,MID_MORNING_DISCOVERY,0,HIGH_CONFLICT,1,TRANSITION,1.17,,,15,100.0,2026-05-05 17:56:53,UNMAPPED_ACCOUNT;UNMAPPED_BOT;SHARED_EXPORTER_LABEL
2026-05-05,2026-05-05 11:06:47,2026-05-05 11:07:11,V1A,APEX7678400000190,UNKNOWN,UNMAPPED,,15 Range Momentum V1A,UNKNOWN,,,,N/A,NQ,NQ JUN26,LONG,1,28130.0,28117.5,-250.0,-250.0,-50.0,LOSS,STOP_HIT,,,ROTATION_LIQUID,ROTATION,TrendUp,MID_MORNING_DISCOVERY,70,TWO_SIDED_CONFIRMED,0,TREND_COMPRESSION,0.4,,,16,-150.0,2026-05-05 17:56:53,UNMAPPED_ACCOUNT;UNMAPPED_BOT;SHARED_EXPORTER_LABEL
2026-05-05,2026-05-05 11:07:16,2026-05-05 11:07:39,V1A,APEX7678400000190,UNKNOWN,UNMAPPED,,15 Range Momentum V1A,UNKNOWN,,,,N/A,NQ,NQ JUN26,LONG,1,28122.5,28124.5,40.0,40.0,8.0,WIN,SESSION_CLOSE,,,ROTATION_LIQUID,ROTATION,TrendUp,MID_MORNING_DISCOVERY,70,TWO_SIDED_CONFIRMED,0,TREND_COMPRESSION,0.38,,,17,-110.0,2026-05-05 17:56:53,UNMAPPED_ACCOUNT;UNMAPPED_BOT;SHARED_EXPORTER_LABEL
2026-05-05,2026-05-05 11:08:16,2026-05-05 11:10:41,V1A,APEX7678400000190,UNKNOWN,UNMAPPED,,15 Range Momentum V1A,UNKNOWN,,,,N/A,NQ,NQ JUN26,LONG,1,28114.25,28118.5,85.0,85.0,17.0,WIN,SESSION_CLOSE,,,ROTATION_LIQUID,ROTATION,TrendUp,MID_MORNING_DISCOVERY,70,TWO_SIDED_CONFIRMED,0,TREND_COMPRESSION,2.42,,,18,-25.0,2026-05-05 17:56:53,UNMAPPED_ACCOUNT;UNMAPPED_BOT;SHARED_EXPORTER_LABEL
2026-05-05,2026-05-05 11:11:55,2026-05-05 11:12:48,V1A,APEX7678400000190,UNKNOWN,UNMAPPED,,15 Range Momentum V1A,UNKNOWN,,,,N/A,NQ,NQ JUN26,LONG,1,28123.25,28130.25,140.0,140.0,28.0,WIN,SESSION_CLOSE,,,ROTATION_LIQUID,ROTATION,TrendUp,MID_MORNING_DISCOVERY,70,TWO_SIDED_CONFIRMED,0,TREND_COMPRESSION,0.88,,,19,115.0,2026-05-05 17:56:53,UNMAPPED_ACCOUNT;UNMAPPED_BOT;SHARED_EXPORTER_LABEL
2026-05-05,2026-05-05 11:15:10,2026-05-05 11:15:30,V1A,APEX7678400000190,UNKNOWN,UNMAPPED,,15 Range Momentum V1A,UNKNOWN,,,,N/A,NQ,NQ JUN26,LONG,1,28136.0,28137.5,30.0,30.0,6.0,WIN,SESSION_CLOSE,,,ROTATION_LIQUID,ROTATION,TrendUp,MID_MORNING_DISCOVERY,70,TWO_SIDED_CONFIRMED,0,TREND_COMPRESSION,0.33,,,20,145.0,2026-05-05 17:56:53,UNMAPPED_ACCOUNT;UNMAPPED_BOT;SHARED_EXPORTER_LABEL
2026-05-05,2026-05-05 11:15:50,2026-05-05 11:16:29,V1A,APEX7678400000190,UNKNOWN,UNMAPPED,,15 Range Momentum V1A,UNKNOWN,,,,N/A,NQ,NQ JUN26,LONG,1,28132.75,28129.5,-65.0,-65.0,-13.0,LOSS,SESSION_CLOSE,,,ROTATION_LIQUID,ROTATION,TrendUp,MID_MORNING_DISCOVERY,70,TWO_SIDED_CONFIRMED,0,TREND_COMPRESSION,0.65,,,21,80.0,2026-05-05 17:56:53,UNMAPPED_ACCOUNT;UNMAPPED_BOT;SHARED_EXPORTER_LABEL
2026-05-05,2026-05-05 11:18:10,2026-05-05 11:19:49,V1A,APEX7678400000190,UNKNOWN,UNMAPPED,,15 Range Momentum V1A,UNKNOWN,,,,N/A,NQ,NQ JUN26,LONG,1,28125.0,28126.5,30.0,30.0,6.0,WIN,SESSION_CLOSE,,,ROTATION_LIQUID,ROTATION,TrendUp,MID_MORNING_DISCOVERY,70,TWO_SIDED_CONFIRMED,0,TREND_COMPRESSION,1.65,,,22,110.0,2026-05-05 17:56:53,UNMAPPED_ACCOUNT;UNMAPPED_BOT;SHARED_EXPORTER_LABEL
2026-05-05,2026-05-05 11:20:34,2026-05-05 11:21:55,V1A,APEX7678400000190,UNKNOWN,UNMAPPED,,15 Range Momentum V1A,UNKNOWN,,,,N/A,NQ,NQ JUN26,LONG,1,28121.75,28130.75,180.0,180.0,36.0,WIN,SESSION_CLOSE,,,ROTATION_LIQUID,ROTATION,TrendUp,MID_MORNING_DISCOVERY,70,TWO_SIDED_CONFIRMED,0,TREND_COMPRESSION,1.35,,,23,290.0,2026-05-05 17:56:53,UNMAPPED_ACCOUNT;UNMAPPED_BOT;SHARED_EXPORTER_LABEL
2026-05-05,2026-05-05 11:22:10,2026-05-05 11:25:04,V1A,APEX7678400000190,UNKNOWN,UNMAPPED,,15 Range Momentum V1A,UNKNOWN,,,,N/A,NQ,NQ JUN26,LONG,1,28132.0,28121.0,-220.0,-220.0,-44.0,LOSS,STOP_HIT,,,ROTATION_LIQUID,ROTATION,TrendUp,MID_MORNING_DISCOVERY,70,TWO_SIDED_CONFIRMED,0,TREND_COMPRESSION,2.9,,,24,70.0,2026-05-05 17:56:53,UNMAPPED_ACCOUNT;UNMAPPED_BOT;SHARED_EXPORTER_LABEL
2026-05-05,2026-05-05 11:26:00,2026-05-05 11:26:21,V1A,APEX7678400000190,UNKNOWN,UNMAPPED,,15 Range Momentum V1A,UNKNOWN,,,,N/A,NQ,NQ JUN26,LONG,1,28122.5,28128.75,125.0,125.0,25.0,WIN,SESSION_CLOSE,,,ROTATION_LIQUID,ROTATION,TrendUp,MID_MORNING_DISCOVERY,70,TWO_SIDED_CONFIRMED,0,TREND_COMPRESSION,0.35,,,25,195.0,2026-05-05 17:56:53,UNMAPPED_ACCOUNT;UNMAPPED_BOT;SHARED_EXPORTER_LABEL
2026-05-05,2026-05-05 11:26:45,2026-05-05 11:28:10,V1A,APEX7678400000190,UNKNOWN,UNMAPPED,,15 Range Momentum V1A,UNKNOWN,,,,N/A,NQ,NQ JUN26,LONG,1,28132.75,28129.5,-65.0,-65.0,-13.0,LOSS,SESSION_CLOSE,,,ROTATION_LIQUID,ROTATION,TrendUp,MID_MORNING_DISCOVERY,70,TWO_SIDED_CONFIRMED,0,TREND_COMPRESSION,1.42,,,26,130.0,2026-05-05 17:56:53,UNMAPPED_ACCOUNT;UNMAPPED_BOT;SHARED_EXPORTER_LABEL
2026-05-05,2026-05-05 11:30:46,2026-05-05 11:32:40,V3D,APEX7678400000190,UNKNOWN,UNMAPPED,,NQ_Sniper_A,UNKNOWN,,,,N/A,ES,ES JUN26,LONG,1,7282.75,7280.75,-100.0,-100.0,-8.0,LOSS,STOP_HIT,,,TREND_EMERGING,TREND,Balance,MID_MORNING_DISCOVERY,27,ES_MACRO_EMERGING,0,TREND_COMPRESSION,1.9,,,27,30.0,2026-05-05 17:56:53,UNMAPPED_ACCOUNT;UNMAPPED_BOT
2026-05-05,2026-05-05 11:57:38,2026-05-05 11:57:38,V1A,APEX7678400000190,UNKNOWN,UNMAPPED,,15 Range Momentum V1A,UNKNOWN,,,,N/A,NQ,NQ JUN26,LONG,2,28122.0,28122.0,0.0,0.0,0.0,SCRATCH,AI,,,ROTATION_LIQUID,ROTATION,Transition,MID_MORNING_DISCOVERY,70,TWO_SIDED_CONFIRMED,0,TREND_COMPRESSION,0.0,,,28,30.0,2026-05-05 17:56:53,UNMAPPED_ACCOUNT;UNMAPPED_BOT;SHARED_EXPORTER_LABEL
2026-05-05,2026-05-05 11:59:53,2026-05-05 11:59:53,V1A,APEX7678400000190,UNKNOWN,UNMAPPED,,15 Range Momentum V1A,UNKNOWN,,,,N/A,NQ,NQ JUN26,LONG,2,28124.25,28124.25,0.0,0.0,0.0,SCRATCH,AI,,,ROTATION_LIQUID,ROTATION,Transition,MID_MORNING_DISCOVERY,70,TWO_SIDED_CONFIRMED,0,TREND_COMPRESSION,0.0,,,29,30.0,2026-05-05 17:56:53,UNMAPPED_ACCOUNT;UNMAPPED_BOT;SHARED_EXPORTER_LABEL
2026-05-05,2026-05-05 13:03:35,2026-05-05 13:03:35,V1A,APEX7678400000190,UNKNOWN,UNMAPPED,,15 Range Momentum V1A,UNKNOWN,,,,N/A,NQ,NQ JUN26,LONG,2,28128.75,28128.75,0.0,0.0,0.0,SCRATCH,AI,,,TRANSITION,TREND,Balance,LUNCH_AUCTION,0,HIGH_CONFLICT,0,TREND_COMPRESSION,0.0,,,30,30.0,2026-05-05 17:56:53,UNMAPPED_ACCOUNT;UNMAPPED_BOT;SHARED_EXPORTER_LABEL
2026-05-05,2026-05-05 14:41:01,2026-05-05 14:41:01,V1A,APEX7678400000190,UNKNOWN,UNMAPPED,,15 Range Momentum V1A,UNKNOWN,,,,N/A,NQ,NQ JUN26,LONG,2,28174.25,28174.25,0.0,0.0,0.0,SCRATCH,AI,,,ROTATION_LIQUID,ROTATION,TrendUp,AFTERNOON_TREND_TEST,70,TWO_SIDED_CONFIRMED,0,TREND_COMPRESSION,0.0,,,31,30.0,2026-05-05 17:56:53,UNMAPPED_ACCOUNT;UNMAPPED_BOT;SHARED_EXPORTER_LABEL
2026-05-05,2026-05-05 14:47:01,2026-05-05 14:47:01,V1A,APEX7678400000190,UNKNOWN,UNMAPPED,,15 Range Momentum V1A,UNKNOWN,,,,N/A,NQ,NQ JUN26,LONG,2,28174.0,28174.0,0.0,0.0,0.0,SCRATCH,AI,,,ROTATION_LIQUID,ROTATION,TrendUp,AFTERNOON_TREND_TEST,70,TWO_SIDED_CONFIRMED,0,TREND_COMPRESSION,0.0,,,32,30.0,2026-05-05 17:56:53,UNMAPPED_ACCOUNT;UNMAPPED_BOT;SHARED_EXPORTER_LABEL
2026-05-05,2026-05-05 10:06:00,2026-05-05 10:06:37,OG,Sim101,MomentumRange_RangeBar,MomentumRange_RangeBar,,15 Range Momentum V1A,MomentumRange_RangeBar,,,,OG,NQ,NQ JUN26,LONG,1,28089.75,28100.75,220.0,220.0,44.0,WIN,STOP_HIT,,,TREND_COMPRESSION,TREND,TrendUp,FIRST_ACCEPTANCE,49,DIRECTIONAL_MODERATE,1,TREND_COMPRESSION,0.62,,,1,220.0,2026-05-05 17:56:53,SHARED_EXPORTER_LABEL
2026-05-05,2026-05-05 10:06:49,2026-05-05 10:07:38,OG,Sim101,MomentumRange_RangeBar,MomentumRange_RangeBar,,15 Range Momentum V1A,MomentumRange_RangeBar,,,,OG,NQ,NQ JUN26,LONG,1,28102.25,28096.0,-125.0,-125.0,-25.0,LOSS,SESSION_CLOSE,,,TREND_COMPRESSION,TREND,TrendUp,FIRST_ACCEPTANCE,49,DIRECTIONAL_MODERATE,1,TREND_COMPRESSION,0.82,,,2,95.0,2026-05-05 17:56:53,SHARED_EXPORTER_LABEL
2026-05-05,2026-05-05 10:08:07,2026-05-05 10:08:24,OG,Sim101,MomentumRange_RangeBar,MomentumRange_RangeBar,,15 Range Momentum V1A,MomentumRange_RangeBar,,,,OG,NQ,NQ JUN26,LONG,1,28095.5,28098.25,55.0,55.0,11.0,WIN,STOP_HIT,,,TREND_COMPRESSION,TREND,TrendUp,FIRST_ACCEPTANCE,49,DIRECTIONAL_MODERATE,1,TREND_COMPRESSION,0.28,,,3,150.0,2026-05-05 17:56:53,SHARED_EXPORTER_LABEL
2026-05-05,2026-05-05 10:13:34,2026-05-05 10:13:34,V3C,SimMomo1,MomentumSlopeStrategy v1.2,Momo 1mHA OG,,15 Range Momentum V1A,MomentumSlopeStrategy v1.2,,Momo 1mHA OG,Bottom Middle,N/A,NQ,NQ JUN26,SHORT,1,28073.5,28060.5,260.0,260.0,52.0,WIN,TARGET_HIT,,,TREND_COMPRESSION,BRACKET_MACRO,TrendUp,PRE_IB_MATURATION,69,DEVELOPING_INITIATIVE_PHASE_AWARE,1,TREND_COMPRESSION,0.0,,,1,260.0,2026-05-05 17:56:53,SHARED_EXPORTER_LABEL
2026-05-05,2026-05-05 10:13:34,2026-05-05 10:13:34,V3C,SimMomo1,NQ Momo OG 1m HA,OG_MomentumSlope_v1_2,NQ Momo OG 1m HA,OG_MomentumSlope_v1_2,MomentumSlopeStrategy v1.2,,Momo 1mHA OG,Bottom Middle,OG,NQ,NQ JUN26,SHORT,1,28073.5,28060.5,255.64,251.28,50.3,WIN,TARGET_HIT,28092.5,380.0,TREND_COMPRESSION,BRACKET_MACRO,TrendUp,PRE_IB_MATURATION,69,DEVELOPING_INITIATIVE_PHASE_AWARE,1,TREND_COMPRESSION,0.0,0.66,0.66,2,511.28,2026-05-05 17:56:53,SHARED_EXPORTER_LABEL
2026-05-05,2026-05-05 10:13:35,2026-05-05 10:14:34,V3C,SimMomo1,NQ Momo OG 1m HA,OG_MomentumSlope_v1_2,NQ Momo OG 1m HA,OG_MomentumSlope_v1_2,MomentumSlopeStrategy v1.2,,Momo 1mHA OG,Bottom Middle,OG,NQ,NQ JUN26,SHORT,1,28059.5,28046.25,260.64,256.28,51.3,WIN,TARGET_HIT,28079.75,405.0,TREND_COMPRESSION,BRACKET_MACRO,TrendUp,PRE_IB_MATURATION,69,DEVELOPING_INITIATIVE_PHASE_AWARE,1,TREND_COMPRESSION,0.98,0.63,0.63,3,767.56,2026-05-05 17:56:53,SHARED_EXPORTER_LABEL
2026-05-05,2026-05-05 10:22:53,2026-05-05 10:24:00,V3C,SimMomo1,MomentumSlopeStrategy v1.2,Momo 1mHA OG,,15 Range Momentum V1A,MomentumSlopeStrategy v1.2,,Momo 1mHA OG,Bottom Middle,N/A,NQ,NQ JUN26,LONG,1,28088.5,28092.75,85.0,85.0,17.0,WIN,SLOPE_EXIT,,,ROTATION_ILLIQUID,BRACKET_MACRO,TrendUp,PRE_IB_MATURATION,62,COMPRESSED_BALANCE_LOW_EDGE,0,TREND_COMPRESSION,1.12,,,4,852.56,2026-05-05 17:56:53,SHARED_EXPORTER_LABEL
2026-05-05,2026-05-05 10:22:53,2026-05-05 10:24:00,V3C,SimMomo1,NQ Momo OG 1m HA,OG_MomentumSlope_v1_2,NQ Momo OG 1m HA,OG_MomentumSlope_v1_2,MomentumSlopeStrategy v1.2,,Momo 1mHA OG,Bottom Middle,OG,NQ,NQ JUN26,LONG,1,28088.5,28092.75,80.64,76.28,15.3,WIN,SLOPE_EXIT,28064.75,475.0,ROTATION_ILLIQUID,BRACKET_MACRO,TrendUp,PRE_IB_MATURATION,62,COMPRESSED_BALANCE_LOW_EDGE,0,TREND_COMPRESSION,1.12,0.16,0.16,5,928.84,2026-05-05 17:56:53,SHARED_EXPORTER_LABEL
2026-05-05,2026-05-05 10:39:16,2026-05-05 10:40:59,V3C,SimMomo1,NQ Momo OG 1m HA,OG_MomentumSlope_v1_2,NQ Momo OG 1m HA,OG_MomentumSlope_v1_2,MomentumSlopeStrategy v1.2,,Momo 1mHA OG,Bottom Middle,OG,NQ,NQ JUN26,SHORT,1,28094.5,28093.5,15.64,11.28,2.3,WIN,SLOPE_EXIT,28114.25,395.0,TREND_COMPRESSION,BRACKET_MACRO,TrendUp,POST_IB_MACRO,67,DEVELOPING_INITIATIVE_PHASE_AWARE,0,TREND_COMPRESSION,1.72,0.03,0.03,6,940.12,2026-05-05 17:56:53,SHARED_EXPORTER_LABEL
2026-05-05,2026-05-05 10:39:17,2026-05-05 10:40:59,V3C,SimMomo1,MomentumSlopeStrategy v1.2,Momo 1mHA OG,,15 Range Momentum V1A,MomentumSlopeStrategy v1.2,,Momo 1mHA OG,Bottom Middle,N/A,NQ,NQ JUN26,LONG,2,28093.25,28093.5,10.0,10.0,1.0,WIN,SLOPE_EXIT,,,TREND_COMPRESSION,BRACKET_MACRO,TrendUp,POST_IB_MACRO,67,DEVELOPING_INITIATIVE_PHASE_AWARE,0,TREND_COMPRESSION,1.7,,,7,950.12,2026-05-05 17:56:53,SHARED_EXPORTER_LABEL
2026-05-05,2026-05-05 10:43:12,2026-05-05 10:44:38,V3C,SimMomo1,NQ Momo OG 1m HA,OG_MomentumSlope_v1_2,NQ Momo OG 1m HA,OG_MomentumSlope_v1_2,MomentumSlopeStrategy v1.2,,Momo 1mHA OG,Bottom Middle,OG,NQ,NQ JUN26,LONG,1,28108.25,28090.5,-359.36,-363.72,-72.7,LOSS,STOP_HIT,28090.75,350.0,TREND_COMPRESSION,BRACKET_MACRO,TrendUp,POST_IB_MACRO,67,DEVELOPING_INITIATIVE_PHASE_AWARE,0,TREND_COMPRESSION,1.43,-1.04,-1.04,8,586.4,2026-05-05 17:56:53,SHARED_EXPORTER_LABEL
2026-05-05,2026-05-05 10:44:38,2026-05-05 10:46:03,V3C,SimMomo1,NQ Momo OG 1m HA,OG_MomentumSlope_v1_2,NQ Momo OG 1m HA,OG_MomentumSlope_v1_2,MomentumSlopeStrategy v1.2,,Momo 1mHA OG,Bottom Middle,OG,NQ,NQ JUN26,SHORT,1,28090.5,28101.25,-219.36,-223.72,-44.7,LOSS,SLOPE_EXIT,28108.75,365.0,TREND_COMPRESSION,BRACKET_MACRO,TrendUp,POST_IB_MACRO,67,DEVELOPING_INITIATIVE_PHASE_AWARE,0,TREND_COMPRESSION,1.42,-0.61,-0.61,9,362.68,2026-05-05 17:56:53,SHARED_EXPORTER_LABEL
2026-05-05,2026-05-05 10:44:38,2026-05-05 10:46:03,V3C,SimMomo1,MomentumSlopeStrategy v1.2,Momo 1mHA OG,,15 Range Momentum V1A,MomentumSlopeStrategy v1.2,,Momo 1mHA OG,Bottom Middle,N/A,NQ,NQ JUN26,SHORT,1,28090.5,28101.25,-215.0,-215.0,-43.0,LOSS,SLOPE_EXIT,,,TREND_COMPRESSION,BRACKET_MACRO,TrendUp,POST_IB_MACRO,67,DEVELOPING_INITIATIVE_PHASE_AWARE,0,TREND_COMPRESSION,1.42,,,10,147.68,2026-05-05 17:56:53,SHARED_EXPORTER_LABEL
2026-05-05,2026-05-05 11:57:16,2026-05-05 11:57:38,V3C,SimMomo1,NQ Momo OG 1m HA,OG_MomentumSlope_v1_2,NQ Momo OG 1m HA,OG_MomentumSlope_v1_2,MomentumSlopeStrategy v1.2,,Momo 1mHA OG,Bottom Middle,OG,NQ,NQ JUN26,SHORT,1,28130.5,28122.0,165.64,161.28,32.3,WIN,TARGET_HIT,28142.5,240.0,TREND_COMPRESSION,BRACKET_MACRO,TrendUp,MID_MORNING_DISCOVERY,70,DEVELOPING_INITIATIVE_PHASE_AWARE,0,TREND_COMPRESSION,0.37,0.67,0.67,11,308.96,2026-05-05 17:56:53,SHARED_EXPORTER_LABEL
2026-05-05,2026-05-05 11:57:17,2026-05-05 11:57:38,V3C,SimMomo1,MomentumSlopeStrategy v1.2,Momo 1mHA OG,,15 Range Momentum V1A,MomentumSlopeStrategy v1.2,,Momo 1mHA OG,Bottom Middle,N/A,NQ,NQ JUN26,LONG,2,28130.0,28122.0,-320.0,-320.0,-32.0,LOSS,TARGET_HIT,,,TREND_COMPRESSION,BRACKET_MACRO,TrendUp,MID_MORNING_DISCOVERY,70,DEVELOPING_INITIATIVE_PHASE_AWARE,0,TREND_COMPRESSION,0.35,,,12,-11.04,2026-05-05 17:56:53,SHARED_EXPORTER_LABEL
2026-05-05,2026-05-05 11:57:38,2026-05-05 11:59:53,V3C,SimMomo1,MomentumSlopeStrategy v1.2,Momo 1mHA OG,,15 Range Momentum V1A,MomentumSlopeStrategy v1.2,,Momo 1mHA OG,Bottom Middle,N/A,NQ,NQ JUN26,LONG,2,28121.25,28124.25,120.0,120.0,12.0,WIN,SLOPE_EXIT,,,TREND_COMPRESSION,BRACKET_MACRO,TrendUp,MID_MORNING_DISCOVERY,70,DEVELOPING_INITIATIVE_PHASE_AWARE,0,TREND_COMPRESSION,2.25,,,13,108.96,2026-05-05 17:56:53,SHARED_EXPORTER_LABEL
2026-05-05,2026-05-05 11:57:38,2026-05-05 11:59:53,V3C,SimMomo1,NQ Momo OG 1m HA,OG_MomentumSlope_v1_2,NQ Momo OG 1m HA,OG_MomentumSlope_v1_2,MomentumSlopeStrategy v1.2,,Momo 1mHA OG,Bottom Middle,OG,NQ,NQ JUN26,SHORT,1,28121.25,28124.25,-64.36,-68.72,-13.7,LOSS,SLOPE_EXIT,28133.75,250.0,TREND_COMPRESSION,BRACKET_MACRO,TrendUp,MID_MORNING_DISCOVERY,70,DEVELOPING_INITIATIVE_PHASE_AWARE,0,TREND_COMPRESSION,2.25,-0.27,-0.27,14,40.24,2026-05-05 17:56:53,SHARED_EXPORTER_LABEL
2026-05-05,2026-05-05 12:05:04,2026-05-05 12:11:03,V3C,SimMomo1,NQ Momo OG 1m HA,OG_MomentumSlope_v1_2,NQ Momo OG 1m HA,OG_MomentumSlope_v1_2,MomentumSlopeStrategy v1.2,,Momo 1mHA OG,Bottom Middle,OG,NQ,NQ JUN26,LONG,1,28139.0,28147.5,165.64,161.28,32.3,WIN,TARGET_HIT,28127.0,240.0,TREND_COMPRESSION,BRACKET_MACRO,TrendUp,MID_MORNING_DISCOVERY,70,DEVELOPING_INITIATIVE_PHASE_AWARE,0,TREND_COMPRESSION,5.98,0.67,0.67,15,201.52,2026-05-05 17:56:53,SHARED_EXPORTER_LABEL
2026-05-05,2026-05-05 12:05:04,2026-05-05 12:11:03,V3C,SimMomo1,MomentumSlopeStrategy v1.2,Momo 1mHA OG,,15 Range Momentum V1A,MomentumSlopeStrategy v1.2,,Momo 1mHA OG,Bottom Middle,N/A,NQ,NQ JUN26,LONG,2,28139.0,28147.5,340.0,340.0,34.0,WIN,TARGET_HIT,,,TREND_COMPRESSION,BRACKET_MACRO,TrendUp,MID_MORNING_DISCOVERY,70,DEVELOPING_INITIATIVE_PHASE_AWARE,0,TREND_COMPRESSION,5.98,,,16,541.52,2026-05-05 17:56:53,SHARED_EXPORTER_LABEL
2026-05-05,2026-05-05 12:55:42,2026-05-05 12:57:00,V3C,SimMomo1,MomentumSlopeStrategy v1.2,Momo 1mHA OG,,15 Range Momentum V1A,MomentumSlopeStrategy v1.2,,Momo 1mHA OG,Bottom Middle,N/A,NQ,NQ JUN26,LONG,2,28133.25,28133.0,-10.0,-10.0,-1.0,LOSS,SLOPE_EXIT,,,TREND_COMPRESSION,BRACKET_MACRO,TrendUp,LUNCH_AUCTION,66,MICRO_TREND_INSIDE_MACRO_STRUCTURE,0,TREND_COMPRESSION,1.3,,,17,531.52,2026-05-05 17:56:53,SHARED_EXPORTER_LABEL
2026-05-05,2026-05-05 12:55:42,2026-05-05 12:57:00,V3C,SimMomo1,NQ Momo OG 1m HA,OG_MomentumSlope_v1_2,NQ Momo OG 1m HA,OG_MomentumSlope_v1_2,MomentumSlopeStrategy v1.2,,Momo 1mHA OG,Bottom Middle,OG,NQ,NQ JUN26,LONG,1,28132.75,28133.0,0.64,-3.72,-0.7,LOSS,SLOPE_EXIT,28120.5,245.0,TREND_COMPRESSION,BRACKET_MACRO,TrendUp,LUNCH_AUCTION,66,MICRO_TREND_INSIDE_MACRO_STRUCTURE,0,TREND_COMPRESSION,1.3,-0.02,-0.02,18,527.8,2026-05-05 17:56:53,SHARED_EXPORTER_LABEL
2026-05-05,2026-05-05 12:59:49,2026-05-05 13:03:34,V3C,SimMomo1,NQ Momo OG 1m HA,OG_MomentumSlope_v1_2,NQ Momo OG 1m HA,OG_MomentumSlope_v1_2,MomentumSlopeStrategy v1.2,,Momo 1mHA OG,Bottom Middle,OG,NQ,NQ JUN26,SHORT,1,28124.25,28129.25,-104.36,-108.72,-21.7,LOSS,SLOPE_EXIT,28136.25,240.0,TREND_COMPRESSION,BRACKET_MACRO,TrendUp,LUNCH_AUCTION,66,MICRO_TREND_INSIDE_MACRO_STRUCTURE,0,TREND_COMPRESSION,3.75,-0.45,-0.45,19,419.08,2026-05-05 17:56:53,SHARED_EXPORTER_LABEL
2026-05-05,2026-05-05 14:39:15,2026-05-05 14:41:00,V3C,SimMomo1,NQ Momo OG 1m HA,OG_MomentumSlope_v1_2,NQ Momo OG 1m HA,OG_MomentumSlope_v1_2,MomentumSlopeStrategy v1.2,,Momo 1mHA OG,Bottom Middle,OG,NQ,NQ JUN26,SHORT,1,28171.25,28174.0,-59.36,-63.72,-12.7,LOSS,SLOPE_EXIT,28183.5,245.0,TREND_COMPRESSION,BRACKET_MACRO,TrendUp,AFTERNOON_TREND_TEST,66,MICRO_TREND_INSIDE_MACRO_STRUCTURE,0,TREND_COMPRESSION,1.75,-0.26,-0.26,20,355.36,2026-05-05 17:56:53,SHARED_EXPORTER_LABEL
2026-05-05,2026-05-05 14:39:16,2026-05-05 14:41:00,V3C,SimMomo1,MomentumSlopeStrategy v1.2,Momo 1mHA OG,,15 Range Momentum V1A,MomentumSlopeStrategy v1.2,,Momo 1mHA OG,Bottom Middle,N/A,NQ,NQ JUN26,LONG,2,28171.25,28174.0,110.0,110.0,11.0,WIN,SLOPE_EXIT,,,TREND_COMPRESSION,BRACKET_MACRO,TrendUp,AFTERNOON_TREND_TEST,66,MICRO_TREND_INSIDE_MACRO_STRUCTURE,0,TREND_COMPRESSION,1.73,,,21,465.36,2026-05-05 17:56:53,SHARED_EXPORTER_LABEL
2026-05-05,2026-05-05 14:42:05,2026-05-05 14:44:00,V3C,SimMomo1,MomentumSlopeStrategy v1.2,Momo 1mHA OG,,15 Range Momentum V1A,MomentumSlopeStrategy v1.2,,Momo 1mHA OG,Bottom Middle,N/A,NQ,NQ JUN26,LONG,2,28177.0,28176.5,-20.0,-20.0,-2.0,LOSS,SLOPE_EXIT,,,TREND_COMPRESSION,BRACKET_MACRO,TrendUp,AFTERNOON_TREND_TEST,66,MICRO_TREND_INSIDE_MACRO_STRUCTURE,0,TREND_COMPRESSION,1.92,,,22,445.36,2026-05-05 17:56:53,SHARED_EXPORTER_LABEL
2026-05-05,2026-05-05 14:42:05,2026-05-05 14:44:00,V3C,SimMomo1,NQ Momo OG 1m HA,OG_MomentumSlope_v1_2,NQ Momo OG 1m HA,OG_MomentumSlope_v1_2,MomentumSlopeStrategy v1.2,,Momo 1mHA OG,Bottom Middle,OG,NQ,NQ JUN26,LONG,1,28177.0,28176.5,-14.36,-18.72,-3.7,LOSS,SLOPE_EXIT,28165.0,240.0,TREND_COMPRESSION,BRACKET_MACRO,TrendUp,AFTERNOON_TREND_TEST,66,MICRO_TREND_INSIDE_MACRO_STRUCTURE,0,TREND_COMPRESSION,1.92,-0.08,-0.08,23,426.64,2026-05-05 17:56:53,SHARED_EXPORTER_LABEL
2026-05-05,2026-05-05 14:45:31,2026-05-05 14:47:00,V3C,SimMomo1,NQ Momo OG 1m HA,OG_MomentumSlope_v1_2,NQ Momo OG 1m HA,OG_MomentumSlope_v1_2,MomentumSlopeStrategy v1.2,,Momo 1mHA OG,Bottom Middle,OG,NQ,NQ JUN26,SHORT,1,28173.0,28174.0,-24.36,-28.72,-5.7,LOSS,SLOPE_EXIT,28185.0,240.0,TREND_COMPRESSION,BRACKET_MACRO,TrendUp,AFTERNOON_TREND_TEST,66,MICRO_TREND_INSIDE_MACRO_STRUCTURE,0,TREND_COMPRESSION,1.48,-0.12,-0.12,24,397.92,2026-05-05 17:56:53,SHARED_EXPORTER_LABEL
2026-05-05,2026-05-05 14:45:32,2026-05-05 14:47:00,V3C,SimMomo1,MomentumSlopeStrategy v1.2,Momo 1mHA OG,,15 Range Momentum V1A,MomentumSlopeStrategy v1.2,,Momo 1mHA OG,Bottom Middle,N/A,NQ,NQ JUN26,LONG,2,28173.25,28174.0,30.0,30.0,3.0,WIN,SLOPE_EXIT,,,TREND_COMPRESSION,BRACKET_MACRO,TrendUp,AFTERNOON_TREND_TEST,66,MICRO_TREND_INSIDE_MACRO_STRUCTURE,0,TREND_COMPRESSION,1.47,,,25,427.92,2026-05-05 17:56:53,SHARED_EXPORTER_LABEL
2026-05-05,2026-05-05 15:01:16,2026-05-05 15:03:51,V3C,SimMomo1,NQ Momo OG 1m HA,OG_MomentumSlope_v1_2,NQ Momo OG 1m HA,OG_MomentumSlope_v1_2,MomentumSlopeStrategy v1.2,,Momo 1mHA OG,Bottom Middle,OG,NQ,NQ JUN26,LONG,1,28173.75,28163.25,-214.36,-218.72,-43.7,LOSS,SLOPE_EXIT,28161.5,245.0,TREND_COMPRESSION,BRACKET_MACRO,TrendUp,AFTERNOON_TREND_TEST,66,MICRO_TREND_INSIDE_MACRO_STRUCTURE,0,TREND_COMPRESSION,2.58,-0.89,-0.89,26,209.2,2026-05-05 17:56:53,SHARED_EXPORTER_LABEL
2026-05-05,2026-05-05 15:01:17,2026-05-05 15:03:51,V3C,SimMomo1,MomentumSlopeStrategy v1.2,Momo 1mHA OG,,15 Range Momentum V1A,MomentumSlopeStrategy v1.2,,Momo 1mHA OG,Bottom Middle,N/A,NQ,NQ JUN26,LONG,2,28173.75,28163.25,-420.0,-420.0,-42.0,LOSS,SLOPE_EXIT,,,TREND_COMPRESSION,BRACKET_MACRO,TrendUp,AFTERNOON_TREND_TEST,66,MICRO_TREND_INSIDE_MACRO_STRUCTURE,0,TREND_COMPRESSION,2.57,,,27,-210.8,2026-05-05 17:56:53,SHARED_EXPORTER_LABEL
2026-05-05,2026-05-05 12:28:01,2026-05-05 12:39:59,V3C,SimMomo2,NQ Momo 5m NQ OG,OG_MomentumSlope_v1_2,NQ Momo 5m NQ OG,OG_MomentumSlope_v1_2,MomentumSlopeStrategy v1.3,,Momo 5mHA OG,Bottom Middle,OG,NQ,NQ JUN26,SHORT,1,28100.0,28098.0,40.0,40.0,8.0,WIN,SLOPE_EXIT,28134.25,685.0,TREND_COMPRESSION,BRACKET_MACRO,TrendUp,LUNCH_AUCTION,66,MICRO_TREND_INSIDE_MACRO_STRUCTURE,0,TREND_COMPRESSION,11.97,0.06,0.06,1,40.0,2026-05-05 17:56:53,SHARED_EXPORTER_LABEL
2026-05-05,2026-05-05 12:47:29,2026-05-05 12:59:59,V3C,SimMomo2,NQ Momo 5m NQ OG,OG_MomentumSlope_v1_2,NQ Momo 5m NQ OG,OG_MomentumSlope_v1_2,MomentumSlopeStrategy v1.3,,Momo 5mHA OG,Bottom Middle,OG,NQ,NQ JUN26,LONG,1,28124.5,28125.75,25.0,25.0,5.0,WIN,SLOPE_EXIT,28090.25,685.0,TREND_COMPRESSION,BRACKET_MACRO,TrendUp,LUNCH_AUCTION,66,MICRO_TREND_INSIDE_MACRO_STRUCTURE,0,TREND_COMPRESSION,12.5,0.04,0.04,2,65.0,2026-05-05 17:56:53,SHARED_EXPORTER_LABEL
2026-05-05,2026-05-05 12:59:50,2026-05-05 12:59:59,V3C,SimMomo2,MomentumSlopeStrategy v1.3,Momo 5mHA OG,,15 Range Momentum V1A,MomentumSlopeStrategy v1.3,,Momo 5mHA OG,Bottom Middle,N/A,NQ,NQ JUN26,LONG,2,28124.25,28125.75,60.0,60.0,6.0,WIN,SLOPE_EXIT,,,TREND_COMPRESSION,BRACKET_MACRO,TrendUp,LUNCH_AUCTION,66,MICRO_TREND_INSIDE_MACRO_STRUCTURE,0,TREND_COMPRESSION,0.15,,,3,125.0,2026-05-05 17:56:53,SHARED_EXPORTER_LABEL
2026-05-05,2026-05-05 10:35:13,2026-05-05 10:35:14,V1A,SimV1A - Kalman Fader 2,KalmanPulse Fader Mode A+,KalmanPulse_Fader_B,KalmanPulse Fader Mode A+,KalmanPulse_Fader_B,KalmanPulse_Fader,,Kalman Fade Mode A+,Middle 3,B,NQ,NQ JUN26,SHORT,2,28128.25,28128.25,0.0,0.0,0.0,SCRATCH,ENVELOPE_BREAK_EXIT,28131.5,130.0,TRANSITION,TREND,Balance,POST_IB_MACRO,0,HIGH_CONFLICT,0,TREND_COMPRESSION,0.02,0.0,0.0,1,0.0,2026-05-05 17:56:53,OK
2026-05-05,2026-05-05 10:35:44,2026-05-05 10:35:44,V1A,SimV1A - Kalman Fader 2,KalmanPulse Fader Mode A+,KalmanPulse_Fader_B,KalmanPulse Fader Mode A+,KalmanPulse_Fader_B,KalmanPulse_Fader,,Kalman Fade Mode A+,Middle 3,B,NQ,NQ JUN26,SHORT,2,28129.5,28130.75,-50.0,-50.0,-10.0,LOSS,ENVELOPE_BREAK_EXIT,28134.5,200.0,TRANSITION,TREND,Balance,POST_IB_MACRO,0,HIGH_CONFLICT,0,TREND_COMPRESSION,0.0,-0.25,-0.25,2,-50.0,2026-05-05 17:56:53,OK
2026-05-05,2026-05-05 10:36:03,2026-05-05 10:36:04,V1A,SimV1A - Kalman Fader 2,KalmanPulse Fader Mode A+,KalmanPulse_Fader_B,KalmanPulse Fader Mode A+,KalmanPulse_Fader_B,KalmanPulse_Fader,,Kalman Fade Mode A+,Middle 3,B,NQ,NQ JUN26,SHORT,2,28129.63,28131.5,-75.0,-75.0,-15.0,LOSS,ENVELOPE_BREAK_EXIT,28134.0,175.0,TRANSITION,TREND,Balance,POST_IB_MACRO,0,HIGH_CONFLICT,0,TREND_COMPRESSION,0.02,-0.43,-0.43,3,-125.0,2026-05-05 17:56:53,OK
2026-05-05,2026-05-05 10:36:04,2026-05-05 10:36:04,V1A,SimV1A - Kalman Fader 2,KalmanPulse_Fader,Kalman Fade Mode A+,,15 Range Momentum V1A,KalmanPulse_Fader,,Kalman Fade Mode A+,Middle 3,A+,NQ,NQ JUN26,SHORT,1,28129.5,28131.5,-40.0,-40.0,-8.0,LOSS,EnvelopeBreakExit,,,TRANSITION,TREND,Balance,POST_IB_MACRO,0,HIGH_CONFLICT,0,TREND_COMPRESSION,0.0,,,4,-165.0,2026-05-05 17:56:53,SHARED_EXPORTER_LABEL
2026-05-05,2026-05-05 10:35:13,2026-05-05 10:35:14,V1A,SimV1A- Kalman Fader 1,KalmanPulse_Fader_V2,Kalman Fader Mode A,,Kalman Fader Mode A,KalmanPulse_Fader_V2,,Kalman Fader Mode A,Middle 3,A,NQ,NQ JUN26,SHORT,1,28128.25,28128.25,0.0,0.0,0.0,SCRATCH,EnvelopeBreakExit,,,TRANSITION,TREND,Balance,POST_IB_MACRO,0,HIGH_CONFLICT,0,TREND_COMPRESSION,0.02,,,1,0.0,2026-05-05 17:56:53,OK
2026-05-05,2026-05-05 10:35:44,2026-05-05 10:35:44,V1A,SimV1A- Kalman Fader 1,KalmanPulse_Fader_V2,Kalman Fader Mode A,,Kalman Fader Mode A,KalmanPulse_Fader_V2,,Kalman Fader Mode A,Middle 3,A,NQ,NQ JUN26,SHORT,1,28129.5,28130.5,-20.0,-20.0,-4.0,LOSS,EnvelopeBreakExit,,,TRANSITION,TREND,Balance,POST_IB_MACRO,0,HIGH_CONFLICT,0,TREND_COMPRESSION,0.0,,,2,-20.0,2026-05-05 17:56:53,OK
2026-05-05,2026-05-05 10:36:15,2026-05-05 10:36:17,V1A,SimV1A- Kalman Fader 1,KalmanPulse_Fader_V2,Kalman Fader Mode A,,Kalman Fader Mode A,KalmanPulse_Fader_V2,,Kalman Fader Mode A,Middle 3,A,NQ,NQ JUN26,SHORT,1,28130.25,28132.75,-50.0,-50.0,-10.0,LOSS,EnvelopeBreakExit,,,TRANSITION,TREND,Balance,POST_IB_MACRO,0,HIGH_CONFLICT,0,TREND_COMPRESSION,0.03,,,3,-70.0,2026-05-05 17:56:53,OK
2026-05-05,2026-05-05 12:05:04,2026-05-05 12:27:28,V3C,SimV3C-NQ-2A,NQ VC3-A Compression Fast,NQ VC3-A Compression Fast,NQ VC3-A Compression Fast,NQ VC3-A Compression Fast,NQ VC3-A Compression Fast,,Compression Fast A,Top Middle,N/A,NQ,NQ JUN26,LONG,1,28139.0,28123.0,-320.0,-320.0,-64.0,LOSS,Stop loss,28123.0,320.0,TREND_COMPRESSION,BRACKET_MACRO,TrendUp,MID_MORNING_DISCOVERY,70,DEVELOPING_INITIATIVE_PHASE_AWARE,0,TREND_COMPRESSION,22.4,-1.0,-1.0,1,-320.0,2026-05-05 17:56:53,OK
2026-05-05,2026-05-05 12:20:00,2026-05-05 12:27:28,V3C,SimV3C-NQ-2A,NQ VC3-A Compression Fast,Compression Fast A,,15 Range Momentum V1A,NQ VC3-A Compression Fast,,Compression Fast A,Top Middle,N/A,NQ,NQ JUN26,SHORT,1,28139.5,28123.0,330.0,330.0,66.0,WIN,STOP_HIT,,,TREND_COMPRESSION,BRACKET_MACRO,TrendUp,LUNCH_AUCTION,66,MICRO_TREND_INSIDE_MACRO_STRUCTURE,0,TREND_COMPRESSION,7.47,,,2,10.0,2026-05-05 17:56:53,SHARED_EXPORTER_LABEL
2026-05-05,2026-05-05 12:28:53,2026-05-05 12:39:59,V3C,SimV3C-NQ-2A,NQ VC3-A Compression Fast,NQ VC3-A Compression Fast,NQ VC3-A Compression Fast,NQ VC3-A Compression Fast,NQ VC3-A Compression Fast,,Compression Fast A,Top Middle,N/A,NQ,NQ JUN26,LONG,1,28113.75,28098.0,-315.0,-315.0,-63.0,LOSS,Stop loss,28098.0,315.0,TREND_COMPRESSION,BRACKET_MACRO,TrendUp,LUNCH_AUCTION,66,MICRO_TREND_INSIDE_MACRO_STRUCTURE,0,TREND_COMPRESSION,11.1,-1.0,-1.0,3,-305.0,2026-05-05 17:56:53,OK
2026-05-05,2026-05-05 12:44:48,2026-05-05 12:47:28,V3C,SimV3C-NQ-2A,NQ VC3-A Compression Fast,NQ VC3-A Compression Fast,NQ VC3-A Compression Fast,NQ VC3-A Compression Fast,NQ VC3-A Compression Fast,,Compression Fast A,Top Middle,N/A,NQ,NQ JUN26,LONG,1,28108.75,28124.5,315.0,315.0,63.0,WIN,Profit target,,,TREND_COMPRESSION,BRACKET_MACRO,TrendUp,LUNCH_AUCTION,66,MICRO_TREND_INSIDE_MACRO_STRUCTURE,0,TREND_COMPRESSION,2.67,,,4,10.0,2026-05-05 17:56:53,OK
2026-05-05,2026-05-05 13:04:20,2026-05-05 13:08:56,V3C,SimV3C-NQ-2A,NQ VC3-A Compression Fast,Compression Fast A,,15 Range Momentum V1A,NQ VC3-A Compression Fast,,Compression Fast A,Top Middle,N/A,NQ,NQ JUN26,LONG,1,28134.5,28118.75,-315.0,-315.0,-63.0,LOSS,STOP_HIT,,,TREND_COMPRESSION,BRACKET_MACRO,TrendUp,LUNCH_AUCTION,66,MICRO_TREND_INSIDE_MACRO_STRUCTURE,0,TREND_COMPRESSION,4.6,,,5,-305.0,2026-05-05 17:56:53,SHARED_EXPORTER_LABEL
2026-05-05,2026-05-05 13:04:20,2026-05-05 13:04:20,V3C,SimV3C-NQ-2A,NQ VC3-A Compression Fast,NQ VC3-A Compression Fast,NQ VC3-A Compression Fast,NQ VC3-A Compression Fast,NQ VC3-A Compression Fast,,Compression Fast A,Top Middle,N/A,NQ,NQ JUN26,LONG,1,28134.5,28118.75,-315.0,-315.0,-63.0,LOSS,Stop loss,28118.75,315.0,TREND_COMPRESSION,BRACKET_MACRO,TrendUp,LUNCH_AUCTION,66,MICRO_TREND_INSIDE_MACRO_STRUCTURE,0,TREND_COMPRESSION,0.0,-1.0,-1.0,6,-620.0,2026-05-05 17:56:53,OK
2026-05-05,2026-05-05 13:15:01,2026-05-05 13:18:33,V3C,SimV3C-NQ-2A,NQ VC3-A Compression Fast,NQ VC3-A Compression Fast,NQ VC3-A Compression Fast,NQ VC3-A Compression Fast,NQ VC3-A Compression Fast,,Compression Fast A,Top Middle,N/A,NQ,NQ JUN26,LONG,1,28124.0,28139.75,315.0,315.0,63.0,WIN,Profit target,,,TREND_COMPRESSION,BRACKET_MACRO,TrendUp,POST_LUNCH_ROTATION,66,MICRO_TREND_INSIDE_MACRO_STRUCTURE,0,TREND_COMPRESSION,3.53,,,7,-305.0,2026-05-05 17:56:53,OK
2026-05-05,2026-05-05 12:00:06,2026-05-05 12:01:11,V3C,SimV3C-NQ-2B,NQ V3C Compression Clean B,Compression Clean B,,15 Range Momentum V1A,NQ V3C Compression Clean B,,Compression Clean B,Top Middle,N/A,NQ,NQ JUN26,LONG,1,28132.25,28122.75,-190.0,-190.0,-38.0,LOSS,STOP_HIT,,,TREND_COMPRESSION,BRACKET_MACRO,TrendUp,MID_MORNING_DISCOVERY,70,DEVELOPING_INITIATIVE_PHASE_AWARE,0,TREND_COMPRESSION,1.08,,,1,-190.0,2026-05-05 17:56:53,SHARED_EXPORTER_LABEL
2026-05-05,2026-05-05 12:00:06,2026-05-05 12:00:06,V3C,SimV3C-NQ-2B,NQ V3C Compression Clean B,NQ V3C Compression Clean B,NQ V3C Compression Clean B,NQ V3C Compression Clean B,NQ V3C Compression Clean B,,Compression Clean B,Top Middle,N/A,NQ,NQ JUN26,LONG,1,28132.25,28122.75,-190.0,-190.0,-38.0,LOSS,Stop loss,28122.75,190.0,TREND_COMPRESSION,BRACKET_MACRO,TrendUp,MID_MORNING_DISCOVERY,70,DEVELOPING_INITIATIVE_PHASE_AWARE,0,TREND_COMPRESSION,0.0,-1.0,-1.0,2,-380.0,2026-05-05 17:56:53,OK
2026-05-05,2026-05-05 12:28:53,2026-05-05 12:31:30,V3C,SimV3C-NQ-2B,NQ V3C Compression Clean B,NQ V3C Compression Clean B,NQ V3C Compression Clean B,NQ V3C Compression Clean B,NQ V3C Compression Clean B,,Compression Clean B,Top Middle,N/A,NQ,NQ JUN26,LONG,1,28113.75,28104.25,-190.0,-190.0,-38.0,LOSS,Stop loss,28104.25,190.0,TREND_COMPRESSION,BRACKET_MACRO,TrendUp,LUNCH_AUCTION,66,MICRO_TREND_INSIDE_MACRO_STRUCTURE,0,TREND_COMPRESSION,2.62,-1.0,-1.0,3,-570.0,2026-05-05 17:56:53,OK
2026-05-05,2026-05-05 12:32:50,2026-05-05 12:35:53,V3C,SimV3C-NQ-2B,NQ V3C Compression Clean B,NQ V3C Compression Clean B,NQ V3C Compression Clean B,NQ V3C Compression Clean B,NQ V3C Compression Clean B,,Compression Clean B,Top Middle,N/A,NQ,NQ JUN26,LONG,1,28112.75,28122.25,190.0,190.0,38.0,WIN,Profit target,,,TREND_COMPRESSION,BRACKET_MACRO,TrendUp,LUNCH_AUCTION,66,MICRO_TREND_INSIDE_MACRO_STRUCTURE,0,TREND_COMPRESSION,3.05,,,4,-380.0,2026-05-05 17:56:53,OK
2026-05-05,2026-05-05 12:45:33,2026-05-05 12:47:12,V3C,SimV3C-NQ-2B,NQ V3C Compression Clean B,NQ V3C Compression Clean B,NQ V3C Compression Clean B,NQ V3C Compression Clean B,NQ V3C Compression Clean B,,Compression Clean B,Top Middle,N/A,NQ,NQ JUN26,LONG,1,28113.0,28122.5,190.0,190.0,38.0,WIN,Profit target,,,TREND_COMPRESSION,BRACKET_MACRO,TrendUp,LUNCH_AUCTION,66,MICRO_TREND_INSIDE_MACRO_STRUCTURE,0,TREND_COMPRESSION,1.65,,,5,-190.0,2026-05-05 17:56:53,OK
2026-05-05,2026-05-05 12:47:13,2026-05-05 12:47:28,V3C,SimV3C-NQ-2B,NQ V3C Compression Clean B,Compression Clean B,,15 Range Momentum V1A,NQ V3C Compression Clean B,,Compression Clean B,Top Middle,N/A,NQ,NQ JUN26,LONG,1,28120.75,28122.5,35.0,35.0,7.0,WIN,TARGET_HIT,,,TREND_COMPRESSION,BRACKET_MACRO,TrendUp,LUNCH_AUCTION,66,MICRO_TREND_INSIDE_MACRO_STRUCTURE,0,TREND_COMPRESSION,0.25,,,6,-155.0,2026-05-05 17:56:53,SHARED_EXPORTER_LABEL
2026-05-05,2026-05-05 13:12:11,2026-05-05 13:15:29,V3C,SimV3C-NQ-2B,NQ V3C Compression Clean B,NQ V3C Compression Clean B,NQ V3C Compression Clean B,NQ V3C Compression Clean B,NQ V3C Compression Clean B,,Compression Clean B,Top Middle,N/A,NQ,NQ JUN26,LONG,1,28121.5,28131.25,195.0,195.0,39.0,WIN,Profit target,,,TREND_COMPRESSION,BRACKET_MACRO,TrendUp,POST_LUNCH_ROTATION,66,MICRO_TREND_INSIDE_MACRO_STRUCTURE,0,TREND_COMPRESSION,3.3,,,7,40.0,2026-05-05 17:56:53,OK
2026-05-05,2026-05-05 13:18:00,2026-05-05 13:18:18,V3C,SimV3C-NQ-2B,NQ V3C Compression Clean B,Compression Clean B,,15 Range Momentum V1A,NQ V3C Compression Clean B,,Compression Clean B,Top Middle,N/A,NQ,NQ JUN26,LONG,1,28128.5,28131.25,55.0,55.0,11.0,WIN,TARGET_HIT,,,TREND_COMPRESSION,BRACKET_MACRO,TrendUp,POST_LUNCH_ROTATION,66,MICRO_TREND_INSIDE_MACRO_STRUCTURE,0,TREND_COMPRESSION,0.3,,,8,95.0,2026-05-05 17:56:53,SHARED_EXPORTER_LABEL
2026-05-05,2026-05-05 15:58:17,2026-05-05 16:00:03,V3C,SimV3C-NQ-2B,NQ V3C Compression Clean B,Compression Clean B,,15 Range Momentum V1A,NQ V3C Compression Clean B,,Compression Clean B,Top Middle,N/A,NQ,NQ JUN26,LONG,1,28133.0,28135.25,45.0,45.0,9.0,WIN,SESSION_CLOSE,,,TRANSITION,BRACKET_MACRO,TrendDown,LATE_DAY_CONVICTION,50,NO_CLEAR_STAGE_C_ALIGNMENT,0,TREND_COMPRESSION,1.77,,,9,140.0,2026-05-05 17:56:53,SHARED_EXPORTER_LABEL
2026-05-05,2026-05-05 12:36:29,2026-05-05 12:36:29,V3C,SimV3C-NQ-2C,NQ V3C Compression Sniper C 20-40-60,NQ V3C Compression Sniper C 20-40-60,NQ V3C Compression Sniper C 20-40-60,NQ V3C Compression Sniper C 20-40-60,V3_Compression_Sniper_V3C,,Compression Sniper C,Top Middle,N/A,NQ,NQ JUN26,LONG,1,28128.75,28099.5,-585.0,-585.0,-117.0,LOSS,Stop loss,28099.5,585.0,TREND_COMPRESSION,BRACKET_MACRO,TrendUp,LUNCH_AUCTION,66,MICRO_TREND_INSIDE_MACRO_STRUCTURE,0,TREND_COMPRESSION,0.0,-1.0,-1.0,1,-585.0,2026-05-05 17:56:53,OK
2026-05-05,2026-05-05 12:36:29,2026-05-05 12:39:46,V3C,SimV3C-NQ-2C,V3_Compression_Sniper_V3C,Compression Sniper C,,15 Range Momentum V1A,V3_Compression_Sniper_V3C,,Compression Sniper C,Top Middle,N/A,NQ,NQ JUN26,LONG,1,28128.75,28099.5,-585.0,-585.0,-117.0,LOSS,STOP_HIT,,,TREND_COMPRESSION,BRACKET_MACRO,TrendUp,LUNCH_AUCTION,66,MICRO_TREND_INSIDE_MACRO_STRUCTURE,0,TREND_COMPRESSION,3.28,,,2,-1170.0,2026-05-05 17:56:53,SHARED_EXPORTER_LABEL
2026-05-05,2026-05-05 12:47:55,2026-05-05 13:51:40,V3C,SimV3C-NQ-2C,NQ V3C Compression Sniper C 20-40-60,NQ V3C Compression Sniper C 20-40-60,NQ V3C Compression Sniper C 20-40-60,NQ V3C Compression Sniper C 20-40-60,V3_Compression_Sniper_V3C,,Compression Sniper C,Top Middle,N/A,NQ,NQ JUN26,LONG,1,28129.0,28161.5,650.0,650.0,130.0,WIN,Profit target,,,TREND_COMPRESSION,BRACKET_MACRO,TrendUp,LUNCH_AUCTION,66,MICRO_TREND_INSIDE_MACRO_STRUCTURE,0,TREND_COMPRESSION,63.75,,,3,-520.0,2026-05-05 17:56:53,OK
2026-05-05,2026-05-05 15:38:59,2026-05-05 15:41:50,V1A,SimV3C-NQ-2D,UNKNOWN,UNMAPPED,,15 Range Momentum V1A,UNKNOWN,,,,N/A,NQ,NQ JUN26,LONG,1,28167.0,28156.75,-205.0,-205.0,-41.0,LOSS,STOP_HIT,,,TRANSITION,TREND,Balance,LATE_DAY_CONVICTION,0,HIGH_CONFLICT,0,TREND_COMPRESSION,2.85,,,1,-205.0,2026-05-05 17:56:53,UNMAPPED_ACCOUNT;UNMAPPED_BOT;SHARED_EXPORTER_LABEL
2026-05-05,2026-05-05 12:30:00,2026-05-05 12:40:00,V3C,SimV3C-NQ-4A,Momo 5M OG,Momo 5M OG,Momo 5M OG,Momo 5M OG,Momo_V3C,,Momentum Slope A,Bottom Left,N/A,NQ,NQ JUN26,SHORT,1,28108.0,28109.75,-35.0,-35.0,-7.0,LOSS,SlopeX,,,TREND_COMPRESSION,BRACKET_MACRO,TrendUp,LUNCH_AUCTION,66,MICRO_TREND_INSIDE_MACRO_STRUCTURE,0,TREND_COMPRESSION,10.0,,,1,-35.0,2026-05-05 17:56:53,OK
2026-05-05,2026-05-05 12:32:50,2026-05-05 12:35:01,V3C,SimV3C-NQ-4A,Momo_V3C,Momentum Slope A,,15 Range Momentum V1A,Momo_V3C,,Momentum Slope A,Bottom Left,N/A,NQ,NQ JUN26,LONG,1,28112.75,28109.75,-60.0,-60.0,-12.0,LOSS,SLOPE_EXIT,,,TREND_COMPRESSION,BRACKET_MACRO,TrendUp,LUNCH_AUCTION,66,MICRO_TREND_INSIDE_MACRO_STRUCTURE,0,TREND_COMPRESSION,2.18,,,2,-95.0,2026-05-05 17:56:53,SHARED_EXPORTER_LABEL
2026-05-05,2026-05-05 12:50:00,2026-05-05 13:00:00,V3C,SimV3C-NQ-4A,Momo 5M OG,Momo 5M OG,Momo 5M OG,Momo 5M OG,Momo_V3C,,Momentum Slope A,Bottom Left,N/A,NQ,NQ JUN26,LONG,1,28120.75,28123.0,45.0,45.0,9.0,WIN,SlopeX,,,TREND_COMPRESSION,BRACKET_MACRO,TrendUp,LUNCH_AUCTION,66,MICRO_TREND_INSIDE_MACRO_STRUCTURE,0,TREND_COMPRESSION,10.0,,,3,-50.0,2026-05-05 17:56:53,OK
2026-05-05,2026-05-05 12:47:59,2026-05-05 12:55:00,V3C,SimV3C-NQ-4B,Momo_V3C,Momentum Slope B,,15 Range Momentum V1A,Momo_V3C,,Momentum Slope B,Bottom Left,N/A,NQ,NQ JUN26,LONG,1,28127.5,28123.0,-90.0,-90.0,-18.0,LOSS,SLOPE_EXIT,,,TREND_COMPRESSION,BRACKET_MACRO,TrendUp,LUNCH_AUCTION,66,MICRO_TREND_INSIDE_MACRO_STRUCTURE,0,TREND_COMPRESSION,7.02,,,1,-90.0,2026-05-05 17:56:53,SHARED_EXPORTER_LABEL
2026-05-05,2026-05-05 12:50:00,2026-05-05 13:00:00,V3C,SimV3C-NQ-4B,Momo_V3C Mode B,Momo_V3C Mode B,Momo_V3C Mode B,Momo_V3C Mode B,Momo_V3C,,Momentum Slope B,Bottom Left,N/A,NQ,NQ JUN26,LONG,1,28120.75,28123.0,45.0,45.0,9.0,WIN,SlopeX,,,TREND_COMPRESSION,BRACKET_MACRO,TrendUp,LUNCH_AUCTION,66,MICRO_TREND_INSIDE_MACRO_STRUCTURE,0,TREND_COMPRESSION,10.0,,,2,-45.0,2026-05-05 17:56:53,OK
2026-05-05,2026-05-05 12:28:01,2026-05-05 12:28:07,V3C,SimV3C-NQ-5A,ADX_DI_V3C,ADX 5m Trinity OFF,,15 Range Momentum V1A,ADX_DI_V3C,,ADX 5m Trinity OFF,Bottom Right,N/A,NQ,NQ JUN26,SHORT,1,28100.0,28097.75,45.0,45.0,9.0,WIN,TARGET_HIT,,,TREND_COMPRESSION,BRACKET_MACRO,TrendUp,LUNCH_AUCTION,66,MICRO_TREND_INSIDE_MACRO_STRUCTURE,0,TREND_COMPRESSION,0.1,,,1,45.0,2026-05-05 17:56:53,SHARED_EXPORTER_LABEL
2026-05-05,2026-05-05 12:28:53,2026-05-05 12:30:48,V3C,SimV3C-NQ-5A,ADX_DI_V3C,ADX 5m Trinity OFF,,15 Range Momentum V1A,ADX_DI_V3C,,ADX 5m Trinity OFF,Bottom Right,N/A,NQ,NQ JUN26,LONG,1,28113.75,28119.75,120.0,120.0,24.0,WIN,STOP_HIT,,,TREND_COMPRESSION,BRACKET_MACRO,TrendUp,LUNCH_AUCTION,66,MICRO_TREND_INSIDE_MACRO_STRUCTURE,0,TREND_COMPRESSION,1.92,,,2,165.0,2026-05-05 17:56:53,SHARED_EXPORTER_LABEL
2026-05-05,2026-05-05 13:49:59,2026-05-05 13:51:40,V3D,SimV3D-NQ-3A,Fader_V3D A,V3D_Fader_A,Fader_V3D A,V3D_Fader_A,Fader_V3D,Fader_V3D,Fader A,Top 3,A,NQ,NQ JUN26,SHORT,4,28151.88,28159.5,-610.0,-610.0,-122.0,LOSS,STOP_HIT,28159.5,610.0,ROTATION_LIQUID,ROTATION,Transition,POST_LUNCH_ROTATION,70,TWO_SIDED_CONFIRMED,0,TREND_COMPRESSION,1.68,-1.0,-1.0,1,-610.0,2026-05-05 17:56:53,OK
2026-05-05,2026-05-05 13:50:00,2026-05-05 13:51:40,V3D,SimV3D-NQ-3A,Fader_V3D,Fader_V3D,,15 Range Momentum V1A,Fader_V3D,Fader_V3D,Fader A,Top 3,N/A,NQ,NQ JUN26,SHORT,1,28151.75,28159.5,-155.0,-155.0,-31.0,LOSS,STOP_HIT,,,ROTATION_LIQUID,ROTATION,Transition,POST_LUNCH_ROTATION,70,TWO_SIDED_CONFIRMED,0,TREND_COMPRESSION,1.67,,,2,-765.0,2026-05-05 17:56:53,SHARED_EXPORTER_LABEL
2026-05-05,2026-05-05 10:25:15,2026-05-05 10:27:01,V3D,SimV3D-NQ-5A,ADX_DI_V3D,V3D_ADX_DI_A,ADX_DI_V3D,V3D_ADX_DI_A,ADX_DI_V3D,ADX_DI_V3D,ADX DI A,Top 5,A,NQ,NQ JUN26,LONG,1,28131.5,28121.5,-200.0,-200.0,-40.0,LOSS,STOP_HIT,28100.25,625.0,TREND_COMPRESSION,TREND,TrendUp,PRE_IB_MATURATION,44,DIRECTIONAL_MODERATE,0,ROTATION_ILLIQUID,1.77,-0.32,-0.32,1,-200.0,2026-05-05 17:56:53,OK
2026-05-05,2026-05-05 12:48:00,2026-05-05 13:09:00,V3C,,V3_Compression_Sniper_V3C,V3_Compression_Sniper_V3C,V3_Compression_Sniper_V3C,V3_Compression_Sniper_V3C,UNKNOWN,,,,N/A,NQ,NQ JUN26,LONG,1,28127.5,28111.0,-330.0,-330.0,-66.0,LOSS,Stop loss,28111.0,330.0,TREND_COMPRESSION,BRACKET_MACRO,TrendUp,LUNCH_AUCTION,66,MICRO_TREND_INSIDE_MACRO_STRUCTURE,0,TREND_COMPRESSION,21.0,-1.0,-1.0,1,-330.0,2026-05-05 17:56:53,MISSING_ACCOUNT
2026-05-05,2026-05-05 13:18:00,2026-05-05 13:27:00,V3C,,V3_Compression_Sniper_V3C,V3_Compression_Sniper_V3C,V3_Compression_Sniper_V3C,V3_Compression_Sniper_V3C,UNKNOWN,,,,N/A,NQ,NQ JUN26,LONG,1,28128.5,28143.25,295.0,295.0,59.0,WIN,Profit target,,,TREND_COMPRESSION,BRACKET_MACRO,TrendUp,POST_LUNCH_ROTATION,66,MICRO_TREND_INSIDE_MACRO_STRUCTURE,0,TREND_COMPRESSION,9.0,,,2,-35.0,2026-05-05 17:56:53,MISSING_ACCOUNT
2026-05-05,2026-05-05 15:39:00,2026-05-05 15:39:00,V3C,,V3_Compression_Sniper_V3C,V3_Compression_Sniper_V3C,V3_Compression_Sniper_V3C,V3_Compression_Sniper_V3C,UNKNOWN,,,,N/A,NQ,NQ JUN26,LONG,1,28167.0,28156.75,-205.0,-205.0,-41.0,LOSS,Stop loss,28156.75,205.0,TREND_COMPRESSION,BRACKET_MACRO,TrendUp,LATE_DAY_CONVICTION,66,MICRO_TREND_INSIDE_MACRO_STRUCTURE,0,TREND_COMPRESSION,0.0,-1.0,-1.0,3,-240.0,2026-05-05 17:56:53,MISSING_ACCOUNT
