SnapshotTimestamp,MacroTimestamp,MicroTimestamp,Instrument,MacroRegime,MacroPlaybook,HMM_Micro,Phase,CandidateRegime,FinalRegime,FinalDirection,RegimeConfidence,ConflictScore,ReasonCode,PersistenceStatus,PendingCount,Velocity3CP,HMMFlipCount,PhaseBucket,DevelopingInitiativeScore,InitiativeDirection,RollingEfficiency10m,RollingEfficiency20m,LocalNetMove10mAtr,SameSideVwapMinutes,VwapHoldCount,LateExtensionPenalty,HMMStateProb,HMMStateMargin,HMMStateEntropy,HMMStateAge,IBExtensionPct,CloseVsVwapAtr,NetMoveAtr,DirectionalEfficiency,ReturnedToOpenFlag,TwoSidedTradeFlag,ValueBreakAcceptFlag,LastPrice,Atr5m,Adx5m,Chop5m,Rvol5m,StaleDataFlag,StaleReason,AllowMomo,AllowAdxx,AllowPine,AllowEsScalper,AllowBracketSniper,AllowExpansionBot,AllowCompressionBot,AllowFadeBot,AllowLong,AllowShort,AllowMomoLong,AllowMomoShort
2026-04-24 16:34:18,2026-04-24 16:00:00,2026-04-24 16:00:00,ES,BRACKET_MACRO,TREND_EXPANSION,Transition,CASH_CLOSE,TRANSITION,TRANSITION,NONE,50,100,MACRO_STALE_34.3MIN,UNCHANGED,0,0.0,0,,,,,,,,,,,,,,1.2873563218390804,3.960117369213871,7.721518987341772,0.0152328630290922,0,1,1,7194.75,3.95,,,,True,MACRO_STALE_34.3MIN,False,False,False,False,False,False,False,False,False,False,False,False
2026-04-27 11:26:21,2026-04-24 16:00:00,2026-04-24 16:00:00,ES,BRACKET_MACRO,TREND_EXPANSION,Transition,CASH_CLOSE,TRANSITION,TRANSITION,NONE,50,100,MACRO_STALE_4046.3MIN,UNCHANGED,0,0.0,0,CLOSE,76.42,LONG,0.5,0.7473684210526316,0.5128205128205128,75.0,9.0,100.0,0.9999964300141132,0.999993279618508,3.580816670138286e-05,1,3.883720930232558,3.900959581162716,7.289377289377289,0.04489059327769,0,1,0,7193.5,6.825,,,,True,MACRO_STALE_4046.3MIN,False,False,False,False,False,False,False,False,False,False,False,False
2026-04-27 11:34:41,2026-04-27 11:25:00,2026-04-24 20:30:00,ES,BRACKET_MACRO,ROTATION_ILLIQUID,Transition,MID_MORNING_DISCOVERY,TRANSITION,TRANSITION,NONE,50,100,MICRO_STALE_3784.7MIN,UNCHANGED,0,0.0,0,POST_IB_AM,74.14,SHORT,1.0,1.0,-0.5870020964360587,20.0,3.0,0.0,0.9999999519786807,0.999999903932607,6.186644393072204e-07,6,0.0136986301369863,-1.7110892472568062,-1.090146750524109,0.005,0,1,0,7180.0,5.9625,,,,True,MICRO_STALE_3784.7MIN,False,False,False,False,False,False,False,False,False,False,False,False
2026-04-27 11:51:22,2026-04-27 11:35:00,2026-04-27 11:00:00,ES,BRACKET_MACRO,ROTATION_ILLIQUID,TrendUp,MID_MORNING_DISCOVERY,TRANSITION,TRANSITION,NONE,50,100,MICRO_STALE_51.3MIN,UNCHANGED,0,0.0,1,POST_IB_AM,52.42,NONE,0.1612903225806451,0.3793103448275862,0.2242152466367712,30.0,4.0,0.0,0.965042650352442,0.930085300721832,0.1093368006621276,12,0.0,-0.9669845613324768,-0.358744394618834,0.0014585232452142,0,1,0,7184.5,5.575,,,,True,MICRO_STALE_51.3MIN,False,False,False,False,False,False,False,False,False,False,False,False
2026-04-27 12:34:10,2026-04-27 11:35:00,2026-04-27 11:20:00,ES,BRACKET_MACRO,ROTATION_ILLIQUID,TrendUp,MID_MORNING_DISCOVERY,TRANSITION,TRANSITION,NONE,50,100,MACRO_STALE_59.1MIN,UNCHANGED,0,0.0,0,POST_IB_AM,52.42,NONE,0.1612903225806451,0.3793103448275862,0.2242152466367712,30.0,4.0,0.0,0.9989971490439232,0.9979942980934096,0.0057180798624172,16,0.0,-0.9669845613324768,-0.358744394618834,0.0014585232452142,0,1,0,7184.5,5.575,,,,True,MACRO_STALE_59.1MIN,False,False,False,False,False,False,False,False,False,False,False,False
2026-04-27 12:35:16,2026-04-27 11:35:00,2026-04-27 11:20:00,ES,BRACKET_MACRO,ROTATION_ILLIQUID,TrendUp,MID_MORNING_DISCOVERY,TRANSITION,TRANSITION,NONE,50,100,MACRO_STALE_60.2MIN,UNCHANGED,0,0.0,0,POST_IB_AM,52.42,NONE,0.1612903225806451,0.3793103448275862,0.2242152466367712,30.0,4.0,0.0,0.9989971490439232,0.9979942980934096,0.0057180798624172,16,0.0,-0.9669845613324768,-0.358744394618834,0.0014585232452142,0,1,0,7184.5,5.575,,,,True,MACRO_STALE_60.2MIN,False,False,False,False,False,False,False,False,False,False,False,False
2026-04-27 12:48:23,2026-04-27 12:45:00,2026-04-27 11:20:00,ES,BRACKET_MACRO,ROTATION_ILLIQUID,TrendUp,LUNCH_AUCTION,TRANSITION,TRANSITION,NONE,50,100,MICRO_STALE_85.0MIN_BEHIND_MACRO,UNCHANGED,0,0.0,0,LUNCH,56.5,LONG,0.75,0.65,0.8163265306122449,30.0,4.0,0.0,0.9989971490439232,0.9979942980934096,0.0057180798624172,16,0.0,1.6311593737178915,2.517006802721089,0.0195353748680042,0,1,0,7195.75,3.675,,,,True,MICRO_STALE_85.0MIN_BEHIND_MACRO,False,False,False,False,False,False,False,False,False,False,False,False
2026-04-27 12:48:26,2026-04-27 12:45:00,2026-04-27 12:45:00,ES,BRACKET_MACRO,ROTATION_ILLIQUID,TrendUp,LUNCH_AUCTION,TREND_COMPRESSION,TREND_COMPRESSION,LONG,66,15,MICRO_TREND_INSIDE_MACRO_STRUCTURE,LOCKED_IMMEDIATE,0,0.0,0,LUNCH,56.5,LONG,0.75,0.65,0.8163265306122449,30.0,4.0,0.0,0.9996803225599598,0.9993606451226626,0.0020864642861125,33,0.0,1.6311593737178915,2.517006802721089,0.0195353748680042,0,1,0,7195.75,3.675,,,,False,FRESH,False,False,True,False,False,False,True,False,True,False,False,False
2026-04-27 12:55:22,2026-04-27 12:55:00,2026-04-27 12:50:00,ES,BRACKET_MACRO,ROTATION_ILLIQUID,TrendUp,LUNCH_AUCTION,TREND_COMPRESSION,TREND_COMPRESSION,LONG,66,25,MICRO_TREND_INSIDE_MACRO_STRUCTURE,UNCHANGED,0,2.542,0,LUNCH,52.55,NONE,1.0,0.217391304347826,-0.2909090909090909,40.0,5.0,0.0,0.999729255783416,0.9994585115643267,0.0017995395668638,34,0.0,1.5632247697286816,2.5454545454545454,0.0180226570545829,0,1,0,7195.25,3.4375,,,,False,FRESH,False,False,True,False,False,False,True,False,True,False,False,False
2026-04-27 12:55:27,2026-04-27 12:55:00,2026-04-27 12:55:00,ES,BRACKET_MACRO,ROTATION_ILLIQUID,TrendUp,LUNCH_AUCTION,TREND_COMPRESSION,TREND_COMPRESSION,LONG,66,25,MICRO_TREND_INSIDE_MACRO_STRUCTURE,UNCHANGED,0,2.542,0,LUNCH,52.55,NONE,1.0,0.217391304347826,-0.2909090909090909,40.0,5.0,0.0,0.9998293758386756,0.9996587516784722,0.0011909107743058,35,0.0,1.5632247697286816,2.5454545454545454,0.0180226570545829,0,1,0,7195.25,3.4375,,,,False,FRESH,False,False,True,False,False,False,True,False,True,False,False,False
2026-04-27 13:04:19,2026-03-09 11:05:00,2026-03-09 11:05:00,ES,MEAN_REVERSION_MACRO,ROTATION_ILLIQUID,TrendUp,MID_MORNING_DISCOVERY,TRANSITION,TRANSITION,NONE,50,100,MACRO_STALE_70679.3MIN,UNCHANGED,0,0.0,0,POST_IB_AM,24.84,NONE,0.3333333333333333,0.5348837209302325,0.2378121284185493,75.0,13.0,0.0,0.9783718214125066,0.956743642826038,0.0752436105062584,11,0.0,-0.4244496122187883,-0.380499405469679,0.008893829905503,1,1,0,6674.75,10.5125,,,,True,MACRO_STALE_70679.3MIN,False,False,False,False,False,False,False,False,False,False,False,False
2026-04-27 13:04:20,2026-04-27 12:55:00,2026-04-27 12:55:00,ES,BRACKET_MACRO,ROTATION_ILLIQUID,TrendUp,LUNCH_AUCTION,TREND_COMPRESSION,TREND_COMPRESSION,LONG,66,15,MICRO_TREND_INSIDE_MACRO_STRUCTURE,LOCKED_IMMEDIATE,0,0.0,0,LUNCH,52.41,NONE,1.0,0.217391304347826,-0.2846975088967971,40.0,5.0,0.0,0.9999017174547512,0.999803434912228,0.0007250956483894,35,0.0,1.5298463048946171,2.491103202846975,0.0180226570545829,0,1,0,7195.25,3.5125,,,,False,FRESH,False,False,True,False,False,False,True,False,True,False,False,False
2026-04-27 13:05:21,2026-04-27 13:05:00,2026-04-27 13:00:00,ES,BRACKET_MACRO,ROTATION_ILLIQUID,TrendUp,POST_LUNCH_ROTATION,TREND_COMPRESSION,TREND_COMPRESSION,LONG,66,15,MICRO_TREND_INSIDE_MACRO_STRUCTURE,UNCHANGED,0,0.0,0,LUNCH,54.4,LONG,0.5555555555555556,0.68,0.4016064257028112,50.0,6.0,0.0,0.9995859763282552,0.9991719526593252,0.0026249919316933,36,0.0,2.2378887959257923,3.3734939759036147,0.0210631895687061,0,1,0,7197.0,3.1125,,,,False,FRESH,False,False,True,False,False,False,True,False,True,False,False,False
2026-04-27 13:05:25,2026-04-27 13:05:00,2026-04-27 13:05:00,ES,BRACKET_MACRO,ROTATION_ILLIQUID,TrendUp,POST_LUNCH_ROTATION,TREND_COMPRESSION,TREND_COMPRESSION,LONG,66,15,MICRO_TREND_INSIDE_MACRO_STRUCTURE,UNCHANGED,0,0.0,0,LUNCH,54.4,LONG,0.5555555555555556,0.68,0.4016064257028112,50.0,6.0,0.0,0.999889707752964,0.9997794155038436,0.0008045266139681,37,0.0,2.2378887959257923,3.3734939759036147,0.0210631895687061,0,1,0,7197.0,3.1125,,,,False,FRESH,False,False,True,False,False,False,True,False,True,False,False,False
2026-04-27 13:15:19,2026-04-27 13:15:00,2026-04-27 13:10:00,ES,BRACKET_MACRO,ROTATION_ILLIQUID,TrendUp,POST_LUNCH_ROTATION,TREND_COMPRESSION,TREND_COMPRESSION,LONG,66,25,MICRO_TREND_INSIDE_MACRO_STRUCTURE,UNCHANGED,0,0.862,0,LUNCH,62.78,LONG,1.0,0.4666666666666667,0.9322033898305084,60.0,7.0,0.0,0.9998420674399628,0.9996841348816046,0.0011111333209076,38,0.0,2.660907622334504,3.8983050847457625,0.0224828934506353,0,1,0,7198.0,2.95,,,,False,FRESH,False,False,True,False,False,False,True,False,True,False,False,False
2026-04-27 13:15:24,2026-04-27 13:15:00,2026-04-27 13:15:00,ES,BRACKET_MACRO,ROTATION_ILLIQUID,TrendUp,POST_LUNCH_ROTATION,TREND_COMPRESSION,TREND_COMPRESSION,LONG,66,25,MICRO_TREND_INSIDE_MACRO_STRUCTURE,UNCHANGED,0,0.862,0,LUNCH,62.78,LONG,1.0,0.4666666666666667,0.9322033898305084,60.0,7.0,0.0,0.9996350757397896,0.9992701514815926,0.0023469277299456,39,0.0,2.660907622334504,3.8983050847457625,0.0224828934506353,0,1,0,7198.0,2.95,,,,False,FRESH,False,False,True,False,False,False,True,False,True,False,False,False
2026-04-27 13:25:20,2026-04-27 13:25:00,2026-04-27 13:20:00,ES,BRACKET_MACRO,ROTATION_ILLIQUID,TrendDown,POST_LUNCH_ROTATION,TRANSITION,TRANSITION,NONE,50,35,NO_CLEAR_STAGE_C_ALIGNMENT,LOCKED_IMMEDIATE,0,0.484,1,LUNCH,61.29,LONG,1.0,0.7333333333333333,0.4633204633204633,70.0,8.0,0.0,0.9993176321450374,0.998635264293538,0.0040803432411018,1,0.0,2.4854555316653704,3.7065637065637063,0.0225776105362182,0,1,0,7198.5,3.2375,,,,False,FRESH,False,False,False,False,False,False,False,False,False,False,False,False
2026-04-27 13:25:24,2026-04-27 13:25:00,2026-04-27 13:25:00,ES,BRACKET_MACRO,ROTATION_ILLIQUID,TrendUp,POST_LUNCH_ROTATION,TREND_COMPRESSION,TREND_COMPRESSION,LONG,66,15,MICRO_TREND_INSIDE_MACRO_STRUCTURE,LOCKED_IMMEDIATE,0,0.484,2,LUNCH,61.29,LONG,1.0,0.7333333333333333,0.4633204633204633,70.0,8.0,0.0,0.987560240093918,0.9751204801911062,0.0482823266500822,1,0.0,2.4854555316653704,3.7065637065637063,0.0225776105362182,0,1,0,7198.5,3.2375,,,,False,FRESH,False,False,True,False,False,False,True,False,True,False,False,False
2026-04-27 13:35:21,2026-04-27 13:35:00,2026-04-27 13:30:00,ES,BRACKET_MACRO,ROTATION_ILLIQUID,TrendUp,POST_LUNCH_ROTATION,TREND_COMPRESSION,TREND_COMPRESSION,LONG,66,10,MICRO_TREND_INSIDE_MACRO_STRUCTURE,UNCHANGED,0,2.802,2,PM,78.66,LONG,1.0,1.0,2.608695652173913,80.0,9.0,73.29,0.5707661178813375,0.1415322357621465,0.4927508933228691,2,0.4657534246575342,4.66336089983035,5.942028985507246,0.0373746581586144,0,1,0,7207.0,3.45,,,,False,FRESH,False,False,True,False,False,False,True,False,True,False,False,False
2026-04-27 13:35:26,2026-04-27 13:35:00,2026-04-27 13:35:00,ES,BRACKET_MACRO,ROTATION_ILLIQUID,TrendUp,POST_LUNCH_ROTATION,TREND_COMPRESSION,TREND_COMPRESSION,LONG,66,10,MICRO_TREND_INSIDE_MACRO_STRUCTURE,UNCHANGED,0,2.802,2,PM,78.66,LONG,1.0,1.0,2.608695652173913,80.0,9.0,73.29,0.979167998549332,0.9583359970991692,0.073043425997355,3,0.4657534246575342,4.66336089983035,5.942028985507246,0.0373746581586144,0,1,0,7207.0,3.45,,,,False,FRESH,False,False,True,False,False,False,True,False,True,False,False,False
2026-04-27 13:45:22,2026-04-27 13:45:00,2026-04-27 13:40:00,ES,BRACKET_MACRO,ROTATION_ILLIQUID,TrendUp,POST_LUNCH_ROTATION,TREND_COMPRESSION,TREND_COMPRESSION,LONG,66,10,MICRO_TREND_INSIDE_MACRO_STRUCTURE,UNCHANGED,0,1.348,1,PM,59.32,LONG,0.36,0.4285714285714285,1.3533834586466165,90.0,10.0,62.33,0.9994798312491858,0.9989596625013883,0.0032123157350756,4,0.2465753424657534,3.539596236339292,4.962406015037594,0.0293203020879609,0,1,0,7203.0,3.325,,,,False,FRESH,False,False,True,False,False,False,True,False,True,False,False,False
2026-04-27 13:45:26,2026-04-27 13:45:00,2026-04-27 13:45:00,ES,BRACKET_MACRO,ROTATION_ILLIQUID,TrendUp,POST_LUNCH_ROTATION,TREND_COMPRESSION,TREND_COMPRESSION,LONG,66,10,MICRO_TREND_INSIDE_MACRO_STRUCTURE,UNCHANGED,0,1.348,0,PM,59.32,LONG,0.36,0.4285714285714285,1.3533834586466165,90.0,10.0,62.33,0.9958668038598394,0.9917336077161766,0.0193397122831019,5,0.2465753424657534,3.539596236339292,4.962406015037594,0.0293203020879609,0,1,0,7203.0,3.325,,,,False,FRESH,False,False,True,False,False,False,True,False,True,False,False,False
2026-04-27 13:55:22,2026-04-27 13:55:00,2026-04-27 13:50:00,ES,BRACKET_MACRO,ROTATION_ILLIQUID,TrendUp,POST_LUNCH_ROTATION,TREND_COMPRESSION,TREND_COMPRESSION,LONG,66,10,MICRO_TREND_INSIDE_MACRO_STRUCTURE,UNCHANGED,0,-1.434,0,PM,76.05,NONE,1.0,0.3090909090909091,-1.5019762845849802,100.0,11.0,60.27,0.999731303674912,0.9994626073520084,0.0017873997822289,6,0.2054794520547945,3.4225132372059464,4.980237154150197,0.0274032187907786,0,1,0,7202.25,3.1625,,,,False,FRESH,False,False,True,False,False,False,True,False,True,False,False,False
2026-04-27 13:55:26,2026-04-27 13:55:00,2026-04-27 13:55:00,ES,BRACKET_MACRO,ROTATION_ILLIQUID,TrendUp,POST_LUNCH_ROTATION,TREND_COMPRESSION,TREND_COMPRESSION,LONG,66,10,MICRO_TREND_INSIDE_MACRO_STRUCTURE,UNCHANGED,0,-1.434,0,PM,76.05,NONE,1.0,0.3090909090909091,-1.5019762845849802,100.0,11.0,60.27,0.9987389305190948,0.9974778610377956,0.006981861690605,7,0.2054794520547945,3.4225132372059464,4.980237154150197,0.0274032187907786,0,1,0,7202.25,3.1625,,,,False,FRESH,False,False,True,False,False,False,True,False,True,False,False,False
2026-04-27 14:05:24,2026-04-27 14:05:00,2026-04-27 14:00:00,ES,BRACKET_MACRO,ROTATION_ILLIQUID,TrendUp,AFTERNOON_TREND_TEST,TREND_COMPRESSION,TREND_COMPRESSION,LONG,66,0,MICRO_TREND_INSIDE_MACRO_STRUCTURE,UNCHANGED,0,0.233,0,PM,57.55,LONG,0.3333333333333333,0.3559322033898305,0.2371541501976284,110.0,12.0,64.38,0.9996344588039204,0.9992689176106788,0.0023504499266866,8,0.2876712328767123,3.839616704597129,5.454545454545454,0.0294117647058823,0,1,0,7203.75,3.1625,,,,False,FRESH,True,False,True,False,False,False,True,False,True,False,True,False
2026-04-27 14:05:29,2026-04-27 14:05:00,2026-04-27 14:05:00,ES,BRACKET_MACRO,ROTATION_ILLIQUID,TrendUp,AFTERNOON_TREND_TEST,TREND_COMPRESSION,TREND_COMPRESSION,LONG,66,0,MICRO_TREND_INSIDE_MACRO_STRUCTURE,UNCHANGED,0,0.233,0,PM,57.55,LONG,0.3333333333333333,0.3559322033898305,0.2371541501976284,110.0,12.0,64.38,0.9993941095405732,0.9987882190813416,0.0036750023111656,9,0.2876712328767123,3.839616704597129,5.454545454545454,0.0294117647058823,0,1,0,7203.75,3.1625,,,,False,FRESH,True,False,True,False,False,False,True,False,True,False,True,False
2026-04-27 14:15:25,2026-04-27 14:15:00,2026-04-27 14:10:00,ES,BRACKET_MACRO,ROTATION_ILLIQUID,TrendUp,AFTERNOON_TREND_TEST,TREND_COMPRESSION,TREND_COMPRESSION,LONG,66,10,MICRO_TREND_INSIDE_MACRO_STRUCTURE,UNCHANGED,0,1.039,0,PM,77.84,LONG,1.0,0.1875,1.0612244897959184,120.0,13.0,69.18,0.999578759505338,0.999157519012262,0.0026654959779842,10,0.3835616438356164,4.4795954333833885,6.204081632653061,0.0318658280922431,0,1,0,7205.5,3.0625,,,,False,FRESH,True,False,True,False,False,False,True,False,True,False,True,False
2026-04-27 14:15:29,2026-04-27 14:15:00,2026-04-27 14:15:00,ES,BRACKET_MACRO,ROTATION_ILLIQUID,TrendUp,AFTERNOON_TREND_TEST,TREND_COMPRESSION,TREND_COMPRESSION,LONG,66,10,MICRO_TREND_INSIDE_MACRO_STRUCTURE,UNCHANGED,0,1.039,0,PM,77.84,LONG,1.0,0.1875,1.0612244897959184,120.0,13.0,69.18,0.9991935547806602,0.9983871095585312,0.0047250629549507,11,0.3835616438356164,4.4795954333833885,6.204081632653061,0.0318658280922431,0,1,0,7205.5,3.0625,,,,False,FRESH,True,False,True,False,False,False,True,False,True,False,True,False
2026-04-27 14:25:19,2026-04-27 14:25:00,2026-04-27 14:20:00,ES,BRACKET_MACRO,ROTATION_ILLIQUID,TrendUp,AFTERNOON_TREND_TEST,TREND_COMPRESSION,TREND_COMPRESSION,LONG,66,10,MICRO_TREND_INSIDE_MACRO_STRUCTURE,UNCHANGED,0,0.726,0,PM,77.67,LONG,1.0,0.6666666666666666,0.7317073170731707,130.0,14.0,70.55,0.9996892080242354,0.9993784160455444,0.0020347914355379,12,0.410958904109589,4.542209555593883,6.341463414634146,0.0321252059308072,0,1,0,7206.0,3.075,,,,False,FRESH,True,False,True,False,False,False,True,False,True,False,True,False
2026-04-27 14:25:23,2026-04-27 14:25:00,2026-04-27 14:25:00,ES,BRACKET_MACRO,ROTATION_ILLIQUID,TrendUp,AFTERNOON_TREND_TEST,TREND_COMPRESSION,TREND_COMPRESSION,LONG,66,10,MICRO_TREND_INSIDE_MACRO_STRUCTURE,UNCHANGED,0,0.726,0,PM,77.67,LONG,1.0,0.6666666666666666,0.7317073170731707,130.0,14.0,70.55,0.999471582864756,0.9989431657265848,0.0032572554259082,13,0.410958904109589,4.542209555593883,6.341463414634146,0.0321252059308072,0,1,0,7206.0,3.075,,,,False,FRESH,True,False,True,False,False,False,True,False,True,False,True,False
2026-04-27 14:35:21,2026-04-27 14:35:00,2026-04-27 14:30:00,ES,BRACKET_MACRO,ROTATION_ILLIQUID,TrendUp,AFTERNOON_TREND_TEST,TREND_COMPRESSION,TREND_COMPRESSION,LONG,66,0,MICRO_TREND_INSIDE_MACRO_STRUCTURE,UNCHANGED,0,0.246,0,PM,78.25,LONG,1.0,1.0,0.2479338842975206,140.0,15.0,71.23,0.999600130292562,0.9992002605879402,0.0025452884245314,14,0.4246575342465753,4.623707599927333,6.528925619834711,0.0319320937752627,0,1,0,7206.25,3.025,,,,False,FRESH,True,False,True,False,False,False,True,False,True,False,True,False
2026-04-27 14:35:26,2026-04-27 14:35:00,2026-04-27 14:35:00,ES,BRACKET_MACRO,ROTATION_ILLIQUID,TrendUp,AFTERNOON_TREND_TEST,TREND_COMPRESSION,TREND_COMPRESSION,LONG,66,0,MICRO_TREND_INSIDE_MACRO_STRUCTURE,UNCHANGED,0,0.246,0,PM,78.25,LONG,1.0,1.0,0.2479338842975206,140.0,15.0,71.23,0.999216518292495,0.9984330365859616,0.0046068499180498,15,0.4246575342465753,4.623707599927333,6.528925619834711,0.0319320937752627,0,1,0,7206.25,3.025,,,,False,FRESH,True,False,True,False,False,False,True,False,True,False,True,False
2026-04-27 14:40:24,2026-03-09 11:05:00,2026-03-09 11:05:00,ES,MEAN_REVERSION_MACRO,ROTATION_ILLIQUID,TrendUp,MID_MORNING_DISCOVERY,TRANSITION,TRANSITION,NONE,50,100,MACRO_STALE_70775.4MIN,UNCHANGED,0,0.0,0,POST_IB_AM,24.84,NONE,0.3333333333333333,0.5348837209302325,0.2378121284185493,75.0,13.0,0.0,0.9783718214125066,0.956743642826038,0.0752436105062584,11,0.0,-0.4244496122187883,-0.380499405469679,0.008893829905503,1,1,0,6674.75,10.5125,,,,True,MACRO_STALE_70775.4MIN,False,False,False,False,False,False,False,False,False,False,False,False
2026-04-27 14:40:26,2026-04-27 14:35:00,2026-04-27 14:35:00,ES,BRACKET_MACRO,ROTATION_ILLIQUID,TrendUp,AFTERNOON_TREND_TEST,TREND_COMPRESSION,TREND_COMPRESSION,LONG,66,0,MICRO_TREND_INSIDE_MACRO_STRUCTURE,LOCKED_IMMEDIATE,0,0.0,0,PM,78.25,LONG,1.0,1.0,0.2469135802469135,140.0,15.0,71.23,0.9996465411340296,0.9992930822707672,0.002281331328895,15,0.4246575342465753,4.604679996635451,6.502057613168724,0.0319320937752627,0,1,0,7206.25,3.0375,,,,False,FRESH,True,False,True,False,False,False,True,False,True,False,True,False
2026-04-27 14:45:21,2026-04-27 14:45:00,2026-04-27 14:40:00,ES,BRACKET_MACRO,ROTATION_ILLIQUID,TrendUp,AFTERNOON_TREND_TEST,TREND_COMPRESSION,TREND_COMPRESSION,LONG,66,0,MICRO_TREND_INSIDE_MACRO_STRUCTURE,UNCHANGED,0,0.0,0,PM,66.76,NONE,0.8181818181818182,0.0,-0.7407407407407407,150.0,16.0,64.38,0.9946962642462938,0.98939252849187,0.0238605466750759,16,0.2876712328767123,3.705569576619839,5.679012345679012,0.0274027005559968,0,1,0,7203.75,3.0375,,,,False,FRESH,True,False,True,False,False,False,True,False,True,False,True,False
2026-04-27 14:45:25,2026-04-27 14:45:00,2026-04-27 14:45:00,ES,BRACKET_MACRO,ROTATION_ILLIQUID,TrendUp,AFTERNOON_TREND_TEST,TREND_COMPRESSION,TREND_COMPRESSION,LONG,66,0,MICRO_TREND_INSIDE_MACRO_STRUCTURE,UNCHANGED,0,0.0,0,PM,66.76,NONE,0.8181818181818182,0.0,-0.7407407407407407,150.0,16.0,64.38,0.9969835379580606,0.9939670759183576,0.0148009403371275,17,0.2876712328767123,3.705569576619839,5.679012345679012,0.0274027005559968,0,1,0,7203.75,3.0375,,,,False,FRESH,True,False,True,False,False,False,True,False,True,False,True,False
2026-04-27 14:55:22,2026-04-27 14:55:00,2026-04-27 14:50:00,ES,BRACKET_MACRO,ROTATION_ILLIQUID,TrendUp,AFTERNOON_TREND_TEST,TREND_COMPRESSION,TREND_COMPRESSION,LONG,66,10,MICRO_TREND_INSIDE_MACRO_STRUCTURE,UNCHANGED,0,-0.919,0,PM,75.81,NONE,1.0,0.5714285714285714,-0.9482758620689656,160.0,17.0,63.7,0.9988580233482148,0.9977160466963192,0.006404274778665,18,0.273972602739726,3.7326619325615646,5.862068965517242,0.0265107212475633,0,1,0,7203.5,2.9,,,,False,FRESH,True,False,True,False,False,False,True,False,True,False,True,False
2026-04-27 14:55:27,2026-04-27 14:55:00,2026-04-27 14:55:00,ES,BRACKET_MACRO,ROTATION_ILLIQUID,TrendUp,AFTERNOON_TREND_TEST,TREND_COMPRESSION,TREND_COMPRESSION,LONG,66,10,MICRO_TREND_INSIDE_MACRO_STRUCTURE,UNCHANGED,0,-0.919,0,PM,75.81,NONE,1.0,0.5714285714285714,-0.9482758620689656,160.0,17.0,63.7,0.9987635260308596,0.9975270520636852,0.0068632683322641,19,0.273972602739726,3.7326619325615646,5.862068965517242,0.0265107212475633,0,1,0,7203.5,2.9,,,,False,FRESH,True,False,True,False,False,False,True,False,True,False,True,False
2026-04-27 15:05:16,2026-04-27 15:05:00,2026-04-27 15:00:00,ES,BRACKET_MACRO,ROTATION_ILLIQUID,TrendUp,LATE_DAY_CONVICTION,TREND_COMPRESSION,TREND_COMPRESSION,LONG,66,20,MICRO_TREND_INSIDE_MACRO_STRUCTURE,UNCHANGED,0,-0.089,0,POWER_HOUR,76.74,NONE,1.0,0.8333333333333334,-0.1,170.0,18.0,63.7,0.9980871021176684,0.9961742042318308,0.0100153008460236,20,0.273972602739726,4.261905755676343,6.8,0.0260536398467432,0,1,0,7203.5,2.5,,,,False,FRESH,True,False,True,False,False,False,True,False,True,False,True,False
2026-04-27 15:05:21,2026-04-27 15:05:00,2026-04-27 15:05:00,ES,BRACKET_MACRO,ROTATION_ILLIQUID,TrendUp,LATE_DAY_CONVICTION,TREND_COMPRESSION,TREND_COMPRESSION,LONG,66,20,MICRO_TREND_INSIDE_MACRO_STRUCTURE,UNCHANGED,0,-0.089,0,POWER_HOUR,76.74,NONE,1.0,0.8333333333333334,-0.1,170.0,18.0,63.7,0.993213981685565,0.9864279633727528,0.029319018635742,21,0.273972602739726,4.261905755676343,6.8,0.0260536398467432,0,1,0,7203.5,2.5,,,,False,FRESH,True,False,True,False,False,False,True,False,True,False,True,False
2026-04-27 15:15:18,2026-04-27 15:15:00,2026-04-27 15:10:00,ES,BRACKET_MACRO,ROTATION_ILLIQUID,TrendUp,LATE_DAY_CONVICTION,TREND_COMPRESSION,TREND_COMPRESSION,LONG,66,20,MICRO_TREND_INSIDE_MACRO_STRUCTURE,UNCHANGED,0,0.196,0,POWER_HOUR,77.01,LONG,1.0,0.6923076923076923,0.223463687150838,180.0,19.0,65.07,0.9963709022360672,0.9927418044728108,0.0173221325268776,22,0.3013698630136986,4.90997476838069,7.82122905027933,0.026345502446368,0,1,0,7204.0,2.2375,,,,False,FRESH,True,False,True,False,False,False,True,False,True,False,True,False
2026-04-27 15:15:23,2026-04-27 15:15:00,2026-04-27 15:15:00,ES,BRACKET_MACRO,ROTATION_ILLIQUID,TrendUp,LATE_DAY_CONVICTION,TREND_COMPRESSION,TREND_COMPRESSION,LONG,66,20,MICRO_TREND_INSIDE_MACRO_STRUCTURE,UNCHANGED,0,0.196,0,POWER_HOUR,77.01,LONG,1.0,0.6923076923076923,0.223463687150838,180.0,19.0,65.07,0.993601750298885,0.9872035005979553,0.0279161290254877,23,0.3013698630136986,4.90997476838069,7.82122905027933,0.026345502446368,0,1,0,7204.0,2.2375,,,,False,FRESH,True,False,True,False,False,False,True,False,True,False,True,False
2026-04-27 15:25:19,2026-04-27 15:25:00,2026-04-27 15:20:00,ES,BRACKET_MACRO,ROTATION_ILLIQUID,TrendUp,LATE_DAY_CONVICTION,TREND_COMPRESSION,TREND_COMPRESSION,LONG,66,30,MICRO_TREND_INSIDE_MACRO_STRUCTURE,UNCHANGED,0,0.851,0,POWER_HOUR,75.4,LONG,1.0,0.7777777777777778,0.8648648648648649,190.0,20.0,69.18,0.9988675927215536,0.9977351854399644,0.0063574869136971,24,0.3835616438356164,5.281748343266568,8.216216216216216,0.0280961182994454,0,1,0,7205.5,2.3125,,,,False,FRESH,True,False,True,False,False,False,True,False,True,False,True,False
2026-04-27 15:25:23,2026-04-27 15:25:00,2026-04-27 15:25:00,ES,BRACKET_MACRO,ROTATION_ILLIQUID,TrendUp,LATE_DAY_CONVICTION,TREND_COMPRESSION,TREND_COMPRESSION,LONG,66,30,MICRO_TREND_INSIDE_MACRO_STRUCTURE,UNCHANGED,0,0.851,0,POWER_HOUR,75.4,LONG,1.0,0.7777777777777778,0.8648648648648649,190.0,20.0,69.18,0.9950935448353144,0.990187089670433,0.0223495244006392,25,0.3835616438356164,5.281748343266568,8.216216216216216,0.0280961182994454,0,1,0,7205.5,2.3125,,,,False,FRESH,True,False,True,False,False,False,True,False,True,False,True,False
2026-04-27 15:35:21,2026-04-27 15:35:00,2026-04-27 15:30:00,ES,BRACKET_MACRO,ROTATION_ILLIQUID,TrendUp,LATE_DAY_CONVICTION,TREND_COMPRESSION,TREND_COMPRESSION,LONG,66,30,MICRO_TREND_INSIDE_MACRO_STRUCTURE,UNCHANGED,0,0.991,0,POWER_HOUR,78.25,LONG,1.0,1.0,0.9944751381215468,200.0,21.0,71.23,0.9991118605573632,0.9982237211132974,0.0051418745915218,26,0.4246575342465753,5.596368493329288,8.7292817679558,0.0287481804949053,0,1,0,7206.25,2.2625,,,,False,FRESH,True,False,True,False,False,False,True,False,True,False,True,False
2026-04-27 15:35:25,2026-04-27 15:35:00,2026-04-27 15:35:00,ES,BRACKET_MACRO,ROTATION_ILLIQUID,TrendUp,LATE_DAY_CONVICTION,TREND_COMPRESSION,TREND_COMPRESSION,LONG,66,30,MICRO_TREND_INSIDE_MACRO_STRUCTURE,UNCHANGED,0,0.991,0,POWER_HOUR,78.25,LONG,1.0,1.0,0.9944751381215468,200.0,21.0,71.23,0.9914647628142788,0.9829295256282692,0.0354591035326175,27,0.4246575342465753,5.596368493329288,8.7292817679558,0.0287481804949053,0,1,0,7206.25,2.2625,,,,False,FRESH,True,False,True,False,False,False,True,False,True,False,True,False
2026-04-27 15:45:22,2026-04-27 15:45:00,2026-04-27 15:40:00,ES,BRACKET_MACRO,ROTATION_ILLIQUID,TrendUp,LATE_DAY_CONVICTION,TREND_COMPRESSION,TREND_COMPRESSION,LONG,66,20,MICRO_TREND_INSIDE_MACRO_STRUCTURE,UNCHANGED,0,0.545,0,POWER_HOUR,78.52,LONG,1.0,1.0,0.5434782608695653,210.0,22.0,72.6,0.9986666869513208,0.9973333739006072,0.0073282228954125,28,0.4520547945205479,5.581496818150971,8.804347826086957,0.0288770053475935,0,1,0,7206.75,2.3,,,,False,FRESH,True,False,True,False,False,False,True,False,True,False,True,False
2026-04-27 15:45:26,2026-04-27 15:45:00,2026-04-27 15:45:00,ES,BRACKET_MACRO,ROTATION_ILLIQUID,TrendUp,LATE_DAY_CONVICTION,TREND_COMPRESSION,TREND_COMPRESSION,LONG,66,20,MICRO_TREND_INSIDE_MACRO_STRUCTURE,UNCHANGED,0,0.545,0,POWER_HOUR,78.52,LONG,1.0,1.0,0.5434782608695653,210.0,22.0,72.6,0.9955977633031734,0.9911955266088024,0.0203979010670808,29,0.4520547945205479,5.581496818150971,8.804347826086957,0.0288770053475935,0,1,0,7206.75,2.3,,,,False,FRESH,True,False,True,False,False,False,True,False,True,False,True,False
2026-04-27 15:46:23,2026-03-09 11:05:00,2026-03-09 11:05:00,ES,MEAN_REVERSION_MACRO,ROTATION_ILLIQUID,TrendUp,MID_MORNING_DISCOVERY,TRANSITION,TRANSITION,NONE,50,100,MACRO_STALE_70841.4MIN,UNCHANGED,0,0.0,0,POST_IB_AM,24.84,NONE,0.3333333333333333,0.5348837209302325,0.2378121284185493,75.0,13.0,0.0,0.9783718214125066,0.956743642826038,0.0752436105062584,11,0.0,-0.4244496122187883,-0.380499405469679,0.008893829905503,1,1,0,6674.75,10.5125,,,,True,MACRO_STALE_70841.4MIN,False,False,False,False,False,False,False,False,False,False,False,False
2026-04-27 15:46:25,2026-04-27 15:45:00,2026-04-27 15:45:00,ES,BRACKET_MACRO,ROTATION_ILLIQUID,TrendUp,LATE_DAY_CONVICTION,TREND_COMPRESSION,TREND_COMPRESSION,LONG,66,20,MICRO_TREND_INSIDE_MACRO_STRUCTURE,LOCKED_IMMEDIATE,0,0.0,0,POWER_HOUR,78.52,LONG,1.0,1.0,0.5181347150259067,210.0,22.0,72.6,0.9955977633031734,0.9911955266088024,0.0203979010670808,29,0.4520547945205479,5.321219764454812,8.393782383419689,0.0288770053475935,0,1,0,7206.75,2.4125,,,,False,FRESH,True,False,True,False,False,False,True,False,True,False,True,False
2026-04-27 15:55:22,2026-04-27 15:55:00,2026-04-27 15:50:00,ES,BRACKET_MACRO,ROTATION_ILLIQUID,TrendUp,LATE_DAY_CONVICTION,TREND_COMPRESSION,TREND_COMPRESSION,LONG,66,20,MICRO_TREND_INSIDE_MACRO_STRUCTURE,UNCHANGED,0,0.0,0,POWER_HOUR,78.66,LONG,1.0,1.0,0.303030303030303,220.0,23.0,73.29,0.9709715230348422,0.9419430460695182,0.0947480361951644,30,0.4657534246575342,5.0049629575461045,8.282828282828282,0.0285019117135905,0,1,0,7207.0,2.475,,,,False,FRESH,True,False,True,False,False,False,True,False,True,False,True,False
2026-04-27 15:55:28,2026-04-27 15:55:00,2026-04-27 15:55:00,ES,BRACKET_MACRO,ROTATION_ILLIQUID,TrendUp,LATE_DAY_CONVICTION,TREND_COMPRESSION,TREND_COMPRESSION,LONG,66,20,MICRO_TREND_INSIDE_MACRO_STRUCTURE,UNCHANGED,0,0.0,0,POWER_HOUR,78.66,LONG,1.0,1.0,0.303030303030303,220.0,23.0,73.29,0.9983168630320056,0.9966337260639044,0.0089678479660416,31,0.4657534246575342,5.0049629575461045,8.282828282828282,0.0285019117135905,0,1,0,7207.0,2.475,,,,False,FRESH,True,False,True,False,False,False,True,False,True,False,True,False
2026-04-27 16:00:26,2026-04-27 16:00:00,2026-04-27 15:55:00,ES,BRACKET_MACRO,ROTATION_ILLIQUID,TrendUp,CASH_CLOSE,TREND_COMPRESSION,TREND_COMPRESSION,LONG,66,20,MICRO_TREND_INSIDE_MACRO_STRUCTURE,UNCHANGED,0,0.201,0,CLOSE,73.09,LONG,1.0,1.0,0.1951219512195122,225.0,24.0,73.97,0.8480878782790386,0.6961757565603052,0.3073023882046721,31,0.4794520547945205,4.542599682416838,8.097560975609756,0.0284831846259437,0,1,0,7207.25,2.5625,,,,False,FRESH,False,False,True,False,False,False,True,False,True,False,False,False
2026-04-27 16:00:31,2026-04-27 16:00:00,2026-04-27 16:00:00,ES,BRACKET_MACRO,ROTATION_ILLIQUID,TrendDown,CASH_CLOSE,TRANSITION,TRANSITION,NONE,50,40,NO_CLEAR_STAGE_C_ALIGNMENT,LOCKED_IMMEDIATE,0,0.201,1,CLOSE,73.09,LONG,1.0,1.0,0.1951219512195122,225.0,24.0,73.97,0.8948079674165226,0.7896159348350439,0.2426205626167633,2,0.4794520547945205,4.542599682416838,8.097560975609756,0.0284831846259437,0,1,0,7207.25,2.5625,,,,False,FRESH,False,False,False,False,False,False,False,False,False,False,False,False
2026-04-27 16:03:20,2026-03-09 11:05:00,2026-03-09 11:05:00,ES,MEAN_REVERSION_MACRO,ROTATION_ILLIQUID,TrendUp,MID_MORNING_DISCOVERY,TRANSITION,TRANSITION,NONE,50,100,MACRO_STALE_70858.3MIN,UNCHANGED,0,0.0,0,POST_IB_AM,24.84,NONE,0.3333333333333333,0.5348837209302325,0.2378121284185493,75.0,13.0,0.0,0.9783718214125066,0.956743642826038,0.0752436105062584,11,0.0,-0.4244496122187883,-0.380499405469679,0.008893829905503,1,1,0,6674.75,10.5125,,,,True,MACRO_STALE_70858.3MIN,False,False,False,False,False,False,False,False,False,False,False,False
2026-04-27 16:03:21,2026-04-27 16:00:00,2026-04-27 16:00:00,ES,BRACKET_MACRO,ROTATION_ILLIQUID,TrendDown,CASH_CLOSE,TRANSITION,TRANSITION,NONE,50,40,NO_CLEAR_STAGE_C_ALIGNMENT,UNCHANGED,0,0.0,0,CLOSE,73.09,LONG,1.0,1.0,0.1951219512195122,225.0,24.0,73.97,0.7498909325141275,0.4997818650270471,0.4057254732872192,2,0.4794520547945205,4.542599682416838,8.097560975609756,0.0284831846259437,0,1,0,7207.25,2.5625,,,,False,FRESH,False,False,False,False,False,False,False,False,False,False,False,False
2026-04-28 08:42:34,2026-04-27 16:00:00,2026-04-27 16:00:00,ES,BRACKET_MACRO,ROTATION_ILLIQUID,TrendDown,CASH_CLOSE,TRANSITION,TRANSITION,NONE,50,100,MACRO_STALE_1002.6MIN,UNCHANGED,0,0.0,0,CLOSE,73.09,LONG,1.0,1.0,0.1951219512195122,225.0,24.0,73.97,0.9712247550310966,0.9424495100655572,0.0941060440254553,2,0.4794520547945205,4.542599682416838,8.097560975609756,0.0284831846259437,0,1,0,7207.25,2.5625,,,,True,MACRO_STALE_1002.6MIN,False,False,False,False,False,False,False,False,False,False,False,False
2026-04-28 09:03:29,2026-03-13 13:15:00,2026-03-13 13:15:00,ES,BRACKET_MACRO,ROTATION_LIQUID,TrendUp,POST_LUNCH_ROTATION,TRANSITION,TRANSITION,NONE,50,100,MACRO_STALE_65988.5MIN,UNCHANGED,0,0.0,0,LUNCH,41.38,LONG,0.1666666666666666,0.4285714285714285,0.0763358778625954,190.0,23.0,0.0,0.9999757387300602,0.9999514774565073,0.0002034752073842,5,0.6373626373626373,1.197291757578166,5.305343511450382,0.0663801337153772,0,1,-1,6758.25,6.55,,,,True,MACRO_STALE_65988.5MIN,False,False,False,False,False,False,False,False,False,False,False,False
2026-04-28 09:03:30,2026-04-27 16:00:00,2026-04-27 16:00:00,ES,BRACKET_MACRO,ROTATION_ILLIQUID,TrendDown,CASH_CLOSE,TRANSITION,TRANSITION,NONE,50,100,MACRO_STALE_1023.5MIN,UNCHANGED,0,0.0,0,CLOSE,73.09,LONG,1.0,1.0,0.1951219512195122,225.0,24.0,73.97,0.971224755299627,0.9424495105976812,0.0941060433528782,2,0.4794520547945205,4.542599682416838,8.097560975609756,0.0284831846259437,0,1,0,7207.25,2.5625,,,,True,MACRO_STALE_1023.5MIN,False,False,False,False,False,False,False,False,False,False,False,False
2026-04-28 09:31:36,2026-04-28 09:25:00,2026-04-28 09:25:00,ES,UNRESOLVED,TRANSITION,Balance,PREMARKET_CONTEXT,TRANSITION,TRANSITION,NONE,55,0,OPENING_OR_UNRESOLVED_UNRESOLVED,UNCHANGED,0,0.0,0,PREMARKET,0.0,NONE,0.0,0.0,0.0,0.0,0.0,0.0,0.9999938242881102,0.9999877119555186,5.814485397130313e-05,7,0.0,0.0,0.0,0.0,0,0,0,7167.75,0.0,,,,False,FRESH,False,False,False,False,False,False,False,False,False,False,False,False
2026-04-28 09:36:21,2026-04-28 09:35:00,2026-04-28 09:30:00,ES,OPENING_AUCTION,ROTATION_ILLIQUID,TrendDown,OPENING_AUCTION,TRANSITION,TRANSITION,NONE,55,20,OPENING_OR_UNRESOLVED_OPENING_AUCTION,UNCHANGED,0,0.0,1,OPEN,0.0,LONG,0.0,0.0,0.0,0.0,0.0,0.0,0.9983394573518608,0.9966789147020242,0.0088636661884315,1,0.0,0.2106198422412717,0.21875,0.04375,0,1,0,7169.25,8.0,,,,False,FRESH,False,False,False,True,False,False,False,False,False,False,False,False
2026-04-28 09:36:30,2026-04-28 09:35:00,2026-04-28 09:35:00,ES,OPENING_AUCTION,ROTATION_ILLIQUID,TrendUp,OPENING_AUCTION,TRANSITION,TRANSITION,NONE,55,20,OPENING_OR_UNRESOLVED_OPENING_AUCTION,UNCHANGED,0,0.0,2,OPEN,0.0,LONG,0.0,0.0,0.0,0.0,0.0,0.0,0.5696578398232353,0.1393156796440394,0.4929769118075866,1,0.0,0.2106198422412717,0.21875,0.04375,0,1,0,7169.25,8.0,,,,False,FRESH,False,False,False,True,False,False,False,False,False,False,False,False
2026-04-28 09:37:58,2026-04-27 10:55:00,2026-04-27 10:55:00,ES,BRACKET_MACRO,ROTATION_ILLIQUID,TrendUp,POST_IB_MACRO,TRANSITION,TRANSITION,NONE,50,100,MACRO_STALE_1363.0MIN,UNCHANGED,0,0.0,0,POST_IB_AM,0.0,NONE,0.0,0.0,0.0,0.0,0.0,0.0,0.999953306788162,0.9999066135788574,0.0003695554866275,11,0.0,-0.1859540506642848,0.5,0.0032377428307123,0,1,0,7190.0,7.0,,,,True,MACRO_STALE_1363.0MIN,False,False,False,False,False,False,False,False,False,False,False,False
2026-04-28 09:37:59,2026-04-28 09:35:00,2026-04-28 09:35:00,ES,OPENING_AUCTION,ROTATION_ILLIQUID,TrendUp,OPENING_AUCTION,TRANSITION,TRANSITION,NONE,55,20,OPENING_OR_UNRESOLVED_OPENING_AUCTION,UNCHANGED,0,0.0,0,OPEN,0.0,LONG,0.0,0.0,0.0,0.0,0.0,0.0,0.5696578398232353,0.1393156796440394,0.4929769118075866,1,0.0,0.187217637547797,0.1944444444444444,0.04375,0,1,0,7169.25,9.0,,,,False,FRESH,False,False,False,True,False,False,False,False,False,False,False,False
2026-04-28 09:41:11,2026-04-28 09:40:00,2026-04-28 09:35:00,ES,BALANCE_STRUCTURE,ROTATION_ILLIQUID,TrendDown,EARLY_TEST,TRANSITION,TRANSITION,NONE,50,20,NO_CLEAR_STAGE_C_ALIGNMENT,UNCHANGED,0,0.0,0,OPEN,42.6,LONG,1.0,0.0,0.826530612244898,0.0,1.0,0.0,0.9908480515639984,0.981696103124648,0.0375585825113393,2,0.0,0.6621087997143836,0.8571428571428572,0.1228070175438596,0,1,0,7174.5,8.166666666666666,,,,False,FRESH,False,False,False,False,False,False,False,False,False,False,False,False
2026-04-28 09:41:21,2026-04-28 09:40:00,2026-04-28 09:40:00,ES,BALANCE_STRUCTURE,ROTATION_ILLIQUID,TrendUp,EARLY_TEST,TRANSITION,TRANSITION,NONE,50,0,NO_CLEAR_STAGE_C_ALIGNMENT,UNCHANGED,0,0.0,1,OPEN,42.6,LONG,1.0,0.0,0.826530612244898,0.0,1.0,0.0,0.5523193032258076,0.1046386064539925,0.4960436588134227,1,0.0,0.6621087997143836,0.8571428571428572,0.1228070175438596,0,1,0,7174.5,8.166666666666666,,,,False,FRESH,False,False,False,False,False,False,False,False,False,False,False,False
2026-04-28 09:45:58,2026-04-28 09:45:00,2026-04-28 09:40:00,ES,BALANCE_STRUCTURE,ROTATION_ILLIQUID,TrendDown,FIRST_ACCEPTANCE,TRANSITION,TRANSITION,NONE,50,30,NO_CLEAR_STAGE_C_ALIGNMENT,UNCHANGED,0,0.996,0,EARLY_AM,52.35,LONG,1.0,0.0,1.0074074074074073,5.0,2.0,0.0,0.9998832281934156,0.9997664563894724,0.0008469827505559,3,0.0,0.7586314968687172,1.2148148148148148,0.1331168831168831,0,1,0,7177.75,8.4375,,,,False,FRESH,False,False,False,False,False,False,False,False,False,False,False,False
2026-04-28 09:46:08,2026-04-28 09:45:00,2026-04-28 09:45:00,ES,BALANCE_STRUCTURE,ROTATION_ILLIQUID,TrendDown,FIRST_ACCEPTANCE,TRANSITION,TRANSITION,NONE,50,30,NO_CLEAR_STAGE_C_ALIGNMENT,UNCHANGED,0,0.996,0,EARLY_AM,52.35,LONG,1.0,0.0,1.0074074074074073,5.0,2.0,0.0,0.7976981008903686,0.5953962017821788,0.3632540362316924,4,0.0,0.7586314968687172,1.2148148148148148,0.1331168831168831,0,1,0,7177.75,8.4375,,,,False,FRESH,False,False,False,False,False,False,False,False,False,False,False,False
2026-04-28 09:50:46,2026-04-28 09:50:00,2026-04-28 09:45:00,ES,BALANCE_STRUCTURE,ROTATION_ILLIQUID,TrendDown,EARLY_CONTINUATION,ROTATION_ILLIQUID,TRANSITION,NONE,62,20,COMPRESSED_BALANCE_LOW_EDGE,PENDING_ROTATION_ILLIQUID_1_OF_2,1,0.207,0,EARLY_AM,45.78,LONG,0.3684210526315789,0.7391304347826086,0.2,10.0,3.0,0.0,0.994153396809944,0.9883067936178598,0.0258906736088776,4,0.0,0.4389777110174431,1.0,0.0921052631578947,0,1,0,7176.25,8.75,,,,False,FRESH,False,False,False,False,False,False,False,False,False,False,False,False
2026-04-28 09:50:56,2026-04-28 09:50:00,2026-04-28 09:50:00,ES,BALANCE_STRUCTURE,ROTATION_ILLIQUID,TrendUp,EARLY_CONTINUATION,TREND_COMPRESSION,TREND_COMPRESSION,LONG,66,0,MICRO_TREND_INSIDE_MACRO_STRUCTURE,LOCKED_IMMEDIATE,0,0.207,1,EARLY_AM,45.78,LONG,0.3684210526315789,0.7391304347826086,0.2,10.0,3.0,0.0,0.870700298096984,0.7414005961931717,0.2777572410992038,1,0.0,0.4389777110174431,1.0,0.0921052631578947,0,1,0,7176.25,8.75,,,,False,FRESH,True,False,True,False,False,False,True,False,True,False,True,False
2026-04-28 09:55:37,2026-04-28 09:55:00,2026-04-28 09:50:00,ES,BALANCE_STRUCTURE,ROTATION_ILLIQUID,TrendDown,EARLY_CONTINUATION,TRANSITION,TRANSITION,NONE,50,30,NO_CLEAR_STAGE_C_ALIGNMENT,LOCKED_IMMEDIATE,0,-0.88,0,EARLY_AM,39.32,SHORT,1.0,0.0625,-0.8955223880597015,0.0,1.0,0.0,0.9979675062824064,0.9959350125652182,0.0105524648061395,5,0.0,-0.2739229828313448,0.3283582089552239,0.024070021881838,0,1,0,7170.25,8.375,,,,False,FRESH,False,False,False,False,False,False,False,False,False,False,False,False
2026-04-28 09:55:45,2026-04-28 09:55:00,2026-04-28 09:55:00,ES,BALANCE_STRUCTURE,ROTATION_ILLIQUID,TrendUp,EARLY_CONTINUATION,TRANSITION,TRANSITION,NONE,50,30,NO_CLEAR_STAGE_C_ALIGNMENT,UNCHANGED,0,-0.88,1,EARLY_AM,39.32,SHORT,1.0,0.0625,-0.8955223880597015,0.0,1.0,0.0,0.6108654251415232,0.2217308502817031,0.4821193938516065,1,0.0,-0.2739229828313448,0.3283582089552239,0.024070021881838,0,1,0,7170.25,8.375,,,,False,FRESH,False,False,False,False,False,False,False,False,False,False,False,False
2026-04-28 10:02:01,2026-04-28 10:00:00,2026-04-28 10:00:00,ES,BALANCE_STRUCTURE,ROTATION_ILLIQUID,TrendUp,PRE_DECISION,TRANSITION,TRANSITION,NONE,50,30,NO_CLEAR_STAGE_C_ALIGNMENT,UNCHANGED,0,-0.788,1,EARLY_AM,43.03,SHORT,1.0,0.4347826086956521,-0.7875,5.0,2.0,0.0,0.6954398882533487,0.3908797765041479,0.4433969603746557,2,0.0,-0.2876479448492622,0.2333333333333333,0.0149812734082397,0,1,0,7169.5,8.571428571428571,,,,False,FRESH,False,False,False,False,False,False,False,False,False,False,False,False
2026-04-28 10:03:38,2026-03-09 11:05:00,2026-03-09 11:05:00,ES,MEAN_REVERSION_MACRO,ROTATION_ILLIQUID,TrendUp,MID_MORNING_DISCOVERY,TRANSITION,TRANSITION,NONE,50,100,MACRO_STALE_71938.6MIN,UNCHANGED,0,0.0,0,POST_IB_AM,24.84,NONE,0.3333333333333333,0.5348837209302325,0.2378121284185493,75.0,13.0,0.0,0.9783718214125066,0.956743642826038,0.0752436105062584,11,0.0,-0.4244496122187883,-0.380499405469679,0.008893829905503,1,1,0,6674.75,10.5125,,,,True,MACRO_STALE_71938.6MIN,False,False,False,False,False,False,False,False,False,False,False,False
2026-04-28 10:03:39,2026-04-28 10:00:00,2026-04-28 10:00:00,ES,BALANCE_STRUCTURE,ROTATION_ILLIQUID,TrendUp,PRE_DECISION,ROTATION_ILLIQUID,TRANSITION,NONE,62,20,COMPRESSED_BALANCE_LOW_EDGE,PENDING_ROTATION_ILLIQUID_1_OF_2,1,0.0,0,EARLY_AM,42.53,SHORT,1.0,0.4347826086956521,-0.7651821862348178,5.0,2.0,0.0,0.6776346332739369,0.3552692665487584,0.4534675914150949,2,0.0,-0.2794959788009025,0.2267206477732793,0.0149812734082397,0,1,0,7169.5,8.821428571428571,,,,False,FRESH,False,False,False,False,False,False,False,False,False,False,False,False
2026-04-28 10:06:49,2026-04-28 10:05:00,2026-04-28 10:05:00,ES,BALANCE_STRUCTURE,ROTATION_ILLIQUID,TrendUp,END_FIRST_WINDOW,ROTATION_ILLIQUID,ROTATION_ILLIQUID,NONE,62,20,COMPRESSED_BALANCE_LOW_EDGE,LOCKED_AFTER_2_CONFIRMATIONS,0,0.0,0,EARLY_AM,53.73,SHORT,1.0,1.0,-0.2406015037593984,10.0,3.0,0.0,0.999137137807284,0.998274275617401,0.0050135117645917,3,0.0,-0.4050199931737559,0.0902255639097744,0.0049019607843137,0,1,0,7168.25,8.3125,,,,False,FRESH,False,False,False,False,False,False,False,False,False,False,False,False
2026-04-28 10:11:39,2026-04-28 10:10:00,2026-04-28 10:10:00,ES,BRACKET_MACRO,ROTATION_ILLIQUID,TrendUp,PRE_IB_MATURATION,ROTATION_ILLIQUID,ROTATION_ILLIQUID,NONE,62,0,COMPRESSED_BALANCE_LOW_EDGE,UNCHANGED,0,0.647,0,EARLY_AM,26.96,LONG,0.6875,0.0847457627118644,0.6578073089700996,0.0,1.0,0.0,0.9921520402157924,0.9843040804350204,0.0330810563688097,4,0.0,0.3850526379162005,0.8970099667774086,0.0437956204379562,0,1,0,7175.0,8.36111111111111,,,,False,FRESH,False,False,False,False,False,False,False,False,False,False,False,False
2026-04-28 10:13:15,2026-04-27 10:55:00,2026-04-27 10:55:00,ES,BRACKET_MACRO,ROTATION_ILLIQUID,TrendUp,POST_IB_MACRO,TRANSITION,TRANSITION,NONE,50,100,MACRO_STALE_1398.2MIN,UNCHANGED,0,0.0,0,POST_IB_AM,0.0,NONE,0.0,0.0,0.0,0.0,0.0,0.0,0.999953306788162,0.9999066135788574,0.0003695554866275,11,0.0,-0.1859540506642848,0.5,0.0032377428307123,0,1,0,7190.0,7.0,,,,True,MACRO_STALE_1398.2MIN,False,False,False,False,False,False,False,False,False,False,False,False
2026-04-28 10:13:17,2026-04-28 10:10:00,2026-04-28 10:10:00,ES,BRACKET_MACRO,ROTATION_ILLIQUID,TrendUp,PRE_IB_MATURATION,ROTATION_ILLIQUID,TRANSITION,NONE,62,0,COMPRESSED_BALANCE_LOW_EDGE,PENDING_ROTATION_ILLIQUID_1_OF_2,1,0.0,0,EARLY_AM,26.64,LONG,0.6875,0.0847457627118644,0.6449511400651465,0.0,1.0,0.0,0.9962788334331808,0.99255766686873,0.017694215423094,4,0.0,0.3775271791947112,0.8794788273615635,0.0437956204379562,0,1,0,7175.0,8.527777777777779,,,,False,FRESH,False,False,False,False,False,False,False,False,False,False,False,False
2026-04-28 10:16:28,2026-04-28 10:15:00,2026-04-28 10:10:00,ES,BRACKET_MACRO,ROTATION_ILLIQUID,TrendUp,PRE_IB_MATURATION,ROTATION_ILLIQUID,ROTATION_ILLIQUID,NONE,62,20,COMPRESSED_BALANCE_LOW_EDGE,LOCKED_AFTER_2_CONFIRMATIONS,0,0.0,0,EARLY_AM,1.03,NONE,0.1489361702127659,0.0181818181818181,0.219435736677116,0.0,0.0,0.0,0.992061044050869,0.9841220881052172,0.0333983464283367,4,0.0,-0.2238145480198832,0.3134796238244514,0.0134952766531713,0,1,0,7170.0,7.975,,,,False,FRESH,False,False,False,False,False,False,False,False,False,False,False,False
2026-04-28 10:16:36,2026-04-28 10:15:00,2026-04-28 10:15:00,ES,BRACKET_MACRO,ROTATION_ILLIQUID,TrendUp,PRE_IB_MATURATION,ROTATION_ILLIQUID,ROTATION_ILLIQUID,NONE,62,20,COMPRESSED_BALANCE_LOW_EDGE,UNCHANGED,0,0.0,0,EARLY_AM,1.03,NONE,0.1489361702127659,0.0181818181818181,0.219435736677116,0.0,0.0,0.0,0.9998157641662758,0.9996315283357698,0.0012757152957274,5,0.0,-0.2238145480198832,0.3134796238244514,0.0134952766531713,0,1,0,7170.0,7.975,,,,False,FRESH,False,False,False,False,False,False,False,False,False,False,False,False
2026-04-28 10:21:18,2026-04-28 10:20:00,2026-04-28 10:15:00,ES,BRACKET_MACRO,ROTATION_ILLIQUID,TrendUp,PRE_IB_MATURATION,TRANSITION,TRANSITION,NONE,50,30,NO_CLEAR_STAGE_C_ALIGNMENT,LOCKED_IMMEDIATE,0,-0.952,0,EARLY_AM,44.04,SHORT,1.0,0.1428571428571428,-0.9798850574712644,0.0,1.0,0.0,0.9995847738638576,0.9991695477268,0.002631746978779,5,0.0,-0.5486493678032254,-0.0316091954022988,0.0012360939431396,0,1,0,7167.25,7.909090909090909,,,,False,FRESH,False,False,False,False,False,False,False,False,False,False,False,False
2026-04-28 10:21:28,2026-04-28 10:20:00,2026-04-28 10:20:00,ES,BRACKET_MACRO,ROTATION_ILLIQUID,TrendUp,PRE_IB_MATURATION,TRANSITION,TRANSITION,NONE,50,30,NO_CLEAR_STAGE_C_ALIGNMENT,UNCHANGED,0,-0.952,0,EARLY_AM,44.04,SHORT,1.0,0.1428571428571428,-0.9798850574712644,0.0,1.0,0.0,0.998758291427234,0.9975165828549754,0.0068885376391279,6,0.0,-0.5486493678032254,-0.0316091954022988,0.0012360939431396,0,1,0,7167.25,7.909090909090909,,,,False,FRESH,False,False,False,False,False,False,False,False,False,False,False,False
2026-04-28 10:26:09,2026-04-28 10:25:00,2026-04-28 10:20:00,ES,BRACKET_MACRO,ROTATION_ILLIQUID,TrendUp,NEAR_IB_CONDITION,ROTATION_ILLIQUID,TRANSITION,NONE,62,20,COMPRESSED_BALANCE_LOW_EDGE,PENDING_ROTATION_ILLIQUID_1_OF_2,1,-0.255,0,EARLY_AM,22.48,SHORT,0.5714285714285714,0.0163934426229508,-0.2601626016260163,5.0,2.0,0.0,0.9966668225759936,0.9933336451531406,0.0161145365000494,6,0.0,-0.4414498605151382,0.065040650406504,0.0023174971031286,0,1,0,7168.0,7.6875,,,,False,FRESH,False,False,False,False,False,False,False,False,False,False,False,False
2026-04-28 10:26:17,2026-04-28 10:25:00,2026-04-28 10:25:00,ES,BRACKET_MACRO,ROTATION_ILLIQUID,TrendUp,NEAR_IB_CONDITION,ROTATION_ILLIQUID,ROTATION_ILLIQUID,NONE,62,20,COMPRESSED_BALANCE_LOW_EDGE,LOCKED_AFTER_2_CONFIRMATIONS,0,-0.255,0,EARLY_AM,22.48,SHORT,0.5714285714285714,0.0163934426229508,-0.2601626016260163,5.0,2.0,0.0,0.9998467830983522,0.9996935661987262,0.0010813069319534,7,0.0,-0.4414498605151382,0.065040650406504,0.0023174971031286,0,1,0,7168.0,7.6875,,,,False,FRESH,False,False,False,False,False,False,False,False,False,False,False,False
2026-04-28 10:31:00,2026-04-28 10:30:00,2026-04-28 10:25:00,ES,BRACKET_MACRO,ROTATION_ILLIQUID,TrendUp,NEAR_IB_CONDITION,TRANSITION,TRANSITION,NONE,50,20,NO_CLEAR_STAGE_C_ALIGNMENT,LOCKED_IMMEDIATE,0,-0.097,0,EARLY_AM,51.55,SHORT,0.3333333333333333,0.85,-0.0982367758186398,10.0,3.0,0.0,0.9995806318769492,0.9991612637540932,0.0026549960310791,7,0.0,-0.6041896339017652,-0.1309823677581864,0.004250797024442,0,1,0,7166.5,7.634615384615385,,,,False,FRESH,False,False,False,False,False,False,False,False,False,False,False,False
2026-04-28 10:31:08,2026-04-28 10:30:00,2026-04-28 10:30:00,ES,BRACKET_MACRO,ROTATION_ILLIQUID,TrendUp,NEAR_IB_CONDITION,TRANSITION,TRANSITION,NONE,50,20,NO_CLEAR_STAGE_C_ALIGNMENT,UNCHANGED,0,-0.097,0,EARLY_AM,51.55,SHORT,0.3333333333333333,0.85,-0.0982367758186398,10.0,3.0,0.0,0.9997708835285148,0.9995417670570946,0.0015504496009837,8,0.0,-0.6041896339017652,-0.1309823677581864,0.004250797024442,0,1,0,7166.5,7.634615384615385,,,,False,FRESH,False,False,False,False,False,False,False,False,False,False,False,False
2026-04-28 10:35:52,2026-04-28 10:35:00,2026-04-28 10:30:00,ES,BRACKET_MACRO,ROTATION_ILLIQUID,TrendUp,POST_IB_MACRO,TREND_COMPRESSION,TREND_COMPRESSION,SHORT,66,20,DEVELOPING_INITIATIVE_PHASE_AWARE,LOCKED_IMMEDIATE,0,-0.693,0,POST_IB_AM,66.76,SHORT,1.0,0.8285714285714286,-0.708433734939759,15.0,4.0,0.0,0.9995483814578492,0.9990967629188812,0.0028350301616338,8,0.0,-1.084110950875862,-0.6409638554216868,0.0189054726368159,0,1,0,7162.75,7.410714285714286,,,,False,FRESH,True,False,True,False,False,False,True,False,False,True,False,True
2026-04-28 10:36:01,2026-04-28 10:35:00,2026-04-28 10:35:00,ES,BRACKET_MACRO,ROTATION_ILLIQUID,TrendUp,POST_IB_MACRO,TREND_COMPRESSION,TREND_COMPRESSION,SHORT,66,20,DEVELOPING_INITIATIVE_PHASE_AWARE,UNCHANGED,0,-0.693,0,POST_IB_AM,66.76,SHORT,1.0,0.8285714285714286,-0.708433734939759,15.0,4.0,0.0,0.9993271658071222,0.9986543316151886,0.0040301661097176,9,0.0,-1.084110950875862,-0.6409638554216868,0.0189054726368159,0,1,0,7162.75,7.410714285714286,,,,False,FRESH,True,False,True,False,False,False,True,False,False,True,False,True
2026-04-28 10:45:36,2026-04-28 10:45:00,2026-04-28 10:40:00,ES,BRACKET_MACRO,ROTATION_ILLIQUID,TrendDown,POST_IB_MACRO,TREND_COMPRESSION,TREND_COMPRESSION,SHORT,72,10,DEVELOPING_INITIATIVE_PHASE_AWARE,UNCHANGED,0,-1.044,1,POST_IB_AM,75.53,SHORT,1.0,0.8536585365853658,-1.005893909626719,25.0,5.0,0.0,0.999966970710157,0.9999339414184484,0.0002696604777919,2,0.1529411764705882,-1.228811465435678,-1.1316306483300589,0.0303541315345699,0,1,0,7158.5,7.953125,,,,False,FRESH,True,False,True,False,False,False,True,False,False,True,False,True
2026-04-28 10:45:45,2026-04-28 10:45:00,2026-04-28 10:45:00,ES,BRACKET_MACRO,ROTATION_ILLIQUID,TrendUp,POST_IB_MACRO,TREND_COMPRESSION,TREND_COMPRESSION,SHORT,72,30,DEVELOPING_INITIATIVE_PHASE_AWARE,UNCHANGED,0,-1.044,2,POST_IB_AM,75.53,SHORT,1.0,0.8536585365853658,-1.005893909626719,25.0,5.0,0.0,0.6882436453146225,0.3764872906305064,0.4475952379067222,1,0.1529411764705882,-1.228811465435678,-1.1316306483300589,0.0303541315345699,0,1,0,7158.5,7.953125,,,,False,FRESH,True,False,True,False,False,False,True,False,False,True,False,True
2026-04-28 10:56:57,2026-04-28 10:55:00,2026-04-28 10:55:00,ES,BRACKET_MACRO,ROTATION_LIQUID,TrendUp,POST_IB_MACRO,TREND_EXPANSION,TREND_EXPANSION,SHORT,80,30,DEVELOPING_INITIATIVE_PHASE_AWARE,LOCKED_IMMEDIATE,0,-1.567,2,POST_IB_AM,79.41,SHORT,1.0,1.0,-1.458670988654781,35.0,6.0,0.0,0.9561888596836722,0.9123777193705191,0.1297506022288687,3,0.5411764705882353,-1.8867777975732152,-2.012965964343598,0.0497118155619596,0,1,0,7150.25,8.569444444444445,,,,False,FRESH,True,True,True,False,False,True,False,False,False,True,False,True
2026-04-28 11:06:36,2026-04-28 11:05:00,2026-04-28 11:05:00,ES,MEAN_REVERSION_MACRO,ROTATION_ILLIQUID,TrendDown,MID_MORNING_DISCOVERY,TRANSITION,TRANSITION,NONE,52,50,HMM_TRANSITION_OR_RETURN_TO_OPEN,LOCKED_IMMEDIATE,0,0.179,3,POST_IB_AM,22.64,NONE,0.0833333333333333,0.25,0.1729106628242074,45.0,7.0,0.0,0.867610434303719,0.7352208686040543,0.281977673844432,7,0.0823529411764705,-0.5853648074277197,-0.8645533141210374,0.0187852222917971,1,1,0,7160.0,8.675,,,,False,FRESH,False,False,False,False,False,False,False,False,False,False,False,False
2026-04-28 11:16:12,2026-04-28 11:15:00,2026-04-28 11:10:00,ES,MEAN_REVERSION_MACRO,ROTATION_ILLIQUID,TrendUp,MID_MORNING_DISCOVERY,TRANSITION,TRANSITION,NONE,55,80,HIGH_CONFLICT_STAGE_A_B_OR_PRICE_ACTION,UNCHANGED,0,1.196,3,POST_IB_AM,48.2,NONE,1.0,0.0989010989010989,1.21122599704579,55.0,8.0,0.0,0.9009078255578832,0.8018156511130977,0.2330556156469527,1,0.0588235294117647,-0.4810901639845362,-0.827178729689808,0.0161569532602423,1,1,0,7160.5,8.4625,,,,False,FRESH,False,False,False,False,False,False,False,False,False,False,False,False
2026-04-28 11:16:21,2026-04-28 11:15:00,2026-04-28 11:15:00,ES,MEAN_REVERSION_MACRO,ROTATION_ILLIQUID,TrendUp,MID_MORNING_DISCOVERY,TRANSITION,TRANSITION,NONE,55,60,HIGH_CONFLICT_STAGE_A_B_OR_PRICE_ACTION,UNCHANGED,0,1.196,2,POST_IB_AM,48.2,NONE,1.0,0.0989010989010989,1.21122599704579,55.0,8.0,0.0,0.9997166494748584,0.9994332989497122,0.0018740258468506,2,0.0588235294117647,-0.4810901639845362,-0.827178729689808,0.0161569532602423,1,1,0,7160.5,8.4625,,,,False,FRESH,False,False,False,False,False,False,False,False,False,False,False,False
2026-04-28 11:25:50,2026-04-28 11:25:00,2026-04-28 11:20:00,ES,BRACKET_MACRO,ROTATION_ILLIQUID,TrendUp,MID_MORNING_DISCOVERY,TRANSITION,TRANSITION,NONE,50,20,NO_CLEAR_STAGE_C_ALIGNMENT,UNCHANGED,0,-0.442,2,POST_IB_AM,57.61,SHORT,0.7894736842105263,0.0989010989010989,-0.4504504504504505,65.0,9.0,0.0,0.9974769634114906,0.9949539268225452,0.0127053773122657,3,0.2588235294117647,-0.9627791178377472,-1.3513513513513515,0.0241935483870967,0,1,0,7156.25,8.325,,,,False,FRESH,False,False,False,False,False,False,False,False,False,False,False,False
2026-04-28 11:25:59,2026-04-28 11:25:00,2026-04-28 11:25:00,ES,BRACKET_MACRO,ROTATION_ILLIQUID,TrendUp,MID_MORNING_DISCOVERY,TRANSITION,TRANSITION,NONE,50,20,NO_CLEAR_STAGE_C_ALIGNMENT,UNCHANGED,0,-0.442,1,POST_IB_AM,57.61,SHORT,0.7894736842105263,0.0989010989010989,-0.4504504504504505,65.0,9.0,0.0,0.9993808641742944,0.9987617283521062,0.0037456803369011,4,0.2588235294117647,-0.9627791178377472,-1.3513513513513515,0.0241935483870967,0,1,0,7156.25,8.325,,,,False,FRESH,False,False,False,False,False,False,False,False,False,False,False,False
2026-04-28 11:29:03,2026-04-08 11:55:00,2026-04-08 11:55:00,ES,BRACKET_MACRO,ROTATION_ILLIQUID,TrendUp,MID_MORNING_DISCOVERY,TRANSITION,TRANSITION,NONE,50,100,MACRO_STALE_28774.0MIN,UNCHANGED,0,0.0,0,POST_IB_AM,65.53,NONE,0.4,0.5625,-0.4395604395604395,30.0,4.0,0.0,0.9998488774477688,0.9996977548945282,0.0010680268648475,5,0.4651162790697674,1.351647317339714,1.4285714285714286,0.0226283724978241,0,1,0,6843.0,4.55,,,,True,MACRO_STALE_28774.0MIN,False,False,False,False,False,False,False,False,False,False,False,False
2026-04-28 11:29:04,2026-04-28 11:25:00,2026-04-28 11:25:00,ES,BRACKET_MACRO,ROTATION_ILLIQUID,TrendUp,MID_MORNING_DISCOVERY,TRANSITION,TRANSITION,NONE,50,20,NO_CLEAR_STAGE_C_ALIGNMENT,UNCHANGED,0,0.0,0,POST_IB_AM,57.44,SHORT,0.7894736842105263,0.0989010989010989,-0.4464285714285714,65.0,9.0,0.0,0.9995968654774776,0.9991937309527552,0.0025637048293814,4,0.2588235294117647,-0.9541828757141956,-1.3392857142857142,0.0241935483870967,0,1,0,7156.25,8.4,,,,False,FRESH,False,False,False,False,False,False,False,False,False,False,False,False
2026-04-28 11:35:36,2026-04-28 11:35:00,2026-04-28 11:30:00,ES,BRACKET_MACRO,ROTATION_LIQUID,TrendUp,MID_MORNING_DISCOVERY,TREND_COMPRESSION,TREND_COMPRESSION,SHORT,74,20,DEVELOPING_INITIATIVE_PHASE_AWARE,LOCKED_IMMEDIATE,0,0.0,0,POST_IB_AM,79.29,SHORT,1.0,0.0123456790123456,-1.2578616352201255,75.0,10.0,0.0,0.9966833508003444,0.9933667015982652,0.0160465421721794,5,0.5294117647058824,-1.6437511095681423,-2.138364779874214,0.0343260979303382,0,1,0,7150.5,7.95,,,,False,FRESH,True,False,True,False,False,False,True,False,False,True,False,True
2026-04-28 11:35:45,2026-04-28 11:35:00,2026-04-28 11:35:00,ES,BRACKET_MACRO,ROTATION_LIQUID,TrendUp,MID_MORNING_DISCOVERY,TREND_COMPRESSION,TREND_COMPRESSION,SHORT,74,20,DEVELOPING_INITIATIVE_PHASE_AWARE,UNCHANGED,0,0.0,0,POST_IB_AM,79.29,SHORT,1.0,0.0123456790123456,-1.2578616352201255,75.0,10.0,0.0,0.999615641344562,0.9992312826901942,0.0024575271581953,6,0.5294117647058824,-1.6437511095681423,-2.138364779874214,0.0343260979303382,0,1,0,7150.5,7.95,,,,False,FRESH,True,False,True,False,False,False,True,False,False,True,False,True
2026-04-28 11:46:52,2026-04-28 11:45:00,2026-04-28 11:45:00,ES,BRACKET_MACRO,ROTATION_ILLIQUID,TrendUp,MID_MORNING_DISCOVERY,TREND_COMPRESSION,TREND_COMPRESSION,SHORT,68,20,DEVELOPING_INITIATIVE_PHASE_AWARE,UNCHANGED,0,-0.562,0,POST_IB_AM,69.77,SHORT,0.6428571428571429,0.7021276595744681,-0.5872756933115824,85.0,11.0,0.0,0.9994128904561173,0.9988257809130552,0.0035744268525526,8,0.4705882352941176,-1.481963051463688,-2.0554649265905383,0.0300285986653956,0,1,0,7151.75,7.6625,,,,False,FRESH,True,False,True,False,False,False,True,False,False,True,False,True
2026-04-28 11:51:39,2026-03-09 11:05:00,2026-03-09 11:05:00,ES,MEAN_REVERSION_MACRO,ROTATION_ILLIQUID,TrendUp,MID_MORNING_DISCOVERY,TRANSITION,TRANSITION,NONE,50,100,MACRO_STALE_72046.7MIN,UNCHANGED,0,0.0,0,POST_IB_AM,24.84,NONE,0.3333333333333333,0.5348837209302325,0.2378121284185493,75.0,13.0,0.0,0.9783718214125066,0.9567436428261952,0.0752436105059368,11,0.0,-0.4244496122187883,-0.380499405469679,0.008893829905503,1,1,0,6674.75,10.5125,,,,True,MACRO_STALE_72046.7MIN,False,False,False,False,False,False,False,False,False,False,False,False
2026-04-28 11:51:41,2026-04-28 11:45:00,2026-04-28 11:45:00,ES,BRACKET_MACRO,ROTATION_ILLIQUID,TrendUp,MID_MORNING_DISCOVERY,TREND_COMPRESSION,TREND_COMPRESSION,SHORT,68,20,DEVELOPING_INITIATIVE_PHASE_AWARE,LOCKED_IMMEDIATE,0,0.0,0,POST_IB_AM,69.77,SHORT,0.6428571428571429,0.7021276595744681,-0.576,85.0,11.0,0.0,0.9999823196957112,0.9999646393942876,0.000152317389093,8,0.4705882352941176,-1.4535093608755851,-2.016,0.0300285986653956,0,1,0,7151.75,7.8125,,,,False,FRESH,True,False,True,False,False,False,True,False,False,True,False,True
2026-04-28 11:56:33,2026-04-28 11:55:00,2026-04-28 11:50:00,ES,BRACKET_MACRO,ROTATION_ILLIQUID,TrendUp,MID_MORNING_DISCOVERY,TRANSITION,TRANSITION,NONE,50,20,NO_CLEAR_STAGE_C_ALIGNMENT,LOCKED_IMMEDIATE,0,0.0,0,POST_IB_AM,78.35,NONE,1.0,0.6666666666666666,0.2657807308970099,95.0,12.0,0.0,0.9997336274304804,0.9994672548607034,0.0017736110869208,9,0.4352941176470588,-1.350435814412317,-1.9933554817275747,0.0272975432211101,0,1,0,7152.5,7.525,,,,False,FRESH,False,False,False,False,False,False,False,False,False,False,False,False
2026-04-28 11:56:43,2026-04-28 11:55:00,2026-04-28 11:55:00,ES,BRACKET_MACRO,ROTATION_ILLIQUID,TrendUp,MID_MORNING_DISCOVERY,TRANSITION,TRANSITION,NONE,50,20,NO_CLEAR_STAGE_C_ALIGNMENT,UNCHANGED,0,0.0,0,POST_IB_AM,78.35,NONE,1.0,0.6666666666666666,0.2657807308970099,95.0,12.0,0.0,0.9996756078175864,0.999351215633082,0.0021138099200217,10,0.4352941176470588,-1.350435814412317,-1.9933554817275747,0.0272975432211101,0,1,0,7152.5,7.525,,,,False,FRESH,False,False,False,False,False,False,False,False,False,False,False,False
2026-04-28 12:06:28,2026-04-28 12:05:00,2026-04-28 12:00:00,ES,BRACKET_MACRO,ROTATION_ILLIQUID,TrendUp,LUNCH_AUCTION,TRANSITION,TRANSITION,NONE,50,35,NO_CLEAR_STAGE_C_ALIGNMENT,UNCHANGED,0,0.459,0,LUNCH,54.45,NONE,1.0,0.0952380952380952,0.4651162790697674,105.0,13.0,0.0,0.9969142970436212,0.993828594085573,0.0150900933709001,11,0.3058823529411765,-0.9448846437527114,-1.627906976744186,0.0213228894691035,0,1,0,7155.25,7.525,,,,False,FRESH,False,False,False,False,False,False,False,False,False,False,False,False
2026-04-28 12:06:37,2026-04-28 12:05:00,2026-04-28 12:05:00,ES,BRACKET_MACRO,ROTATION_ILLIQUID,TrendUp,LUNCH_AUCTION,TRANSITION,TRANSITION,NONE,50,35,NO_CLEAR_STAGE_C_ALIGNMENT,UNCHANGED,0,0.459,0,LUNCH,54.45,NONE,1.0,0.0952380952380952,0.4651162790697674,105.0,13.0,0.0,0.9993228156492012,0.9986456312955836,0.0040530736960512,12,0.3058823529411765,-0.9448846437527114,-1.627906976744186,0.0213228894691035,0,1,0,7155.25,7.525,,,,False,FRESH,False,False,False,False,False,False,False,False,False,False,False,False
2026-04-28 12:16:04,2026-04-28 12:15:00,2026-04-28 12:10:00,ES,BRACKET_MACRO,ROTATION_ILLIQUID,TrendUp,LUNCH_AUCTION,TRANSITION,TRANSITION,NONE,50,45,NO_CLEAR_STAGE_C_ALIGNMENT,UNCHANGED,0,0.784,0,LUNCH,58.28,NONE,1.0,1.0,0.8258527827648114,115.0,14.0,0.0,0.999460546003626,0.9989210920041256,0.0033172424330716,13,0.1647058823529411,-0.5684203796764145,-1.3285457809694794,0.0154553049289891,0,1,0,7158.25,6.9625,,,,False,FRESH,False,False,False,False,False,False,False,False,False,False,False,False
2026-04-28 12:16:13,2026-04-28 12:15:00,2026-04-28 12:15:00,ES,BRACKET_MACRO,ROTATION_ILLIQUID,TrendUp,LUNCH_AUCTION,TRANSITION,TRANSITION,NONE,50,45,NO_CLEAR_STAGE_C_ALIGNMENT,UNCHANGED,0,0.784,0,LUNCH,58.28,NONE,1.0,1.0,0.8258527827648114,115.0,14.0,0.0,0.9998736725520624,0.9997473451009268,0.0009091248554584,14,0.1647058823529411,-0.5684203796764145,-1.3285457809694794,0.0154553049289891,0,1,0,7158.25,6.9625,,,,False,FRESH,False,False,False,False,False,False,False,False,False,False,False,False
2026-04-28 12:17:41,2026-04-27 10:55:00,2026-04-27 10:55:00,ES,BRACKET_MACRO,ROTATION_ILLIQUID,TrendUp,POST_IB_MACRO,TRANSITION,TRANSITION,NONE,50,100,MACRO_STALE_1522.7MIN,UNCHANGED,0,0.0,0,POST_IB_AM,0.0,NONE,0.0,0.0,0.0,0.0,0.0,0.0,0.999953306788162,0.9999066135788574,0.0003695554866275,11,0.0,-0.1859540506642848,0.5,0.0032377428307123,0,1,0,7190.0,7.0,,,,True,MACRO_STALE_1522.7MIN,False,False,False,False,False,False,False,False,False,False,False,False
2026-04-28 12:17:43,2026-04-28 12:15:00,2026-04-28 12:15:00,ES,BRACKET_MACRO,ROTATION_ILLIQUID,TrendUp,LUNCH_AUCTION,TRANSITION,TRANSITION,NONE,50,35,NO_CLEAR_STAGE_C_ALIGNMENT,UNCHANGED,0,0.0,0,LUNCH,58.17,NONE,1.0,1.0,0.8127208480565371,115.0,14.0,0.0,0.9998736725520624,0.9997473451009268,0.0009091248554584,14,0.1647058823529411,-0.5593818930737859,-1.3074204946996466,0.0154553049289891,0,1,0,7158.25,7.075,,,,False,FRESH,False,False,False,False,False,False,False,False,False,False,False,False
2026-04-28 12:25:52,2026-04-28 12:25:00,2026-04-28 12:20:00,ES,BRACKET_MACRO,ROTATION_ILLIQUID,TrendUp,LUNCH_AUCTION,TRANSITION,TRANSITION,NONE,50,35,NO_CLEAR_STAGE_C_ALIGNMENT,UNCHANGED,0,0.0,0,LUNCH,58.12,NONE,1.0,1.0,0.5128205128205128,125.0,15.0,0.0,0.9998432355857458,0.9996864711748464,0.0011037544118298,15,0.1529411764705882,-0.5648695616933223,-1.4201183431952662,0.0145867098865478,0,1,0,7158.5,6.3375,,,,False,FRESH,False,False,False,False,False,False,False,False,False,False,False,False
2026-04-28 12:26:02,2026-04-28 12:25:00,2026-04-28 12:25:00,ES,BRACKET_MACRO,ROTATION_ILLIQUID,TrendUp,LUNCH_AUCTION,TRANSITION,TRANSITION,NONE,50,35,NO_CLEAR_STAGE_C_ALIGNMENT,UNCHANGED,0,0.0,0,LUNCH,58.12,NONE,1.0,1.0,0.5128205128205128,125.0,15.0,0.0,0.9996159766446152,0.9992319532884404,0.002455625121808,16,0.1529411764705882,-0.5648695616933223,-1.4201183431952662,0.0145867098865478,0,1,0,7158.5,6.3375,,,,False,FRESH,False,False,False,False,False,False,False,False,False,False,False,False
2026-04-28 12:35:40,2026-04-28 12:35:00,2026-04-28 12:30:00,ES,BRACKET_MACRO,ROTATION_ILLIQUID,TrendUp,LUNCH_AUCTION,TRANSITION,TRANSITION,NONE,50,45,NO_CLEAR_STAGE_C_ALIGNMENT,UNCHANGED,0,-1.023,0,LUNCH,66.56,SHORT,0.9285714285714286,0.0588235294117647,-1.1504424778761062,135.0,16.0,0.0,0.9996885949754776,0.9993771899505411,0.0020383623987092,17,0.4705882352941176,-1.8036334705550316,-2.787610619469026,0.02475442043222,0,1,0,7151.75,5.65,,,,False,FRESH,False,False,False,False,False,False,False,False,False,False,False,False
2026-04-28 12:35:49,2026-04-28 12:35:00,2026-04-28 12:35:00,ES,BRACKET_MACRO,ROTATION_ILLIQUID,TrendUp,LUNCH_AUCTION,TRANSITION,TRANSITION,NONE,50,45,NO_CLEAR_STAGE_C_ALIGNMENT,UNCHANGED,0,-1.023,0,LUNCH,66.56,SHORT,0.9285714285714286,0.0588235294117647,-1.1504424778761062,135.0,16.0,0.0,0.999488511636054,0.99897702327056,0.0031649204391067,18,0.4705882352941176,-1.8036334705550316,-2.787610619469026,0.02475442043222,0,1,0,7151.75,5.65,,,,False,FRESH,False,False,False,False,False,False,False,False,False,False,False,False
2026-04-28 13:01:42,2026-04-28 12:55:00,2026-04-28 12:40:00,ES,BRACKET_MACRO,ROTATION_LIQUID,TrendUp,LUNCH_AUCTION,TRANSITION,TRANSITION,NONE,50,45,NO_CLEAR_STAGE_C_ALIGNMENT,UNCHANGED,0,-1.434,0,LUNCH,69.41,SHORT,1.0,0.9411764705882352,-0.2843601895734597,155.0,18.0,0.0,0.997658817234122,0.995317634468897,0.0119160954248586,19,0.5411764705882353,-2.175923091645061,-3.2701421800947865,0.0264773599386032,0,1,0,7150.25,5.275,,,,False,FRESH,False,False,False,False,False,False,False,False,False,False,False,False
2026-04-28 13:06:33,2026-04-28 13:05:00,2026-04-28 13:00:00,ES,BRACKET_MACRO,ROTATION_LIQUID,TrendUp,POST_LUNCH_ROTATION,ROTATION_LIQUID,ROTATION_LIQUID,BOTH,64,35,BALANCED_TRADEABLE_RANGE,LOCKED_IMMEDIATE,0,-0.285,0,LUNCH,69.41,SHORT,0.0,1.0,0.0,165.0,19.0,0.0,0.9467917453673242,0.8935834907378023,0.1499360743468082,20,0.5411764705882353,-2.326116727556132,-3.5294117647058822,0.0259984928409947,0,1,0,7150.25,4.8875,,,,False,FRESH,False,False,True,False,True,False,False,True,True,True,False,False
2026-04-28 13:06:42,2026-04-28 13:05:00,2026-04-28 13:05:00,ES,BRACKET_MACRO,ROTATION_LIQUID,TrendUp,POST_LUNCH_ROTATION,ROTATION_LIQUID,ROTATION_LIQUID,BOTH,64,35,BALANCED_TRADEABLE_RANGE,UNCHANGED,0,-0.285,0,LUNCH,69.41,SHORT,0.0,1.0,0.0,165.0,19.0,0.0,0.9993070123276272,0.9986140246557692,0.0041361238537633,21,0.5411764705882353,-2.326116727556132,-3.5294117647058822,0.0259984928409947,0,1,0,7150.25,4.8875,,,,False,FRESH,False,False,True,False,True,False,False,True,True,True,False,False
2026-04-28 13:08:11,2026-04-16 11:55:00,2026-04-16 11:55:00,ES,BRACKET_MACRO,ROTATION_ILLIQUID,TrendUp,MID_MORNING_DISCOVERY,TRANSITION,TRANSITION,NONE,50,100,MACRO_STALE_17353.2MIN,UNCHANGED,0,0.0,0,POST_IB_AM,43.25,NONE,0.2941176470588235,0.1363636363636363,-0.5076142131979695,20.0,3.0,0.0,0.9999819363687352,0.9999638727395632,0.0001553403004377,30,0.0,0.9820496994067754,0.4060913705583756,0.0072463768115942,0,1,0,7068.25,2.4625,,,,True,MACRO_STALE_17353.2MIN,False,False,False,False,False,False,False,False,False,False,False,False
2026-04-28 13:08:12,2026-04-28 13:05:00,2026-04-28 13:05:00,ES,BRACKET_MACRO,ROTATION_LIQUID,TrendUp,POST_LUNCH_ROTATION,ROTATION_LIQUID,ROTATION_LIQUID,BOTH,64,35,BALANCED_TRADEABLE_RANGE,LOCKED_IMMEDIATE,0,0.0,0,LUNCH,69.41,SHORT,0.0,1.0,0.0,165.0,19.0,0.0,0.9993070123276272,0.9986140246557692,0.0041361238537633,21,0.5411764705882353,-2.2967465668546656,-3.484848484848485,0.0259984928409947,0,1,0,7150.25,4.95,,,,False,FRESH,False,False,True,False,True,False,False,True,True,True,False,False
2026-04-28 13:15:34,2026-04-28 13:15:00,2026-04-28 13:10:00,ES,BRACKET_MACRO,ROTATION_ILLIQUID,TrendUp,POST_LUNCH_ROTATION,TRANSITION,TRANSITION,NONE,50,35,NO_CLEAR_STAGE_C_ALIGNMENT,LOCKED_IMMEDIATE,0,0.0,0,LUNCH,62.57,NONE,1.0,0.3684210526315789,0.7046070460704608,175.0,20.0,0.0,0.9997021278362144,0.9994042556733131,0.0019593285046305,22,0.388235294117647,-1.7047544838301034,-3.035230352303523,0.0204978038067349,0,1,0,7153.5,4.6125,,,,False,FRESH,False,False,False,False,False,False,False,False,False,False,False,False
2026-04-28 13:15:43,2026-04-28 13:15:00,2026-04-28 13:15:00,ES,BRACKET_MACRO,ROTATION_ILLIQUID,TrendUp,POST_LUNCH_ROTATION,TRANSITION,TRANSITION,NONE,50,35,NO_CLEAR_STAGE_C_ALIGNMENT,UNCHANGED,0,0.0,0,LUNCH,62.57,NONE,1.0,0.3684210526315789,0.7046070460704608,175.0,20.0,0.0,0.9994654233095948,0.9989308466167386,0.0032907538322284,23,0.388235294117647,-1.7047544838301034,-3.035230352303523,0.0204978038067349,0,1,0,7153.5,4.6125,,,,False,FRESH,False,False,False,False,False,False,False,False,False,False,False,False
2026-04-28 13:25:18,2026-03-09 11:05:00,2026-03-09 11:05:00,ES,MEAN_REVERSION_MACRO,ROTATION_ILLIQUID,TrendUp,MID_MORNING_DISCOVERY,TRANSITION,TRANSITION,NONE,50,100,MACRO_STALE_72140.3MIN,UNCHANGED,0,0.0,0,POST_IB_AM,24.84,NONE,0.3333333333333333,0.5348837209302325,0.2378121284185493,75.0,13.0,0.0,0.9783718214125066,0.9567436428261952,0.0752436105059368,11,0.0,-0.4244496122187883,-0.380499405469679,0.008893829905503,1,1,0,6674.75,10.5125,,,,True,MACRO_STALE_72140.3MIN,False,False,False,False,False,False,False,False,False,False,False,False
2026-04-28 13:25:19,2026-04-28 13:15:00,2026-04-28 13:15:00,ES,BRACKET_MACRO,ROTATION_ILLIQUID,TrendUp,POST_LUNCH_ROTATION,TRANSITION,TRANSITION,NONE,50,35,NO_CLEAR_STAGE_C_ALIGNMENT,UNCHANGED,0,0.0,0,LUNCH,62.2,NONE,1.0,0.3684210526315789,0.6842105263157895,175.0,20.0,0.0,0.9999586657316246,0.9999173314615346,0.0003307768190878,23,0.388235294117647,-1.655406327719232,-2.9473684210526314,0.0204978038067349,0,1,0,7153.5,4.75,,,,False,FRESH,False,False,False,False,False,False,False,False,False,False,False,False
2026-04-28 13:26:56,2026-04-28 13:25:00,2026-04-28 13:25:00,ES,BRACKET_MACRO,ROTATION_ILLIQUID,TrendUp,POST_LUNCH_ROTATION,TRANSITION,TRANSITION,NONE,50,35,NO_CLEAR_STAGE_C_ALIGNMENT,UNCHANGED,0,0.0,0,LUNCH,45.34,NONE,0.5294117647058824,0.5294117647058824,0.5056179775280899,185.0,21.0,0.0,0.9998071855017192,0.9996143710063696,0.001328786381003,25,0.4352941176470588,-1.9574018082181448,-3.3707865168539324,0.0214438884917798,0,1,0,7152.5,4.45,,,,False,FRESH,False,False,False,False,False,False,False,False,False,False,False,False
2026-04-28 13:36:45,2026-04-28 13:35:00,2026-04-28 13:35:00,ES,BRACKET_MACRO,ROTATION_ILLIQUID,TrendUp,POST_LUNCH_ROTATION,TRANSITION,TRANSITION,NONE,50,30,NO_CLEAR_STAGE_C_ALIGNMENT,UNCHANGED,0,1.097,0,PM,62.44,NONE,0.7142857142857143,0.8048780487804879,1.11731843575419,195.0,22.0,20.88,0.9902741704666512,0.980548340933502,0.0394850173780381,27,0.1529411764705882,-0.5796384223806819,-2.011173184357542,0.0125523012552301,0,1,0,7158.5,4.475,,,,False,FRESH,False,False,False,False,False,False,False,False,False,False,False,False
2026-04-28 13:40:03,2026-04-27 10:55:00,2026-04-27 10:55:00,ES,BRACKET_MACRO,ROTATION_ILLIQUID,TrendUp,POST_IB_MACRO,TRANSITION,TRANSITION,NONE,50,100,MACRO_STALE_1605.0MIN,UNCHANGED,0,0.0,0,POST_IB_AM,0.0,NONE,0.0,0.0,0.0,0.0,0.0,0.0,0.999953306788162,0.999906613578857,0.0003695554866297,11,0.0,-0.1859540506642848,0.5,0.0032377428307123,0,1,0,7190.0,7.0,,,,True,MACRO_STALE_1605.0MIN,False,False,False,False,False,False,False,False,False,False,False,False
2026-04-28 13:40:04,2026-04-28 13:35:00,2026-04-28 13:35:00,ES,BRACKET_MACRO,ROTATION_ILLIQUID,TrendUp,POST_LUNCH_ROTATION,TRANSITION,TRANSITION,NONE,50,20,NO_CLEAR_STAGE_C_ALIGNMENT,UNCHANGED,0,0.0,0,PM,62.36,NONE,0.7142857142857143,0.8048780487804879,1.1049723756906076,195.0,22.0,20.65,0.9756362485732136,0.9512724971430976,0.082643010837476,27,0.1529411764705882,-0.5732335779344864,-1.9889502762430935,0.0125523012552301,0,1,0,7158.5,4.525,,,,False,FRESH,False,False,False,False,False,False,False,False,False,False,False,False
2026-04-28 13:46:35,2026-04-28 13:45:00,2026-04-28 13:40:00,ES,MEAN_REVERSION_MACRO,ROTATION_ILLIQUID,TrendUp,POST_LUNCH_ROTATION,ROTATION_ILLIQUID,TRANSITION,NONE,62,50,COMPRESSED_BALANCE_LOW_EDGE,PENDING_ROTATION_ILLIQUID_1_OF_2,1,0.0,0,PM,20.67,LONG,1.0,0.8461538461538461,2.0114942528735638,0.0,0.0,1.2,0.9985691225397932,0.9971382450763914,0.007791518804854,28,0.0235294117647058,0.0375870528310853,-1.4367816091954024,0.0084918478260869,1,1,0,7161.25,4.35,,,,False,FRESH,False,False,False,False,False,False,False,False,False,False,False,False
2026-04-28 13:46:44,2026-04-28 13:45:00,2026-04-28 13:45:00,ES,MEAN_REVERSION_MACRO,ROTATION_ILLIQUID,TrendUp,POST_LUNCH_ROTATION,ROTATION_ILLIQUID,ROTATION_ILLIQUID,NONE,62,50,COMPRESSED_BALANCE_LOW_EDGE,LOCKED_AFTER_2_CONFIRMATIONS,0,0.0,0,PM,20.67,LONG,1.0,0.8461538461538461,2.0114942528735638,0.0,0.0,1.2,0.9995227061294176,0.9990454122619644,0.0029771647148449,29,0.0235294117647058,0.0375870528310853,-1.4367816091954024,0.0084918478260869,1,1,0,7161.25,4.35,,,,False,FRESH,False,False,False,False,False,False,False,False,False,False,False,False
2026-04-28 13:51:28,2026-03-09 11:05:00,2026-03-09 11:05:00,ES,MEAN_REVERSION_MACRO,ROTATION_ILLIQUID,TrendUp,MID_MORNING_DISCOVERY,TRANSITION,TRANSITION,NONE,50,100,MACRO_STALE_72166.5MIN,UNCHANGED,0,0.0,0,POST_IB_AM,24.84,NONE,0.3333333333333333,0.5348837209302325,0.2378121284185493,75.0,13.0,0.0,0.9783718214125066,0.956743642826038,0.0752436105062584,11,0.0,-0.4244496122187883,-0.380499405469679,0.008893829905503,1,1,0,6674.75,10.5125,,,,True,MACRO_STALE_72166.5MIN,False,False,False,False,False,False,False,False,False,False,False,False
2026-04-28 13:51:29,2026-04-28 13:45:00,2026-04-28 13:45:00,ES,MEAN_REVERSION_MACRO,ROTATION_ILLIQUID,TrendUp,POST_LUNCH_ROTATION,ROTATION_ILLIQUID,TRANSITION,NONE,62,50,COMPRESSED_BALANCE_LOW_EDGE,PENDING_ROTATION_ILLIQUID_1_OF_2,1,0.0,0,PM,20.67,LONG,1.0,0.8461538461538461,2.0114942528735638,0.0,0.0,1.2,0.9996022146485208,0.999204429299484,0.0025335208055186,29,0.0235294117647058,0.0375870528310853,-1.4367816091954024,0.0084918478260869,1,1,0,7161.25,4.35,,,,False,FRESH,False,False,False,False,False,False,False,False,False,False,False,False
2026-04-28 13:56:26,2026-04-28 13:55:00,2026-04-28 13:50:00,ES,MEAN_REVERSION_MACRO,ROTATION_ILLIQUID,TrendUp,POST_LUNCH_ROTATION,ROTATION_ILLIQUID,ROTATION_ILLIQUID,NONE,62,50,COMPRESSED_BALANCE_LOW_EDGE,LOCKED_AFTER_2_CONFIRMATIONS,0,0.0,0,PM,24.03,LONG,1.0,0.8181818181818182,0.9907120743034056,0.0,1.0,10.81,0.9994769860374094,0.9989539720775292,0.0032278278901963,30,0.0,0.3458287639191285,-1.238390092879257,0.0066577896138482,1,1,0,7162.5,4.0375,,,,False,FRESH,False,False,False,False,False,False,False,False,False,False,False,False
2026-04-28 13:56:34,2026-04-28 13:55:00,2026-04-28 13:55:00,ES,MEAN_REVERSION_MACRO,ROTATION_ILLIQUID,TrendUp,POST_LUNCH_ROTATION,ROTATION_ILLIQUID,ROTATION_ILLIQUID,NONE,62,50,COMPRESSED_BALANCE_LOW_EDGE,UNCHANGED,0,0.0,0,PM,24.03,LONG,1.0,0.8181818181818182,0.9907120743034056,0.0,1.0,10.81,0.9995032486837911,0.9990064973682964,0.0030842110002749,31,0.0,0.3458287639191285,-1.238390092879257,0.0066577896138482,1,1,0,7162.5,4.0375,,,,False,FRESH,False,False,False,False,False,False,False,False,False,False,False,False
2026-04-28 14:04:35,2026-04-28 13:55:00,2026-04-28 13:55:00,ES,MEAN_REVERSION_MACRO,ROTATION_ILLIQUID,TrendUp,POST_LUNCH_ROTATION,ROTATION_ILLIQUID,TRANSITION,NONE,62,50,COMPRESSED_BALANCE_LOW_EDGE,PENDING_ROTATION_ILLIQUID_1_OF_2,1,0.0,0,PM,23.91,LONG,1.0,0.8181818181818182,0.9609609609609612,0.0,1.0,10.48,0.9999321071138032,0.9998642142304704,0.0005190080375441,31,0.0,0.3354435157533889,-1.2012012012012012,0.0066577896138482,1,1,0,7162.5,4.1625,,,,False,FRESH,False,False,False,False,False,False,False,False,False,False,False,False
2026-04-28 14:05:44,2026-03-09 11:05:00,2026-03-09 11:05:00,ES,MEAN_REVERSION_MACRO,ROTATION_ILLIQUID,TrendUp,MID_MORNING_DISCOVERY,TRANSITION,TRANSITION,NONE,50,100,MACRO_STALE_72180.7MIN,UNCHANGED,0,0.0,0,POST_IB_AM,24.84,NONE,0.3333333333333333,0.5348837209302325,0.2378121284185493,75.0,13.0,0.0,0.9783718214125066,0.9567436428261952,0.0752436105059368,11,0.0,-0.4244496122187883,-0.380499405469679,0.008893829905503,1,1,0,6674.75,10.5125,,,,True,MACRO_STALE_72180.7MIN,False,False,False,False,False,False,False,False,False,False,False,False
2026-04-28 14:05:45,2026-04-28 14:05:00,2026-04-28 14:00:00,ES,MEAN_REVERSION_MACRO,ROTATION_ILLIQUID,TrendUp,AFTERNOON_TREND_TEST,ROTATION_ILLIQUID,TRANSITION,NONE,62,50,COMPRESSED_BALANCE_LOW_EDGE,PENDING_ROTATION_ILLIQUID_1_OF_2,1,0.0,0,PM,36.38,LONG,1.0,1.0,0.438871473354232,10.0,2.0,14.42,0.9998124681590844,0.999624936321746,0.0012961391041288,32,0.0,0.461356006476265,-1.1285266457680252,0.0058804312316236,1,1,0,7163.0,3.9875,,,,False,FRESH,False,False,False,False,False,False,False,False,False,False,False,False
2026-04-28 14:05:49,2026-04-28 14:05:00,2026-04-28 14:05:00,ES,MEAN_REVERSION_MACRO,ROTATION_ILLIQUID,TrendUp,AFTERNOON_TREND_TEST,ROTATION_ILLIQUID,ROTATION_ILLIQUID,NONE,62,50,COMPRESSED_BALANCE_LOW_EDGE,LOCKED_AFTER_2_CONFIRMATIONS,0,0.0,0,PM,36.38,LONG,1.0,1.0,0.438871473354232,10.0,2.0,14.42,0.998830033191097,0.9976600663834708,0.0065407973903026,33,0.0,0.461356006476265,-1.1285266457680252,0.0058804312316236,1,1,0,7163.0,3.9875,,,,False,FRESH,False,False,False,False,False,False,False,False,False,False,False,False
2026-04-28 14:15:51,2026-04-28 14:15:00,2026-04-28 14:10:00,ES,MEAN_REVERSION_MACRO,ROTATION_ILLIQUID,TrendUp,AFTERNOON_TREND_TEST,TRANSITION,TRANSITION,NONE,52,50,HMM_TRANSITION_OR_RETURN_TO_OPEN,LOCKED_IMMEDIATE,0,0.0,0,PM,51.95,LONG,1.0,1.0,0.5161290322580645,20.0,3.0,26.64,0.9995747037849596,0.9991494075704552,0.0026882192404105,34,0.0,0.8524792841173269,-0.7741935483870968,0.0038424591738712,1,1,0,7164.5,3.875,,,,False,FRESH,False,False,False,False,False,False,False,False,False,False,False,False
2026-04-28 14:16:01,2026-04-28 14:15:00,2026-04-28 14:15:00,ES,MEAN_REVERSION_MACRO,ROTATION_ILLIQUID,TrendUp,AFTERNOON_TREND_TEST,TRANSITION,TRANSITION,NONE,52,50,HMM_TRANSITION_OR_RETURN_TO_OPEN,UNCHANGED,0,0.0,0,PM,51.95,LONG,1.0,1.0,0.5161290322580645,20.0,3.0,26.64,0.9995625507881049,0.9991251015787386,0.0027561435618607,35,0.0,0.8524792841173269,-0.7741935483870968,0.0038424591738712,1,1,0,7164.5,3.875,,,,False,FRESH,False,False,False,False,False,False,False,False,False,False,False,False
2026-04-28 14:27:02,2026-04-27 10:55:00,2026-04-27 10:55:00,ES,BRACKET_MACRO,ROTATION_ILLIQUID,TrendUp,POST_IB_MACRO,TRANSITION,TRANSITION,NONE,50,100,MACRO_STALE_1652.0MIN,UNCHANGED,0,0.0,0,POST_IB_AM,0.0,NONE,0.0,0.0,0.0,0.0,0.0,0.0,0.999953306788162,0.999906613578857,0.0003695554866297,11,0.0,-0.1859540506642848,0.5,0.0032377428307123,0,1,0,7190.0,7.0,,,,True,MACRO_STALE_1652.0MIN,False,False,False,False,False,False,False,False,False,False,False,False
2026-04-28 14:27:03,2026-04-28 14:25:00,2026-04-28 14:25:00,ES,MEAN_REVERSION_MACRO,ROTATION_ILLIQUID,TrendUp,AFTERNOON_TREND_TEST,TRANSITION,TRANSITION,NONE,52,50,HMM_TRANSITION_OR_RETURN_TO_OPEN,UNCHANGED,0,0.0,0,PM,56.0,LONG,1.0,1.0,1.316614420062696,30.0,4.0,50.0,0.9995431470097662,0.9990862940221328,0.0028640908350587,37,0.0,1.7114705127451062,0.1880877742946708,0.0009363295880149,1,1,0,7168.25,3.9875,,,,False,FRESH,False,False,False,False,False,False,False,False,False,False,False,False
2026-04-28 14:36:31,2026-04-28 14:35:00,2026-04-28 14:30:00,ES,MEAN_REVERSION_MACRO,ROTATION_ILLIQUID,TrendUp,AFTERNOON_TREND_TEST,TRANSITION,TRANSITION,NONE,52,50,HMM_TRANSITION_OR_RETURN_TO_OPEN,UNCHANGED,0,0.0,0,PM,21.25,LONG,0.0344827586206896,0.2432432432432432,0.0638977635782747,40.0,5.0,25.73,0.9989005794989544,0.9978011589977228,0.0061957527270258,38,0.0,0.823366104514701,-0.7028753993610224,0.0033670033670033,1,1,0,7164.75,3.9125,,,,False,FRESH,False,False,False,False,False,False,False,False,False,False,False,False
2026-04-28 14:36:39,2026-04-28 14:35:00,2026-04-28 14:35:00,ES,MEAN_REVERSION_MACRO,ROTATION_ILLIQUID,TrendUp,AFTERNOON_TREND_TEST,TRANSITION,TRANSITION,NONE,52,50,HMM_TRANSITION_OR_RETURN_TO_OPEN,UNCHANGED,0,0.0,0,PM,21.25,LONG,0.0344827586206896,0.2432432432432432,0.0638977635782747,40.0,5.0,25.73,0.9990083470675818,0.9980166941325708,0.005662267141697,39,0.0,0.823366104514701,-0.7028753993610224,0.0033670033670033,1,1,0,7164.75,3.9125,,,,False,FRESH,False,False,False,False,False,False,False,False,False,False,False,False
2026-04-28 14:46:00,2026-04-28 14:45:00,2026-04-28 14:40:00,ES,MEAN_REVERSION_MACRO,ROTATION_ILLIQUID,TrendUp,AFTERNOON_TREND_TEST,TRANSITION,TRANSITION,NONE,52,50,HMM_TRANSITION_OR_RETURN_TO_OPEN,UNCHANGED,0,-0.194,0,PM,37.74,NONE,0.12,0.391304347826087,-0.202020202020202,50.0,6.0,49.84,0.9989810115549772,0.9979620231119776,0.0057983531698204,40,0.0,1.5947757810257222,0.0,0.0,1,1,0,7167.5,3.7125,,,,False,FRESH,False,False,False,False,False,False,False,False,False,False,False,False
2026-04-28 14:46:09,2026-04-28 14:45:00,2026-04-28 14:45:00,ES,MEAN_REVERSION_MACRO,ROTATION_ILLIQUID,TrendUp,AFTERNOON_TREND_TEST,TRANSITION,TRANSITION,NONE,52,50,HMM_TRANSITION_OR_RETURN_TO_OPEN,UNCHANGED,0,-0.194,0,PM,37.74,NONE,0.12,0.391304347826087,-0.202020202020202,50.0,6.0,49.84,0.9992874411707215,0.99857488233987,0.0042386149341121,41,0.0,1.5947757810257222,0.0,0.0,1,1,0,7167.5,3.7125,,,,False,FRESH,False,False,False,False,False,False,False,False,False,False,False,False
2026-04-28 14:49:09,2026-03-09 11:05:00,2026-03-09 11:05:00,ES,MEAN_REVERSION_MACRO,ROTATION_ILLIQUID,TrendUp,MID_MORNING_DISCOVERY,TRANSITION,TRANSITION,NONE,50,100,MACRO_STALE_72224.2MIN,UNCHANGED,0,0.0,0,POST_IB_AM,24.84,NONE,0.3333333333333333,0.5348837209302325,0.2378121284185493,75.0,13.0,0.0,0.9783718214125066,0.956743642826038,0.0752436105062584,11,0.0,-0.4244496122187883,-0.380499405469679,0.008893829905503,1,1,0,6674.75,10.5125,,,,True,MACRO_STALE_72224.2MIN,False,False,False,False,False,False,False,False,False,False,False,False
2026-04-28 14:49:10,2026-04-28 14:45:00,2026-04-28 14:45:00,ES,MEAN_REVERSION_MACRO,ROTATION_ILLIQUID,TrendUp,AFTERNOON_TREND_TEST,TRANSITION,TRANSITION,NONE,52,50,HMM_TRANSITION_OR_RETURN_TO_OPEN,UNCHANGED,0,0.0,0,PM,37.74,NONE,0.12,0.391304347826087,-0.2006688963210702,50.0,6.0,49.5,0.999456837892017,0.998913675786604,0.0033373598094807,41,0.0,1.5840570647416954,0.0,0.0,1,1,0,7167.5,3.7375,,,,False,FRESH,False,False,False,False,False,False,False,False,False,False,False,False
2026-04-28 14:57:05,2026-04-28 14:55:00,2026-04-28 14:55:00,ES,MEAN_REVERSION_MACRO,ROTATION_ILLIQUID,TrendUp,AFTERNOON_TREND_TEST,TRANSITION,TRANSITION,NONE,52,30,HMM_TRANSITION_OR_RETURN_TO_OPEN,UNCHANGED,0,0.0,0,PM,56.0,LONG,1.0,0.4166666666666667,1.3013698630136987,60.0,7.0,50.0,0.9994515385701608,0.9989030771437454,0.0033660782267045,43,0.0,2.1491047300170902,0.547945205479452,0.0023724792408066,1,1,0,7169.5,3.65,,,,False,FRESH,False,False,False,False,False,False,False,False,False,False,False,False
2026-04-28 15:06:33,2026-04-28 15:05:00,2026-04-28 15:00:00,ES,MEAN_REVERSION_MACRO,ROTATION_ILLIQUID,TrendUp,LATE_DAY_CONVICTION,TRANSITION,TRANSITION,NONE,52,30,HMM_TRANSITION_OR_RETURN_TO_OPEN,UNCHANGED,0,0.693,0,POWER_HOUR,51.09,LONG,1.0,0.2,0.7272727272727273,70.0,8.0,50.0,0.9992735216416512,0.9985470432814828,0.0043112725418604,44,0.0,2.390536538234764,0.7272727272727273,0.0029146021568055,1,1,0,7170.0,3.4375,,,,False,FRESH,False,False,False,False,False,False,False,False,False,False,False,False
2026-04-28 15:06:42,2026-04-28 15:05:00,2026-04-28 15:05:00,ES,MEAN_REVERSION_MACRO,ROTATION_ILLIQUID,TrendUp,LATE_DAY_CONVICTION,TRANSITION,TRANSITION,NONE,52,30,HMM_TRANSITION_OR_RETURN_TO_OPEN,UNCHANGED,0,0.693,0,POWER_HOUR,51.09,LONG,1.0,0.2,0.7272727272727273,70.0,8.0,50.0,0.9982537976265616,0.9965075952547096,0.0092574903097894,45,0.0,2.390536538234764,0.7272727272727273,0.0029146021568055,1,1,0,7170.0,3.4375,,,,False,FRESH,False,False,False,False,False,False,False,False,False,False,False,False
2026-04-28 15:09:45,2026-03-09 11:05:00,2026-03-09 11:05:00,ES,MEAN_REVERSION_MACRO,ROTATION_ILLIQUID,TrendUp,MID_MORNING_DISCOVERY,TRANSITION,TRANSITION,NONE,50,100,MACRO_STALE_72244.7MIN,UNCHANGED,0,0.0,0,POST_IB_AM,24.84,NONE,0.3333333333333333,0.5348837209302325,0.2378121284185493,75.0,13.0,0.0,0.9783718214125066,0.956743642826038,0.0752436105062584,11,0.0,-0.4244496122187883,-0.380499405469679,0.008893829905503,1,1,0,6674.75,10.5125,,,,True,MACRO_STALE_72244.7MIN,False,False,False,False,False,False,False,False,False,False,False,False
2026-04-28 15:09:46,2026-04-28 15:05:00,2026-04-28 15:05:00,ES,MEAN_REVERSION_MACRO,ROTATION_ILLIQUID,TrendUp,LATE_DAY_CONVICTION,TRANSITION,TRANSITION,NONE,52,30,HMM_TRANSITION_OR_RETURN_TO_OPEN,UNCHANGED,0,0.0,0,POWER_HOUR,50.68,LONG,1.0,0.2,0.7042253521126761,70.0,8.0,50.0,0.9404648956539844,0.880929791307293,0.1627983430818671,45,0.0,2.3147257505197687,0.7042253521126761,0.0029146021568055,1,1,0,7170.0,3.55,,,,False,FRESH,False,False,False,False,False,False,False,False,False,False,False,False
2026-04-28 15:14:32,2026-04-27 10:55:00,2026-04-27 10:55:00,ES,BRACKET_MACRO,ROTATION_ILLIQUID,TrendUp,POST_IB_MACRO,TRANSITION,TRANSITION,NONE,50,100,MACRO_STALE_1699.5MIN,UNCHANGED,0,0.0,0,POST_IB_AM,0.0,NONE,0.0,0.0,0.0,0.0,0.0,0.0,0.999953306788162,0.9999066135788574,0.0003695554866275,11,0.0,-0.1859540506642848,0.5,0.0032377428307123,0,1,0,7190.0,7.0,,,,True,MACRO_STALE_1699.5MIN,False,False,False,False,False,False,False,False,False,False,False,False
2026-04-28 15:14:33,2026-04-28 15:05:00,2026-04-28 15:05:00,ES,MEAN_REVERSION_MACRO,ROTATION_ILLIQUID,TrendUp,LATE_DAY_CONVICTION,TRANSITION,TRANSITION,NONE,52,30,HMM_TRANSITION_OR_RETURN_TO_OPEN,UNCHANGED,0,0.0,0,POWER_HOUR,50.68,LONG,1.0,0.2,0.7042253521126761,70.0,8.0,50.0,0.992367059515145,0.9847341190327096,0.0323282520175878,45,0.0,2.3147257505197687,0.7042253521126761,0.0029146021568055,1,1,0,7170.0,3.55,,,,False,FRESH,False,False,False,False,False,False,False,False,False,False,False,False
2026-04-28 15:16:08,2026-04-28 15:15:00,2026-04-28 15:10:00,ES,MEAN_REVERSION_MACRO,ROTATION_ILLIQUID,TrendUp,LATE_DAY_CONVICTION,TREND_COMPRESSION,TREND_COMPRESSION,LONG,66,30,MICRO_TREND_INSIDE_MACRO_STRUCTURE,LOCKED_IMMEDIATE,0,0.0,0,POWER_HOUR,56.0,LONG,1.0,1.0,1.1152416356877324,80.0,9.0,50.0,0.9966728683920152,0.9933457367873986,0.0160896719165205,46,0.0,3.336642850668072,1.7100371747211898,0.006578947368421,1,1,0,7173.25,3.3625,,,,False,FRESH,True,False,True,False,False,False,True,False,True,False,True,False
2026-04-28 15:16:17,2026-04-28 15:15:00,2026-04-28 15:15:00,ES,MEAN_REVERSION_MACRO,ROTATION_ILLIQUID,TrendUp,LATE_DAY_CONVICTION,TREND_COMPRESSION,TREND_COMPRESSION,LONG,66,30,MICRO_TREND_INSIDE_MACRO_STRUCTURE,UNCHANGED,0,0.0,0,POWER_HOUR,56.0,LONG,1.0,1.0,1.1152416356877324,80.0,9.0,50.0,0.9981136460236418,0.9962272920451388,0.0098953577227127,47,0.0,3.336642850668072,1.7100371747211898,0.006578947368421,1,1,0,7173.25,3.3625,,,,False,FRESH,True,False,True,False,False,False,True,False,True,False,True,False
2026-04-28 15:25:38,2026-04-28 15:25:00,2026-04-28 15:20:00,ES,MEAN_REVERSION_MACRO,ROTATION_ILLIQUID,TrendUp,LATE_DAY_CONVICTION,TRANSITION,TRANSITION,NONE,52,30,HMM_TRANSITION_OR_RETURN_TO_OPEN,LOCKED_IMMEDIATE,0,0.216,0,POWER_HOUR,36.59,LONG,0.1304347826086956,0.3939393939393939,0.2150537634408602,90.0,10.0,50.0,0.9966618795646826,0.9933237591258188,0.0161348596985754,48,0.0,2.4482877330649977,0.931899641577061,0.0036434977578475,1,1,0,7170.75,3.4875,,,,False,FRESH,False,False,False,False,False,False,False,False,False,False,False,False
2026-04-28 15:25:47,2026-04-28 15:25:00,2026-04-28 15:25:00,ES,MEAN_REVERSION_MACRO,ROTATION_ILLIQUID,TrendUp,LATE_DAY_CONVICTION,TRANSITION,TRANSITION,NONE,52,30,HMM_TRANSITION_OR_RETURN_TO_OPEN,UNCHANGED,0,0.216,0,POWER_HOUR,36.59,LONG,0.1304347826086956,0.3939393939393939,0.2150537634408602,90.0,10.0,50.0,0.9893600162370532,0.978720032471567,0.0425032919806614,49,0.0,2.4482877330649977,0.931899641577061,0.0036434977578475,1,1,0,7170.75,3.4875,,,,False,FRESH,False,False,False,False,False,False,False,False,False,False,False,False
2026-04-28 15:28:47,2026-03-09 11:05:00,2026-03-09 11:05:00,ES,MEAN_REVERSION_MACRO,ROTATION_ILLIQUID,TrendUp,MID_MORNING_DISCOVERY,TRANSITION,TRANSITION,NONE,50,100,MACRO_STALE_72263.8MIN,UNCHANGED,0,0.0,0,POST_IB_AM,24.84,NONE,0.3333333333333333,0.5348837209302325,0.2378121284185493,75.0,13.0,0.0,0.9783718214125066,0.956743642826038,0.0752436105062584,11,0.0,-0.4244496122187883,-0.380499405469679,0.008893829905503,1,1,0,6674.75,10.5125,,,,True,MACRO_STALE_72263.8MIN,False,False,False,False,False,False,False,False,False,False,False,False
2026-04-28 15:28:49,2026-04-28 15:25:00,2026-04-28 15:25:00,ES,MEAN_REVERSION_MACRO,ROTATION_ILLIQUID,TrendUp,LATE_DAY_CONVICTION,TRANSITION,TRANSITION,NONE,52,30,HMM_TRANSITION_OR_RETURN_TO_OPEN,UNCHANGED,0,0.0,0,POWER_HOUR,36.53,LONG,0.1304347826086956,0.3939393939393939,0.2142857142857142,90.0,10.0,50.0,0.9921912126323374,0.9843824252631808,0.0329442323259403,49,0.0,2.439543848304051,0.9285714285714286,0.0036434977578475,1,1,0,7170.75,3.5,,,,False,FRESH,False,False,False,False,False,False,False,False,False,False,False,False
2026-04-28 15:36:48,2026-03-09 11:05:00,2026-03-09 11:05:00,ES,MEAN_REVERSION_MACRO,ROTATION_ILLIQUID,TrendUp,MID_MORNING_DISCOVERY,TRANSITION,TRANSITION,NONE,50,100,MACRO_STALE_72271.8MIN,UNCHANGED,0,0.0,0,POST_IB_AM,24.84,NONE,0.3333333333333333,0.5348837209302325,0.2378121284185493,75.0,13.0,0.0,0.9783718214125066,0.956743642826038,0.0752436105062584,11,0.0,-0.4244496122187883,-0.380499405469679,0.008893829905503,1,1,0,6674.75,10.5125,,,,True,MACRO_STALE_72271.8MIN,False,False,False,False,False,False,False,False,False,False,False,False
2026-04-28 15:36:49,2026-04-28 15:35:00,2026-04-28 15:35:00,ES,MEAN_REVERSION_MACRO,ROTATION_ILLIQUID,TrendUp,LATE_DAY_CONVICTION,TRANSITION,TRANSITION,NONE,52,50,HMM_TRANSITION_OR_RETURN_TO_OPEN,UNCHANGED,0,0.0,0,POWER_HOUR,56.0,NONE,1.0,0.2682926829268293,-1.911764705882353,100.0,11.0,40.74,0.988020905900687,0.97604181179853,0.0468224252738208,51,0.0,1.3037251522117752,-0.2205882352941176,0.0008275862068965,1,1,0,7166.75,3.4,,,,False,FRESH,False,False,False,False,False,False,False,False,False,False,False,False
2026-04-28 15:46:20,2026-04-28 15:45:00,2026-04-28 15:40:00,ES,MEAN_REVERSION_MACRO,ROTATION_ILLIQUID,TrendUp,LATE_DAY_CONVICTION,TREND_COMPRESSION,TREND_COMPRESSION,LONG,66,30,MICRO_TREND_INSIDE_MACRO_STRUCTURE,LOCKED_IMMEDIATE,0,0.0,0,POWER_HOUR,15.36,LONG,0.0303030303030303,0.0714285714285714,0.072463768115942,110.0,12.0,50.0,0.9953607012371252,0.9907214024721718,0.0213204097320022,52,0.0,2.477829487061304,1.0144927536231882,0.0037981551817688,1,1,0,7171.0,3.45,,,,False,FRESH,True,False,True,False,False,False,True,False,True,False,True,False
2026-04-28 15:46:29,2026-04-28 15:45:00,2026-04-28 15:45:00,ES,MEAN_REVERSION_MACRO,ROTATION_ILLIQUID,TrendUp,LATE_DAY_CONVICTION,TREND_COMPRESSION,TREND_COMPRESSION,LONG,66,30,MICRO_TREND_INSIDE_MACRO_STRUCTURE,UNCHANGED,0,0.0,0,POWER_HOUR,15.36,LONG,0.0303030303030303,0.0714285714285714,0.072463768115942,110.0,12.0,50.0,0.9956750466323924,0.9913500932681067,0.0200951831597702,53,0.0,2.477829487061304,1.0144927536231882,0.0037981551817688,1,1,0,7171.0,3.45,,,,False,FRESH,True,False,True,False,False,False,True,False,True,False,True,False
2026-04-28 15:51:04,2026-03-09 11:05:00,2026-03-09 11:05:00,ES,MEAN_REVERSION_MACRO,ROTATION_ILLIQUID,TrendUp,MID_MORNING_DISCOVERY,TRANSITION,TRANSITION,NONE,50,100,MACRO_STALE_72286.1MIN,UNCHANGED,0,0.0,0,POST_IB_AM,24.84,NONE,0.3333333333333333,0.5348837209302325,0.2378121284185493,75.0,13.0,0.0,0.9783718214125066,0.956743642826038,0.0752436105062584,11,0.0,-0.4244496122187883,-0.380499405469679,0.008893829905503,1,1,0,6674.75,10.5125,,,,True,MACRO_STALE_72286.1MIN,False,False,False,False,False,False,False,False,False,False,False,False
2026-04-28 15:51:05,2026-04-28 15:45:00,2026-04-28 15:45:00,ES,MEAN_REVERSION_MACRO,ROTATION_ILLIQUID,TrendUp,LATE_DAY_CONVICTION,TRANSITION,TRANSITION,NONE,52,30,HMM_TRANSITION_OR_RETURN_TO_OPEN,UNCHANGED,0,0.0,0,POWER_HOUR,15.27,LONG,0.0303030303030303,0.0714285714285714,0.0711743772241992,110.0,12.0,50.0,0.998982268795737,0.9979645375888462,0.0057921059181052,53,0.0,2.433796707682437,0.99644128113879,0.0037981551817688,1,1,0,7171.0,3.5125,,,,False,FRESH,False,False,False,False,False,False,False,False,False,False,False,False
2026-04-28 15:52:38,2026-03-09 11:05:00,2026-03-09 11:05:00,ES,MEAN_REVERSION_MACRO,ROTATION_ILLIQUID,TrendUp,MID_MORNING_DISCOVERY,TRANSITION,TRANSITION,NONE,50,100,MACRO_STALE_72287.6MIN,UNCHANGED,0,0.0,0,POST_IB_AM,24.84,NONE,0.3333333333333333,0.5348837209302325,0.2378121284185493,75.0,13.0,0.0,0.9783718214125066,0.9567436428261952,0.0752436105059368,11,0.0,-0.4244496122187883,-0.380499405469679,0.008893829905503,1,1,0,6674.75,10.5125,,,,True,MACRO_STALE_72287.6MIN,False,False,False,False,False,False,False,False,False,False,False,False
2026-04-28 15:52:39,2026-04-28 15:45:00,2026-04-28 15:45:00,ES,MEAN_REVERSION_MACRO,ROTATION_ILLIQUID,TrendUp,LATE_DAY_CONVICTION,TRANSITION,TRANSITION,NONE,52,30,HMM_TRANSITION_OR_RETURN_TO_OPEN,UNCHANGED,0,0.0,0,POWER_HOUR,15.27,LONG,0.0303030303030303,0.0714285714285714,0.0711743772241992,110.0,12.0,50.0,0.9998421988448376,0.9996843976875333,0.0011103036008924,53,0.0,2.433739994408967,0.99644128113879,0.0037981551817688,1,1,0,7171.0,3.5125,,,,False,FRESH,False,False,False,False,False,False,False,False,False,False,False,False
2026-04-28 15:55:49,2026-04-28 15:55:00,2026-04-28 15:50:00,ES,MEAN_REVERSION_MACRO,ROTATION_ILLIQUID,TrendUp,LATE_DAY_CONVICTION,TREND_COMPRESSION,TREND_COMPRESSION,LONG,66,30,MICRO_TREND_INSIDE_MACRO_STRUCTURE,LOCKED_IMMEDIATE,0,0.0,0,POWER_HOUR,56.0,LONG,1.0,0.1818181818181818,1.263157894736842,120.0,13.0,50.0,0.9879542099571388,0.9759084199112018,0.0470345815141646,54,0.0,2.3801649987290148,1.0526315789473684,0.0039840637450199,1,1,0,7171.25,3.5625,,,,False,FRESH,True,False,True,False,False,False,True,False,True,False,True,False
2026-04-28 15:55:59,2026-04-28 15:55:00,2026-04-28 15:55:00,ES,MEAN_REVERSION_MACRO,ROTATION_ILLIQUID,TrendUp,LATE_DAY_CONVICTION,TREND_COMPRESSION,TREND_COMPRESSION,LONG,66,30,MICRO_TREND_INSIDE_MACRO_STRUCTURE,UNCHANGED,0,0.0,0,POWER_HOUR,56.0,LONG,1.0,0.1818181818181818,1.263157894736842,120.0,13.0,50.0,0.9921763242254468,0.984352648451516,0.0329962523434102,55,0.0,2.3801649987290148,1.0526315789473684,0.0039840637450199,1,1,0,7171.25,3.5625,,,,False,FRESH,True,False,True,False,False,False,True,False,True,False,True,False
2026-04-28 16:00:36,2026-04-28 16:00:00,2026-04-28 15:55:00,ES,MEAN_REVERSION_MACRO,ROTATION_ILLIQUID,TrendUp,CASH_CLOSE,TREND_COMPRESSION,TREND_COMPRESSION,LONG,66,30,MICRO_TREND_INSIDE_MACRO_STRUCTURE,UNCHANGED,0,0.141,0,CLOSE,41.78,LONG,1.0,0.0857142857142857,0.1398601398601398,125.0,14.0,50.0,0.692963879081906,0.385927758160858,0.4448612461214832,55,0.0,2.273420783691566,1.1188811188811187,0.0041862899005756,1,1,0,7171.5,3.575,,,,False,FRESH,False,False,True,False,False,False,True,False,True,False,False,False
2026-04-28 16:00:44,2026-04-28 16:00:00,2026-04-28 16:00:00,ES,MEAN_REVERSION_MACRO,ROTATION_ILLIQUID,TrendDown,CASH_CLOSE,TRANSITION,TRANSITION,NONE,52,50,HMM_TRANSITION_OR_RETURN_TO_OPEN,LOCKED_IMMEDIATE,0,0.141,1,CLOSE,41.78,LONG,1.0,0.0857142857142857,0.1398601398601398,125.0,14.0,50.0,0.9544490276259628,0.908898055249876,0.1335941854833819,2,0.0,2.273420783691566,1.1188811188811187,0.0041862899005756,1,1,0,7171.5,3.575,,,,False,FRESH,False,False,False,False,False,False,False,False,False,False,False,False
2026-04-28 16:14:44,2026-04-27 10:55:00,2026-04-27 10:55:00,ES,BRACKET_MACRO,ROTATION_ILLIQUID,TrendUp,POST_IB_MACRO,TRANSITION,TRANSITION,NONE,50,100,MACRO_STALE_1759.7MIN,UNCHANGED,0,0.0,0,POST_IB_AM,0.0,NONE,0.0,0.0,0.0,0.0,0.0,0.0,0.999953306788162,0.9999066135788574,0.0003695554866275,11,0.0,-0.1859540506642848,0.5,0.0032377428307123,0,1,0,7190.0,7.0,,,,True,MACRO_STALE_1759.7MIN,False,False,False,False,False,False,False,False,False,False,False,False
2026-04-28 16:14:46,2026-04-28 16:00:00,2026-04-28 16:00:00,ES,MEAN_REVERSION_MACRO,ROTATION_ILLIQUID,TrendDown,CASH_CLOSE,TRANSITION,TRANSITION,NONE,52,50,HMM_TRANSITION_OR_RETURN_TO_OPEN,UNCHANGED,0,0.0,0,CLOSE,41.78,LONG,1.0,0.0857142857142857,0.1398601398601398,125.0,14.0,50.0,0.9956702338616452,0.9913404677253124,0.0201140637617231,2,0.0,2.273477978556988,1.1188811188811187,0.0041862899005756,1,1,0,7171.5,3.575,,,,False,FRESH,False,False,False,False,False,False,False,False,False,False,False,False
2026-04-28 16:52:19,2026-04-22 14:45:00,2026-04-22 14:45:00,ES,BRACKET_MACRO,ROTATION_LIQUID,TrendUp,AFTERNOON_TREND_TEST,TRANSITION,TRANSITION,NONE,50,100,MACRO_STALE_8767.3MIN,UNCHANGED,0,0.0,0,PM,70.66,NONE,1.0,0.238095238095238,-0.7729468599033816,50.0,6.0,35.04,0.9805387788607856,0.961077557724034,0.0692023384467296,3,0.7090909090909091,0.6560640779535523,1.288244766505636,0.0145454545454545,0,1,0,7156.25,7.7625,,,,True,MACRO_STALE_8767.3MIN,False,False,False,False,False,False,False,False,False,False,False,False
2026-04-28 16:52:20,2026-04-28 16:00:00,2026-04-28 16:00:00,ES,MEAN_REVERSION_MACRO,ROTATION_ILLIQUID,TrendDown,CASH_CLOSE,TRANSITION,TRANSITION,NONE,50,100,MACRO_STALE_52.3MIN,UNCHANGED,0,0.0,0,CLOSE,41.78,LONG,1.0,0.0857142857142857,0.1398601398601398,125.0,14.0,50.0,0.9956703731942468,0.9913407463869314,0.0201135172230767,2,0.0,2.273420783691566,1.1188811188811187,0.0041862899005756,1,1,0,7171.5,3.575,,,,True,MACRO_STALE_52.3MIN,False,False,False,False,False,False,False,False,False,False,False,False
