"TimestampET","MacroRegime","MacroPlaybook","HMMRegime","HMMDirection","IBExtensionPct","TwoSidedFlag","Velocity3P_ATR","VelocityConfirmed","TrendExpansionScore","ConflictScore","Phase","FinalRegime","FinalDirection","RegimeConfidence","AllowExpansion","AllowMomo","ReasonCode","BlockedReason","StateAgeBars","RegimeFlipCount10Bar","HMMStateAgeBars","AsymHysteresisGateOpen","AsymHysteresisReason"
"2026-05-06 09:35:00","ROTATION","ROTATION_LIQUID","TrendUp","LONG","0.0","1","2.0442","1","50.0","0.0","OPENING_AUCTION","ROTATION_LIQUID","NEUTRAL","70","0","0","TWO_SIDED_CONFIRMED","NO_BOT_PERMISSION|HYST_BLOCK_NQ_TRENDUP_NO_MACRO_AGE_1","1","0","1","0","HYST_BLOCK_NQ_TRENDUP_NO_MACRO_AGE_1"
"2026-05-06 09:35:00","ROTATION","ROTATION_LIQUID","TrendUp","LONG","0.0","1","2.0442","1","50.0","0.0","OPENING_AUCTION","ROTATION_LIQUID","NEUTRAL","70","0","0","TWO_SIDED_CONFIRMED","NO_BOT_PERMISSION|HYST_BLOCK_NQ_TRENDUP_NO_MACRO_AGE_1","1","0","1","0","HYST_BLOCK_NQ_TRENDUP_NO_MACRO_AGE_1"
"2026-05-06 09:35:00","ROTATION","ROTATION_LIQUID","TrendUp","LONG","0.0","1","2.0442","1","50.0","0.0","OPENING_AUCTION","ROTATION_LIQUID","NEUTRAL","70","0","0","TWO_SIDED_CONFIRMED","NO_BOT_PERMISSION|HYST_BLOCK_NQ_TRENDUP_NO_MACRO_AGE_1","1","0","1","0","HYST_BLOCK_NQ_TRENDUP_NO_MACRO_AGE_1"
"2026-05-06 09:35:00","ROTATION","ROTATION_LIQUID","TrendUp","LONG","0.0","1","2.0442","1","50.0","0.0","OPENING_AUCTION","ROTATION_LIQUID","NEUTRAL","70","0","0","TWO_SIDED_CONFIRMED","NO_BOT_PERMISSION|HYST_BLOCK_NQ_TRENDUP_NO_MACRO_AGE_1","1","0","1","0","HYST_BLOCK_NQ_TRENDUP_NO_MACRO_AGE_1"
"2026-05-06 09:35:00","ROTATION","ROTATION_LIQUID","TrendUp","LONG","0.0","1","1.8884","1","50.0","0.0","OPENING_AUCTION","ROTATION_LIQUID","NEUTRAL","70","0","0","TWO_SIDED_CONFIRMED","NO_BOT_PERMISSION|HYST_BLOCK_NQ_TRENDUP_NO_MACRO_AGE_1","1","0","1","0","HYST_BLOCK_NQ_TRENDUP_NO_MACRO_AGE_1"
"2026-05-06 09:35:00","ROTATION","ROTATION_LIQUID","TrendUp","LONG","0.0","1","1.8884","1","50.0","0.0","OPENING_AUCTION","ROTATION_LIQUID","NEUTRAL","70","0","0","TWO_SIDED_CONFIRMED","NO_BOT_PERMISSION|HYST_BLOCK_NQ_TRENDUP_NO_MACRO_AGE_1","1","0","1","0","HYST_BLOCK_NQ_TRENDUP_NO_MACRO_AGE_1"
"2026-05-06 09:35:00","ROTATION","ROTATION_LIQUID","TrendUp","LONG","0.0","1","1.7803","1","50.0","0.0","OPENING_AUCTION","ROTATION_LIQUID","NEUTRAL","70","0","0","TWO_SIDED_CONFIRMED","NO_BOT_PERMISSION|HYST_BLOCK_NQ_TRENDUP_NO_MACRO_AGE_1","1","0","1","0","HYST_BLOCK_NQ_TRENDUP_NO_MACRO_AGE_1"
"2026-05-06 09:35:00","ROTATION","ROTATION_LIQUID","TrendUp","LONG","0.0","1","1.7803","1","50.0","0.0","OPENING_AUCTION","ROTATION_LIQUID","NEUTRAL","70","0","0","TWO_SIDED_CONFIRMED","NO_BOT_PERMISSION|HYST_BLOCK_NQ_TRENDUP_NO_MACRO_AGE_1","1","0","1","0","HYST_BLOCK_NQ_TRENDUP_NO_MACRO_AGE_1"
"2026-05-06 09:35:00","ROTATION","ROTATION_LIQUID","TrendDown","SHORT","0.0","1","1.7803","1","50.0","0.0","OPENING_AUCTION","ROTATION_LIQUID","NEUTRAL","70","0","0","TWO_SIDED_CONFIRMED","NO_BOT_PERMISSION|HYST_BLOCK_TRENDDOWN_AGE_1_OF_2","1","0","1","0","HYST_BLOCK_TRENDDOWN_AGE_1_OF_2"
"2026-05-06 09:35:00","ROTATION","ROTATION_LIQUID","TrendDown","SHORT","0.0","1","1.8319","1","50.0","0.0","OPENING_AUCTION","ROTATION_LIQUID","NEUTRAL","70","0","0","TWO_SIDED_CONFIRMED","NO_BOT_PERMISSION|HYST_BLOCK_TRENDDOWN_AGE_1_OF_2","1","0","1","0","HYST_BLOCK_TRENDDOWN_AGE_1_OF_2"
"2026-05-06 09:35:00","ROTATION","ROTATION_LIQUID","TrendDown","SHORT","0.0","1","1.8319","1","50.0","0.0","OPENING_AUCTION","ROTATION_LIQUID","NEUTRAL","70","0","0","TWO_SIDED_CONFIRMED","NO_BOT_PERMISSION|HYST_BLOCK_TRENDDOWN_AGE_1_OF_2","1","0","1","0","HYST_BLOCK_TRENDDOWN_AGE_1_OF_2"
"2026-05-06 09:35:00","ROTATION","ROTATION_LIQUID","TrendDown","SHORT","0.0","1","1.7459","1","50.0","0.0","OPENING_AUCTION","ROTATION_LIQUID","NEUTRAL","70","0","0","TWO_SIDED_CONFIRMED","NO_BOT_PERMISSION|HYST_BLOCK_TRENDDOWN_AGE_1_OF_2","1","0","1","0","HYST_BLOCK_TRENDDOWN_AGE_1_OF_2"
"2026-05-06 09:35:00","ROTATION","ROTATION_LIQUID","TrendDown","SHORT","0.0","1","1.7459","1","50.0","0.0","OPENING_AUCTION","ROTATION_LIQUID","NEUTRAL","70","0","0","TWO_SIDED_CONFIRMED","NO_BOT_PERMISSION|HYST_BLOCK_TRENDDOWN_AGE_1_OF_2","1","0","1","0","HYST_BLOCK_TRENDDOWN_AGE_1_OF_2"
"2026-05-06 09:35:00","ROTATION","ROTATION_LIQUID","TrendDown","SHORT","0.0","1","1.7459","1","50.0","0.0","OPENING_AUCTION","ROTATION_LIQUID","NEUTRAL","70","0","0","TWO_SIDED_CONFIRMED","NO_BOT_PERMISSION|HYST_BLOCK_TRENDDOWN_AGE_1_OF_2","1","0","1","0","HYST_BLOCK_TRENDDOWN_AGE_1_OF_2"
"2026-05-06 09:35:00","ROTATION","ROTATION_LIQUID","TrendDown","SHORT","0.0","1","1.7459","1","50.0","0.0","OPENING_AUCTION","ROTATION_LIQUID","NEUTRAL","70","0","0","TWO_SIDED_CONFIRMED","NO_BOT_PERMISSION|HYST_BLOCK_TRENDDOWN_AGE_1_OF_2","1","0","1","0","HYST_BLOCK_TRENDDOWN_AGE_1_OF_2"
"2026-05-06 09:35:00","ROTATION","ROTATION_LIQUID","TrendDown","SHORT","0.0","1","1.631","1","50.0","0.0","OPENING_AUCTION","ROTATION_LIQUID","NEUTRAL","70","0","0","TWO_SIDED_CONFIRMED","NO_BOT_PERMISSION|HYST_BLOCK_TRENDDOWN_AGE_1_OF_2","1","0","1","0","HYST_BLOCK_TRENDDOWN_AGE_1_OF_2"
"2026-05-06 09:35:00","ROTATION","ROTATION_LIQUID","TrendDown","SHORT","0.0","1","1.631","1","50.0","0.0","OPENING_AUCTION","ROTATION_LIQUID","NEUTRAL","70","0","0","TWO_SIDED_CONFIRMED","NO_BOT_PERMISSION|HYST_BLOCK_TRENDDOWN_AGE_1_OF_2","1","0","1","0","HYST_BLOCK_TRENDDOWN_AGE_1_OF_2"
"2026-05-06 09:45:00","TREND","TREND_MODERATE","TrendDown","SHORT","0.0","1","1.073","1","55.0","0.3","EARLY_TEST","TREND_COMPRESSION","LONG","41","0","0","DIRECTIONAL_MODERATE","NONE","1","1","2","1","HYST_PASSED_TRENDDOWN_AGE_2"
"2026-05-06 09:45:00","TREND","TREND_MODERATE","Balance","NEUTRAL","0.0","1","1.073","1","50.0","0.4","EARLY_TEST","TRANSITION","NEUTRAL","0","0","0","HIGH_CONFLICT","TRANSITION_HIGH_CONFLICT|HYST_BLOCK_BALANCE_AGE_1_OF_2","1","1","1","0","HYST_BLOCK_BALANCE_AGE_1_OF_2"
"2026-05-06 09:45:00","TREND","TREND_MODERATE","Balance","NEUTRAL","0.0","1","1.0868","1","50.0","0.4","EARLY_TEST","TRANSITION","NEUTRAL","0","0","0","HIGH_CONFLICT","TRANSITION_HIGH_CONFLICT|HYST_BLOCK_BALANCE_AGE_1_OF_2","1","1","1","0","HYST_BLOCK_BALANCE_AGE_1_OF_2"
"2026-05-06 09:45:00","TREND","TREND_MODERATE","Balance","NEUTRAL","0.0","1","1.0868","1","50.0","0.4","EARLY_TEST","TRANSITION","NEUTRAL","0","0","0","HIGH_CONFLICT","TRANSITION_HIGH_CONFLICT|HYST_BLOCK_BALANCE_AGE_1_OF_2","1","1","1","0","HYST_BLOCK_BALANCE_AGE_1_OF_2"
"2026-05-06 09:45:00","TREND","TREND_MODERATE","Balance","NEUTRAL","0.0","1","1.0616","1","50.0","0.4","EARLY_TEST","TRANSITION","NEUTRAL","0","0","0","HIGH_CONFLICT","TRANSITION_HIGH_CONFLICT|HYST_BLOCK_BALANCE_AGE_1_OF_2","1","1","1","0","HYST_BLOCK_BALANCE_AGE_1_OF_2"
"2026-05-06 09:45:00","TREND","TREND_MODERATE","Balance","NEUTRAL","0.0","1","1.0616","1","50.0","0.4","EARLY_TEST","TRANSITION","NEUTRAL","0","0","0","HIGH_CONFLICT","TRANSITION_HIGH_CONFLICT|HYST_BLOCK_BALANCE_AGE_1_OF_2","1","1","1","0","HYST_BLOCK_BALANCE_AGE_1_OF_2"
"2026-05-06 09:45:00","TREND","TREND_MODERATE","Balance","NEUTRAL","0.0","1","1.0339","1","50.0","0.4","EARLY_TEST","TRANSITION","NEUTRAL","0","0","0","HIGH_CONFLICT","TRANSITION_HIGH_CONFLICT|HYST_BLOCK_BALANCE_AGE_1_OF_2","1","1","1","0","HYST_BLOCK_BALANCE_AGE_1_OF_2"
"2026-05-06 09:45:00","TREND","TREND_MODERATE","Balance","NEUTRAL","0.0","1","1.0339","1","50.0","0.4","EARLY_TEST","TRANSITION","NEUTRAL","0","0","0","HIGH_CONFLICT","TRANSITION_HIGH_CONFLICT|HYST_BLOCK_BALANCE_AGE_1_OF_2","1","1","1","0","HYST_BLOCK_BALANCE_AGE_1_OF_2"
"2026-05-06 09:45:00","TREND","TREND_MODERATE","Balance","NEUTRAL","0.0","1","1.0339","1","50.0","0.4","EARLY_TEST","TRANSITION","NEUTRAL","0","0","0","HIGH_CONFLICT","TRANSITION_HIGH_CONFLICT|HYST_BLOCK_BALANCE_AGE_1_OF_2","1","1","1","0","HYST_BLOCK_BALANCE_AGE_1_OF_2"
"2026-05-06 09:45:00","TREND","TREND_MODERATE","Balance","NEUTRAL","0.0","1","1.0339","1","50.0","0.4","EARLY_TEST","TRANSITION","NEUTRAL","0","0","0","HIGH_CONFLICT","TRANSITION_HIGH_CONFLICT|HYST_BLOCK_BALANCE_AGE_1_OF_2","1","1","1","0","HYST_BLOCK_BALANCE_AGE_1_OF_2"
"2026-05-06 09:45:00","TREND","TREND_MODERATE","TrendUp","LONG","0.0","1","1.0339","1","65.0","0.0","EARLY_TEST","TREND_COMPRESSION","LONG","47","0","0","DIRECTIONAL_MODERATE","NONE","1","1","2","1","HYST_PASSED_TRENDUP_MACRO_CONFIRM"
"2026-05-06 09:45:00","TREND","TREND_MODERATE","TrendUp","LONG","0.0","1","1.0129","1","65.0","0.0","EARLY_TEST","TREND_COMPRESSION","LONG","47","0","0","DIRECTIONAL_MODERATE","NONE","1","1","2","1","HYST_PASSED_TRENDUP_MACRO_CONFIRM"
"2026-05-06 09:45:00","TREND","TREND_MODERATE","TrendUp","LONG","0.0","1","1.0129","1","65.0","0.0","EARLY_TEST","TREND_COMPRESSION","LONG","47","0","0","DIRECTIONAL_MODERATE","NONE","1","1","2","1","HYST_PASSED_TRENDUP_MACRO_CONFIRM"
"2026-05-06 09:45:00","TREND","TREND_MODERATE","TrendUp","LONG","0.0","1","0.9868","1","65.0","0.0","EARLY_TEST","TREND_COMPRESSION","LONG","47","0","0","DIRECTIONAL_MODERATE","NONE","1","1","2","1","HYST_PASSED_TRENDUP_MACRO_CONFIRM"
"2026-05-06 09:45:00","TREND","TREND_MODERATE","TrendUp","LONG","0.0","1","0.9868","1","65.0","0.0","EARLY_TEST","TREND_COMPRESSION","LONG","47","0","0","DIRECTIONAL_MODERATE","NONE","1","1","2","1","HYST_PASSED_TRENDUP_MACRO_CONFIRM"
"2026-05-06 09:45:00","TREND","TREND_MODERATE","TrendUp","LONG","0.0","1","0.9563","1","65.0","0.0","EARLY_TEST","TREND_COMPRESSION","LONG","47","0","0","DIRECTIONAL_MODERATE","NONE","1","1","2","1","HYST_PASSED_TRENDUP_MACRO_CONFIRM"
"2026-05-06 09:45:00","TREND","TREND_MODERATE","TrendUp","LONG","0.0","1","0.9563","1","65.0","0.0","EARLY_TEST","TREND_COMPRESSION","LONG","47","0","0","DIRECTIONAL_MODERATE","NONE","1","1","2","1","HYST_PASSED_TRENDUP_MACRO_CONFIRM"
"2026-05-06 09:45:00","TREND","TREND_MODERATE","TrendUp","LONG","0.0","1","0.9563","1","65.0","0.0","EARLY_TEST","TREND_COMPRESSION","LONG","47","0","0","DIRECTIONAL_MODERATE","NONE","1","1","2","1","HYST_PASSED_TRENDUP_MACRO_CONFIRM"
"2026-05-06 09:45:00","TREND","TREND_MODERATE","TrendUp","LONG","0.0","1","0.9563","1","65.0","0.0","EARLY_TEST","TREND_COMPRESSION","LONG","47","0","0","DIRECTIONAL_MODERATE","NONE","1","1","2","1","HYST_PASSED_TRENDUP_MACRO_CONFIRM"
"2026-05-06 09:45:00","TREND","TREND_MODERATE","TrendUp","LONG","0.0","1","0.9563","1","65.0","0.0","EARLY_TEST","TREND_COMPRESSION","LONG","47","0","0","DIRECTIONAL_MODERATE","NONE","1","1","2","1","HYST_PASSED_TRENDUP_MACRO_CONFIRM"
"2026-05-06 09:45:00","TREND","TREND_MODERATE","TrendDown","SHORT","0.0","1","0.9563","1","55.0","0.3","EARLY_TEST","TREND_COMPRESSION","LONG","41","0","0","DIRECTIONAL_MODERATE","NONE","1","1","2","1","HYST_PASSED_TRENDDOWN_AGE_2"
"2026-05-06 09:55:00","ROTATION","ROTATION_LIQUID","TrendDown","SHORT","0.0","1","0.3403","0","25.0","0.0","FIRST_ACCEPTANCE","ROTATION_LIQUID","NEUTRAL","70","0","1","TWO_SIDED_CONFIRMED","NONE","1","2","3","1","HYST_PASSED_TRENDDOWN_AGE_3"
"2026-05-06 09:55:00","ROTATION","ROTATION_LIQUID","TrendDown","SHORT","0.0","1","0.3403","0","25.0","0.0","FIRST_ACCEPTANCE","ROTATION_LIQUID","NEUTRAL","70","0","1","TWO_SIDED_CONFIRMED","NONE","1","2","3","1","HYST_PASSED_TRENDDOWN_AGE_3"
"2026-05-06 09:55:00","ROTATION","ROTATION_LIQUID","TrendDown","SHORT","0.0","1","0.3115","0","25.0","0.0","FIRST_ACCEPTANCE","ROTATION_LIQUID","NEUTRAL","70","0","1","TWO_SIDED_CONFIRMED","NONE","1","2","3","1","HYST_PASSED_TRENDDOWN_AGE_3"
"2026-05-06 09:55:00","ROTATION","ROTATION_LIQUID","TrendDown","SHORT","0.0","1","0.3115","0","25.0","0.0","FIRST_ACCEPTANCE","ROTATION_LIQUID","NEUTRAL","70","0","1","TWO_SIDED_CONFIRMED","NONE","1","2","3","1","HYST_PASSED_TRENDDOWN_AGE_3"
"2026-05-06 09:55:00","ROTATION","ROTATION_LIQUID","TrendDown","SHORT","0.0","1","0.3115","0","25.0","0.0","FIRST_ACCEPTANCE","ROTATION_LIQUID","NEUTRAL","70","0","1","TWO_SIDED_CONFIRMED","NONE","1","2","3","1","HYST_PASSED_TRENDDOWN_AGE_3"
"2026-05-06 09:55:00","ROTATION","ROTATION_LIQUID","TrendDown","SHORT","0.0","1","0.3115","0","25.0","0.0","FIRST_ACCEPTANCE","ROTATION_LIQUID","NEUTRAL","70","0","1","TWO_SIDED_CONFIRMED","NONE","1","2","3","1","HYST_PASSED_TRENDDOWN_AGE_3"
"2026-05-06 09:55:00","ROTATION","ROTATION_LIQUID","TrendDown","SHORT","0.0","1","0.3115","0","25.0","0.0","FIRST_ACCEPTANCE","ROTATION_LIQUID","NEUTRAL","70","0","1","TWO_SIDED_CONFIRMED","NONE","1","2","3","1","HYST_PASSED_TRENDDOWN_AGE_3"
"2026-05-06 09:55:00","ROTATION","ROTATION_LIQUID","TrendDown","SHORT","0.0","1","0.3115","0","25.0","0.0","FIRST_ACCEPTANCE","ROTATION_LIQUID","NEUTRAL","70","0","1","TWO_SIDED_CONFIRMED","NONE","1","2","3","1","HYST_PASSED_TRENDDOWN_AGE_3"
"2026-05-06 09:55:00","ROTATION","ROTATION_LIQUID","TrendUp","LONG","0.0","1","0.3115","0","25.0","0.0","FIRST_ACCEPTANCE","ROTATION_LIQUID","NEUTRAL","70","0","1","TWO_SIDED_CONFIRMED","NONE","1","2","3","1","HYST_PASSED_NQ_TRENDUP_NO_MACRO_2BAR"
"2026-05-06 09:55:00","ROTATION","ROTATION_LIQUID","TrendUp","LONG","0.0","1","0.3115","0","25.0","0.0","FIRST_ACCEPTANCE","ROTATION_LIQUID","NEUTRAL","70","0","1","TWO_SIDED_CONFIRMED","NONE","1","2","3","1","HYST_PASSED_NQ_TRENDUP_NO_MACRO_2BAR"
"2026-05-06 09:55:00","ROTATION","ROTATION_LIQUID","TrendUp","LONG","0.0","1","0.3376","0","25.0","0.0","FIRST_ACCEPTANCE","ROTATION_LIQUID","NEUTRAL","70","0","1","TWO_SIDED_CONFIRMED","NONE","1","2","3","1","HYST_PASSED_NQ_TRENDUP_NO_MACRO_2BAR"
"2026-05-06 09:55:00","ROTATION","ROTATION_LIQUID","TrendUp","LONG","0.0","1","0.3376","0","25.0","0.0","FIRST_ACCEPTANCE","ROTATION_LIQUID","NEUTRAL","70","0","1","TWO_SIDED_CONFIRMED","NONE","1","2","3","1","HYST_PASSED_NQ_TRENDUP_NO_MACRO_2BAR"
"2026-05-06 09:55:00","ROTATION","ROTATION_LIQUID","TrendUp","LONG","0.0","1","0.3262","0","25.0","0.0","FIRST_ACCEPTANCE","ROTATION_LIQUID","NEUTRAL","70","0","1","TWO_SIDED_CONFIRMED","NONE","1","2","3","1","HYST_PASSED_NQ_TRENDUP_NO_MACRO_2BAR"
"2026-05-06 09:55:00","ROTATION","ROTATION_LIQUID","TrendUp","LONG","0.0","1","0.3262","0","25.0","0.0","FIRST_ACCEPTANCE","ROTATION_LIQUID","NEUTRAL","70","0","1","TWO_SIDED_CONFIRMED","NONE","1","2","3","1","HYST_PASSED_NQ_TRENDUP_NO_MACRO_2BAR"
"2026-05-06 09:55:00","ROTATION","ROTATION_LIQUID","TrendUp","LONG","0.0","1","0.3262","0","25.0","0.0","FIRST_ACCEPTANCE","ROTATION_LIQUID","NEUTRAL","70","0","1","TWO_SIDED_CONFIRMED","NONE","1","2","3","1","HYST_PASSED_NQ_TRENDUP_NO_MACRO_2BAR"
"2026-05-06 09:55:00","ROTATION","ROTATION_LIQUID","TrendUp","LONG","0.0","1","0.3262","0","25.0","0.0","FIRST_ACCEPTANCE","ROTATION_LIQUID","NEUTRAL","70","0","1","TWO_SIDED_CONFIRMED","NONE","1","2","3","1","HYST_PASSED_NQ_TRENDUP_NO_MACRO_2BAR"
"2026-05-06 09:55:00","ROTATION","ROTATION_LIQUID","TrendUp","LONG","0.0","1","0.3262","0","25.0","0.0","FIRST_ACCEPTANCE","ROTATION_LIQUID","NEUTRAL","70","0","1","TWO_SIDED_CONFIRMED","NONE","1","2","3","1","HYST_PASSED_NQ_TRENDUP_NO_MACRO_2BAR"
"2026-05-06 10:05:00","TREND","TREND_MODERATE","Balance","NEUTRAL","0.0","1","-1.6433","1","55.0","0.4","FIRST_ACCEPTANCE","TRANSITION","NEUTRAL","0","0","0","HIGH_CONFLICT","TRANSITION_HIGH_CONFLICT|HYST_PASSED_BALANCE_AGE_3","1","3","3","1","HYST_PASSED_BALANCE_AGE_3"
"2026-05-06 10:05:00","TREND","TREND_MODERATE","Balance","NEUTRAL","0.0","1","-1.6433","1","55.0","0.4","FIRST_ACCEPTANCE","TRANSITION","NEUTRAL","0","0","0","HIGH_CONFLICT","TRANSITION_HIGH_CONFLICT|HYST_PASSED_BALANCE_AGE_3","1","3","3","1","HYST_PASSED_BALANCE_AGE_3"
"2026-05-06 10:05:00","TREND","TREND_MODERATE","Balance","NEUTRAL","0.0","1","-1.7684","1","55.0","0.4","FIRST_ACCEPTANCE","TRANSITION","NEUTRAL","0","0","0","HIGH_CONFLICT","TRANSITION_HIGH_CONFLICT|HYST_PASSED_BALANCE_AGE_3","1","3","3","1","HYST_PASSED_BALANCE_AGE_3"
"2026-05-06 10:05:00","TREND","TREND_MODERATE","Balance","NEUTRAL","0.0","1","-1.7684","1","55.0","0.4","FIRST_ACCEPTANCE","TRANSITION","NEUTRAL","0","0","0","HIGH_CONFLICT","TRANSITION_HIGH_CONFLICT|HYST_PASSED_BALANCE_AGE_3","1","3","3","1","HYST_PASSED_BALANCE_AGE_3"
"2026-05-06 10:05:00","TREND","TREND_MODERATE","Balance","NEUTRAL","0.0","1","-1.6162","1","55.0","0.4","FIRST_ACCEPTANCE","TRANSITION","NEUTRAL","0","0","0","HIGH_CONFLICT","TRANSITION_HIGH_CONFLICT|HYST_PASSED_BALANCE_AGE_3","1","3","3","1","HYST_PASSED_BALANCE_AGE_3"
"2026-05-06 10:05:00","TREND","TREND_MODERATE","Balance","NEUTRAL","0.0","1","-1.6162","1","55.0","0.4","FIRST_ACCEPTANCE","TRANSITION","NEUTRAL","0","0","0","HIGH_CONFLICT","TRANSITION_HIGH_CONFLICT|HYST_PASSED_BALANCE_AGE_3","1","3","3","1","HYST_PASSED_BALANCE_AGE_3"
"2026-05-06 10:05:00","TREND","TREND_MODERATE","Balance","NEUTRAL","0.0","1","-1.6028","1","55.0","0.4","FIRST_ACCEPTANCE","TRANSITION","NEUTRAL","0","0","0","HIGH_CONFLICT","TRANSITION_HIGH_CONFLICT|HYST_PASSED_BALANCE_AGE_3","1","3","3","1","HYST_PASSED_BALANCE_AGE_3"
"2026-05-06 10:05:00","TREND","TREND_MODERATE","Balance","NEUTRAL","0.0","1","-1.6028","1","55.0","0.4","FIRST_ACCEPTANCE","TRANSITION","NEUTRAL","0","0","0","HIGH_CONFLICT","TRANSITION_HIGH_CONFLICT|HYST_PASSED_BALANCE_AGE_3","1","3","3","1","HYST_PASSED_BALANCE_AGE_3"
"2026-05-06 10:05:00","TREND","TREND_MODERATE","Balance","NEUTRAL","0.0","1","-1.5501","1","55.0","0.4","FIRST_ACCEPTANCE","TRANSITION","NEUTRAL","0","0","0","HIGH_CONFLICT","TRANSITION_HIGH_CONFLICT|HYST_PASSED_BALANCE_AGE_3","1","3","3","1","HYST_PASSED_BALANCE_AGE_3"
"2026-05-06 10:05:00","TREND","TREND_MODERATE","Balance","NEUTRAL","0.0","1","-1.5501","1","55.0","0.4","FIRST_ACCEPTANCE","TRANSITION","NEUTRAL","0","0","0","HIGH_CONFLICT","TRANSITION_HIGH_CONFLICT|HYST_PASSED_BALANCE_AGE_3","1","3","3","1","HYST_PASSED_BALANCE_AGE_3"
"2026-05-06 10:05:00","ROTATION","ROTATION_LIQUID","TrendUp","LONG","0.0","1","-1.4408","1","50.0","0.0","FIRST_ACCEPTANCE","ROTATION_LIQUID","NEUTRAL","70","0","1","TWO_SIDED_CONFIRMED","NONE","2","2","4","1","HYST_PASSED_NQ_TRENDUP_NO_MACRO_2BAR"
"2026-05-06 10:05:00","ROTATION","ROTATION_LIQUID","TrendUp","LONG","0.0","1","-1.4408","1","50.0","0.0","FIRST_ACCEPTANCE","ROTATION_LIQUID","NEUTRAL","70","0","1","TWO_SIDED_CONFIRMED","NONE","2","2","4","1","HYST_PASSED_NQ_TRENDUP_NO_MACRO_2BAR"
"2026-05-06 10:05:00","TREND","TREND_MODERATE","TrendUp","LONG","0.0","1","-1.5677","1","70.0","0.0","FIRST_ACCEPTANCE","TREND_COMPRESSION","LONG","44","0","0","DIRECTIONAL_MODERATE","NONE","1","3","4","1","HYST_PASSED_TRENDUP_MACRO_CONFIRM"
"2026-05-06 10:05:00","TREND","TREND_MODERATE","TrendUp","LONG","0.0","1","-1.5677","1","70.0","0.0","FIRST_ACCEPTANCE","TREND_COMPRESSION","LONG","44","0","0","DIRECTIONAL_MODERATE","NONE","1","3","4","1","HYST_PASSED_TRENDUP_MACRO_CONFIRM"
"2026-05-06 10:05:00","TREND","TREND_MODERATE","TrendUp","LONG","0.0","1","-1.5603","1","70.0","0.0","FIRST_ACCEPTANCE","TREND_COMPRESSION","LONG","44","0","0","DIRECTIONAL_MODERATE","NONE","1","3","4","1","HYST_PASSED_TRENDUP_MACRO_CONFIRM"
"2026-05-06 10:05:00","TREND","TREND_MODERATE","TrendUp","LONG","0.0","1","-1.5603","1","70.0","0.0","FIRST_ACCEPTANCE","TREND_COMPRESSION","LONG","44","0","0","DIRECTIONAL_MODERATE","NONE","1","3","4","1","HYST_PASSED_TRENDUP_MACRO_CONFIRM"
"2026-05-06 10:05:00","ROTATION","ROTATION_LIQUID","TrendUp","LONG","0.0","1","-1.5283","1","50.0","0.0","FIRST_ACCEPTANCE","ROTATION_LIQUID","NEUTRAL","70","0","1","TWO_SIDED_CONFIRMED","NONE","2","2","4","1","HYST_PASSED_NQ_TRENDUP_NO_MACRO_2BAR"
"2026-05-06 10:05:00","ROTATION","ROTATION_LIQUID","TrendUp","LONG","0.0","1","-1.5283","1","50.0","0.0","FIRST_ACCEPTANCE","ROTATION_LIQUID","NEUTRAL","70","0","1","TWO_SIDED_CONFIRMED","NONE","2","2","4","1","HYST_PASSED_NQ_TRENDUP_NO_MACRO_2BAR"
"2026-05-06 10:05:00","ROTATION","ROTATION_LIQUID","TrendUp","LONG","0.0","1","-1.5103","1","50.0","0.0","FIRST_ACCEPTANCE","ROTATION_LIQUID","NEUTRAL","70","0","1","TWO_SIDED_CONFIRMED","NONE","2","2","4","1","HYST_PASSED_NQ_TRENDUP_NO_MACRO_2BAR"
"2026-05-06 10:05:00","ROTATION","ROTATION_LIQUID","TrendUp","LONG","0.0","1","-1.5103","1","50.0","0.0","FIRST_ACCEPTANCE","ROTATION_LIQUID","NEUTRAL","70","0","1","TWO_SIDED_CONFIRMED","NONE","2","2","4","1","HYST_PASSED_NQ_TRENDUP_NO_MACRO_2BAR"
"2026-05-06 10:15:00","TREND","TREND_MODERATE","Transition","NEUTRAL","0.0","1","1.0906","1","55.0","0.0","PRE_IB_MATURATION","TRANSITION","NEUTRAL","0","0","0","HMM_TRANSITION_TREND_BLOCKED","TRANSITION_HMM_TRANSITION_TREND_BLOCKED|HYST_BLOCK_TRANSITION_AGE_1_OF_2","1","3","1","0","HYST_BLOCK_TRANSITION_AGE_1_OF_2"
"2026-05-06 10:15:00","TREND","TREND_MODERATE","Transition","NEUTRAL","0.0","1","1.0906","1","55.0","0.0","PRE_IB_MATURATION","TRANSITION","NEUTRAL","0","0","0","HMM_TRANSITION_TREND_BLOCKED","TRANSITION_HMM_TRANSITION_TREND_BLOCKED|HYST_BLOCK_TRANSITION_AGE_1_OF_2","1","3","1","0","HYST_BLOCK_TRANSITION_AGE_1_OF_2"
"2026-05-06 10:15:00","TREND","TREND_MODERATE","Transition","NEUTRAL","0.0","1","1.0906","1","55.0","0.0","PRE_IB_MATURATION","TRANSITION","NEUTRAL","0","0","0","HMM_TRANSITION_TREND_BLOCKED","TRANSITION_HMM_TRANSITION_TREND_BLOCKED|HYST_BLOCK_TRANSITION_AGE_1_OF_2","1","3","1","0","HYST_BLOCK_TRANSITION_AGE_1_OF_2"
"2026-05-06 10:15:00","TREND","TREND_MODERATE","Transition","NEUTRAL","0.0","1","1.1753","1","55.0","0.0","PRE_IB_MATURATION","TRANSITION","NEUTRAL","0","0","0","HMM_TRANSITION_TREND_BLOCKED","TRANSITION_HMM_TRANSITION_TREND_BLOCKED|CHOPPY_REGIME_FLIPS|HYST_BLOCK_TRANSITION_AGE_1_OF_2","1","4","1","0","HYST_BLOCK_TRANSITION_AGE_1_OF_2"
"2026-05-06 10:15:00","TREND","TREND_MODERATE","Transition","NEUTRAL","0.0","1","1.1753","1","55.0","0.0","PRE_IB_MATURATION","TRANSITION","NEUTRAL","0","0","0","HMM_TRANSITION_TREND_BLOCKED","TRANSITION_HMM_TRANSITION_TREND_BLOCKED|CHOPPY_REGIME_FLIPS|HYST_BLOCK_TRANSITION_AGE_1_OF_2","1","4","1","0","HYST_BLOCK_TRANSITION_AGE_1_OF_2"
"2026-05-06 10:15:00","TREND","TREND_MODERATE","Transition","NEUTRAL","0.0","1","1.0486","1","55.0","0.0","PRE_IB_MATURATION","TRANSITION","NEUTRAL","0","0","0","HMM_TRANSITION_TREND_BLOCKED","TRANSITION_HMM_TRANSITION_TREND_BLOCKED|HYST_BLOCK_TRANSITION_AGE_1_OF_2","1","3","1","0","HYST_BLOCK_TRANSITION_AGE_1_OF_2"
"2026-05-06 10:15:00","TREND","TREND_MODERATE","Transition","NEUTRAL","0.0","1","1.0486","1","55.0","0.0","PRE_IB_MATURATION","TRANSITION","NEUTRAL","0","0","0","HMM_TRANSITION_TREND_BLOCKED","TRANSITION_HMM_TRANSITION_TREND_BLOCKED|HYST_BLOCK_TRANSITION_AGE_1_OF_2","1","3","1","0","HYST_BLOCK_TRANSITION_AGE_1_OF_2"
"2026-05-06 10:15:00","TREND","TREND_MODERATE","Transition","NEUTRAL","0.0","1","1.0279","1","55.0","0.0","PRE_IB_MATURATION","TRANSITION","NEUTRAL","0","0","0","HMM_TRANSITION_TREND_BLOCKED","TRANSITION_HMM_TRANSITION_TREND_BLOCKED|HYST_BLOCK_TRANSITION_AGE_1_OF_2","1","3","1","0","HYST_BLOCK_TRANSITION_AGE_1_OF_2"
"2026-05-06 10:15:00","TREND","TREND_MODERATE","Transition","NEUTRAL","0.0","1","1.0279","1","55.0","0.0","PRE_IB_MATURATION","TRANSITION","NEUTRAL","0","0","0","HMM_TRANSITION_TREND_BLOCKED","TRANSITION_HMM_TRANSITION_TREND_BLOCKED|HYST_BLOCK_TRANSITION_AGE_1_OF_2","1","3","1","0","HYST_BLOCK_TRANSITION_AGE_1_OF_2"
"2026-05-06 10:15:00","TREND","TREND_MODERATE","Balance","NEUTRAL","0.0","1","1.0057","1","55.0","0.4","PRE_IB_MATURATION","TRANSITION","NEUTRAL","0","0","0","HIGH_CONFLICT","TRANSITION_HIGH_CONFLICT|HYST_PASSED_BALANCE_AGE_4","1","3","4","1","HYST_PASSED_BALANCE_AGE_4"
"2026-05-06 10:15:00","TREND","TREND_MODERATE","Balance","NEUTRAL","0.0","1","1.0057","1","55.0","0.4","PRE_IB_MATURATION","TRANSITION","NEUTRAL","0","0","0","HIGH_CONFLICT","TRANSITION_HIGH_CONFLICT|HYST_PASSED_BALANCE_AGE_4","1","3","4","1","HYST_PASSED_BALANCE_AGE_4"
"2026-05-06 10:15:00","TREND","TREND_MODERATE","Balance","NEUTRAL","0.0","1","1.1045","1","55.0","0.4","PRE_IB_MATURATION","TRANSITION","NEUTRAL","0","0","0","HIGH_CONFLICT","TRANSITION_HIGH_CONFLICT|HYST_PASSED_BALANCE_AGE_4","1","3","4","1","HYST_PASSED_BALANCE_AGE_4"
"2026-05-06 10:15:00","TREND","TREND_MODERATE","Balance","NEUTRAL","0.0","1","1.1045","1","55.0","0.4","PRE_IB_MATURATION","TRANSITION","NEUTRAL","0","0","0","HIGH_CONFLICT","TRANSITION_HIGH_CONFLICT|HYST_PASSED_BALANCE_AGE_4","1","3","4","1","HYST_PASSED_BALANCE_AGE_4"
"2026-05-06 10:15:00","TREND","TREND_MODERATE","Balance","NEUTRAL","0.0","1","1.0577","1","55.0","0.4","PRE_IB_MATURATION","TRANSITION","NEUTRAL","0","0","0","HIGH_CONFLICT","TRANSITION_HIGH_CONFLICT|HYST_PASSED_BALANCE_AGE_4","1","3","4","1","HYST_PASSED_BALANCE_AGE_4"
"2026-05-06 10:15:00","TREND","TREND_MODERATE","Balance","NEUTRAL","0.0","1","1.0577","1","55.0","0.4","PRE_IB_MATURATION","TRANSITION","NEUTRAL","0","0","0","HIGH_CONFLICT","TRANSITION_HIGH_CONFLICT|HYST_PASSED_BALANCE_AGE_4","1","3","4","1","HYST_PASSED_BALANCE_AGE_4"
"2026-05-06 10:15:00","TREND","TREND_MODERATE","Balance","NEUTRAL","0.0","1","1.0577","1","55.0","0.4","PRE_IB_MATURATION","TRANSITION","NEUTRAL","0","0","0","HIGH_CONFLICT","TRANSITION_HIGH_CONFLICT|HYST_PASSED_BALANCE_AGE_4","1","3","4","1","HYST_PASSED_BALANCE_AGE_4"
"2026-05-06 10:15:00","TREND","TREND_MODERATE","Balance","NEUTRAL","0.0","1","1.0577","1","55.0","0.4","PRE_IB_MATURATION","TRANSITION","NEUTRAL","0","0","0","HIGH_CONFLICT","TRANSITION_HIGH_CONFLICT|HYST_PASSED_BALANCE_AGE_4","1","3","4","1","HYST_PASSED_BALANCE_AGE_4"
"2026-05-06 10:15:00","TREND","TREND_MODERATE","Balance","NEUTRAL","0.0","1","1.0484","1","55.0","0.4","PRE_IB_MATURATION","TRANSITION","NEUTRAL","0","0","0","HIGH_CONFLICT","TRANSITION_HIGH_CONFLICT|HYST_PASSED_BALANCE_AGE_4","1","3","4","1","HYST_PASSED_BALANCE_AGE_4"
"2026-05-06 10:15:00","TREND","TREND_MODERATE","TrendDown","SHORT","0.0","1","1.0484","1","60.0","0.3","PRE_IB_MATURATION","TREND_COMPRESSION","LONG","40","0","0","DIRECTIONAL_MODERATE","NONE","1","3","4","1","HYST_PASSED_TRENDDOWN_AGE_4"
"2026-05-06 10:25:00","ROTATION","ROTATION_LIQUID","TrendDown","SHORT","0.0","1","-0.6958","0","20.0","0.0","PRE_IB_MATURATION","ROTATION_LIQUID","NEUTRAL","70","0","0","TWO_SIDED_CONFIRMED","NO_BOT_PERMISSION|CHOPPY_REGIME_FLIPS|HYST_PASSED_TRENDDOWN_AGE_5","1","4","5","1","HYST_PASSED_TRENDDOWN_AGE_5"
"2026-05-06 10:25:00","ROTATION","ROTATION_LIQUID","TrendDown","SHORT","0.0","1","-0.6958","0","20.0","0.0","PRE_IB_MATURATION","ROTATION_LIQUID","NEUTRAL","70","0","0","TWO_SIDED_CONFIRMED","NO_BOT_PERMISSION|CHOPPY_REGIME_FLIPS|HYST_PASSED_TRENDDOWN_AGE_5","1","4","5","1","HYST_PASSED_TRENDDOWN_AGE_5"
"2026-05-06 10:25:00","ROTATION","ROTATION_LIQUID","TrendDown","SHORT","0.0","1","-0.7502","0","20.0","0.0","PRE_IB_MATURATION","ROTATION_LIQUID","NEUTRAL","70","0","0","TWO_SIDED_CONFIRMED","NO_BOT_PERMISSION|CHOPPY_REGIME_FLIPS|HYST_PASSED_TRENDDOWN_AGE_5","1","5","5","1","HYST_PASSED_TRENDDOWN_AGE_5"
"2026-05-06 10:25:00","ROTATION","ROTATION_LIQUID","TrendDown","SHORT","0.0","1","-0.7502","0","20.0","0.0","PRE_IB_MATURATION","ROTATION_LIQUID","NEUTRAL","70","0","0","TWO_SIDED_CONFIRMED","NO_BOT_PERMISSION|CHOPPY_REGIME_FLIPS|HYST_PASSED_TRENDDOWN_AGE_5","1","5","5","1","HYST_PASSED_TRENDDOWN_AGE_5"
"2026-05-06 10:25:00","ROTATION","ROTATION_LIQUID","TrendDown","SHORT","0.0","1","-0.7314","0","20.0","0.0","PRE_IB_MATURATION","ROTATION_LIQUID","NEUTRAL","70","0","0","TWO_SIDED_CONFIRMED","NO_BOT_PERMISSION|CHOPPY_REGIME_FLIPS|HYST_PASSED_TRENDDOWN_AGE_5","1","4","5","1","HYST_PASSED_TRENDDOWN_AGE_5"
"2026-05-06 10:25:00","ROTATION","ROTATION_LIQUID","TrendDown","SHORT","0.0","1","-0.7314","0","20.0","0.0","PRE_IB_MATURATION","ROTATION_LIQUID","NEUTRAL","70","0","0","TWO_SIDED_CONFIRMED","NO_BOT_PERMISSION|CHOPPY_REGIME_FLIPS|HYST_PASSED_TRENDDOWN_AGE_5","1","4","5","1","HYST_PASSED_TRENDDOWN_AGE_5"
"2026-05-06 10:25:00","ROTATION","ROTATION_LIQUID","TrendDown","SHORT","0.0","1","-0.7314","0","20.0","0.0","PRE_IB_MATURATION","ROTATION_LIQUID","NEUTRAL","70","0","0","TWO_SIDED_CONFIRMED","NO_BOT_PERMISSION|CHOPPY_REGIME_FLIPS|HYST_PASSED_TRENDDOWN_AGE_5","1","4","5","1","HYST_PASSED_TRENDDOWN_AGE_5"
"2026-05-06 10:25:00","ROTATION","ROTATION_LIQUID","TrendDown","SHORT","0.0","1","-0.7276","0","20.0","0.0","PRE_IB_MATURATION","ROTATION_LIQUID","NEUTRAL","70","0","0","TWO_SIDED_CONFIRMED","NO_BOT_PERMISSION|CHOPPY_REGIME_FLIPS|HYST_PASSED_TRENDDOWN_AGE_5","1","4","5","1","HYST_PASSED_TRENDDOWN_AGE_5"
"2026-05-06 10:25:00","ROTATION","ROTATION_LIQUID","TrendDown","SHORT","0.0","1","-0.7276","0","20.0","0.0","PRE_IB_MATURATION","ROTATION_LIQUID","NEUTRAL","70","0","0","TWO_SIDED_CONFIRMED","NO_BOT_PERMISSION|CHOPPY_REGIME_FLIPS|HYST_PASSED_TRENDDOWN_AGE_5","1","4","5","1","HYST_PASSED_TRENDDOWN_AGE_5"
"2026-05-06 10:25:00","ROTATION","ROTATION_LIQUID","Balance","NEUTRAL","0.0","1","-0.6922","0","15.0","0.0","PRE_IB_MATURATION","ROTATION_LIQUID","NEUTRAL","76","0","0","HMM_BALANCE_ROTATION_CONFIRMED","NO_BOT_PERMISSION|CHOPPY_REGIME_FLIPS|TRANSITION_EXIT_COOLDOWN|HYST_PASSED_BALANCE_AGE_5","1","4","5","1","HYST_PASSED_BALANCE_AGE_5"
"2026-05-06 10:25:00","ROTATION","ROTATION_LIQUID","Balance","NEUTRAL","0.0","1","-0.6922","0","15.0","0.0","PRE_IB_MATURATION","ROTATION_LIQUID","NEUTRAL","76","0","0","HMM_BALANCE_ROTATION_CONFIRMED","NO_BOT_PERMISSION|CHOPPY_REGIME_FLIPS|TRANSITION_EXIT_COOLDOWN|HYST_PASSED_BALANCE_AGE_5","1","4","5","1","HYST_PASSED_BALANCE_AGE_5"
"2026-05-06 10:25:00","ROTATION","ROTATION_LIQUID","Balance","NEUTRAL","0.0","1","-0.7568","0","15.0","0.0","PRE_IB_MATURATION","ROTATION_LIQUID","NEUTRAL","76","0","0","HMM_BALANCE_ROTATION_CONFIRMED","NO_BOT_PERMISSION|CHOPPY_REGIME_FLIPS|TRANSITION_EXIT_COOLDOWN|HYST_PASSED_BALANCE_AGE_5","1","4","5","1","HYST_PASSED_BALANCE_AGE_5"
"2026-05-06 10:25:00","ROTATION","ROTATION_LIQUID","Balance","NEUTRAL","0.0","1","-0.7568","0","15.0","0.0","PRE_IB_MATURATION","ROTATION_LIQUID","NEUTRAL","76","0","0","HMM_BALANCE_ROTATION_CONFIRMED","NO_BOT_PERMISSION|CHOPPY_REGIME_FLIPS|TRANSITION_EXIT_COOLDOWN|HYST_PASSED_BALANCE_AGE_5","1","4","5","1","HYST_PASSED_BALANCE_AGE_5"
"2026-05-06 10:25:00","ROTATION","ROTATION_LIQUID","Balance","NEUTRAL","0.0","1","-0.7557","0","15.0","0.0","PRE_IB_MATURATION","ROTATION_LIQUID","NEUTRAL","76","0","0","HMM_BALANCE_ROTATION_CONFIRMED","NO_BOT_PERMISSION|CHOPPY_REGIME_FLIPS|TRANSITION_EXIT_COOLDOWN|HYST_PASSED_BALANCE_AGE_5","1","4","5","1","HYST_PASSED_BALANCE_AGE_5"
"2026-05-06 10:25:00","ROTATION","ROTATION_LIQUID","Balance","NEUTRAL","0.0","1","-0.7557","0","15.0","0.0","PRE_IB_MATURATION","ROTATION_LIQUID","NEUTRAL","76","0","0","HMM_BALANCE_ROTATION_CONFIRMED","NO_BOT_PERMISSION|CHOPPY_REGIME_FLIPS|TRANSITION_EXIT_COOLDOWN|HYST_PASSED_BALANCE_AGE_5","1","4","5","1","HYST_PASSED_BALANCE_AGE_5"
"2026-05-06 10:25:00","ROTATION","ROTATION_LIQUID","Balance","NEUTRAL","0.0","1","-0.708","0","15.0","0.0","PRE_IB_MATURATION","ROTATION_LIQUID","NEUTRAL","76","0","0","HMM_BALANCE_ROTATION_CONFIRMED","NO_BOT_PERMISSION|CHOPPY_REGIME_FLIPS|TRANSITION_EXIT_COOLDOWN|HYST_PASSED_BALANCE_AGE_5","1","4","5","1","HYST_PASSED_BALANCE_AGE_5"
"2026-05-06 10:25:00","ROTATION","ROTATION_LIQUID","Balance","NEUTRAL","0.0","1","-0.708","0","15.0","0.0","PRE_IB_MATURATION","ROTATION_LIQUID","NEUTRAL","76","0","0","HMM_BALANCE_ROTATION_CONFIRMED","NO_BOT_PERMISSION|CHOPPY_REGIME_FLIPS|TRANSITION_EXIT_COOLDOWN|HYST_PASSED_BALANCE_AGE_5","1","4","5","1","HYST_PASSED_BALANCE_AGE_5"
"2026-05-06 10:25:00","ROTATION","ROTATION_LIQUID","Balance","NEUTRAL","0.0","1","-0.6895","0","15.0","0.0","PRE_IB_MATURATION","ROTATION_LIQUID","NEUTRAL","76","0","0","HMM_BALANCE_ROTATION_CONFIRMED","NO_BOT_PERMISSION|CHOPPY_REGIME_FLIPS|TRANSITION_EXIT_COOLDOWN|HYST_PASSED_BALANCE_AGE_5","1","4","5","1","HYST_PASSED_BALANCE_AGE_5"
"2026-05-06 10:25:00","ROTATION","ROTATION_LIQUID","Balance","NEUTRAL","0.0","1","-0.6895","0","15.0","0.0","PRE_IB_MATURATION","ROTATION_LIQUID","NEUTRAL","76","0","0","HMM_BALANCE_ROTATION_CONFIRMED","NO_BOT_PERMISSION|CHOPPY_REGIME_FLIPS|TRANSITION_EXIT_COOLDOWN|HYST_PASSED_BALANCE_AGE_5","1","4","5","1","HYST_PASSED_BALANCE_AGE_5"
"2026-05-06 10:35:00","ROTATION","ROTATION_LIQUID","Transition","NEUTRAL","0.0","1","0.8719","1","45.0","0.0","POST_IB_MACRO","ROTATION_LIQUID","NEUTRAL","70","0","0","TWO_SIDED_CONFIRMED","NO_BOT_PERMISSION|CHOPPY_REGIME_FLIPS|TRANSITION_EXIT_COOLDOWN|HYST_BLOCK_TRANSITION_AGE_1_OF_2","2","4","1","0","HYST_BLOCK_TRANSITION_AGE_1_OF_2"
"2026-05-06 10:35:00","ROTATION","ROTATION_LIQUID","Transition","NEUTRAL","0.0","1","0.8719","1","45.0","0.0","POST_IB_MACRO","ROTATION_LIQUID","NEUTRAL","70","0","0","TWO_SIDED_CONFIRMED","NO_BOT_PERMISSION|CHOPPY_REGIME_FLIPS|TRANSITION_EXIT_COOLDOWN|HYST_BLOCK_TRANSITION_AGE_1_OF_2","2","4","1","0","HYST_BLOCK_TRANSITION_AGE_1_OF_2"
"2026-05-06 10:35:00","ROTATION","ROTATION_LIQUID","Transition","NEUTRAL","0.0","1","0.9698","1","45.0","0.0","POST_IB_MACRO","ROTATION_LIQUID","NEUTRAL","70","0","0","TWO_SIDED_CONFIRMED","NO_BOT_PERMISSION|CHOPPY_REGIME_FLIPS|TRANSITION_EXIT_COOLDOWN|HYST_BLOCK_TRANSITION_AGE_1_OF_2","2","4","1","0","HYST_BLOCK_TRANSITION_AGE_1_OF_2"
"2026-05-06 10:35:00","ROTATION","ROTATION_LIQUID","Transition","NEUTRAL","0.0","1","0.9698","1","45.0","0.0","POST_IB_MACRO","ROTATION_LIQUID","NEUTRAL","70","0","0","TWO_SIDED_CONFIRMED","NO_BOT_PERMISSION|CHOPPY_REGIME_FLIPS|TRANSITION_EXIT_COOLDOWN|HYST_BLOCK_TRANSITION_AGE_1_OF_2","2","4","1","0","HYST_BLOCK_TRANSITION_AGE_1_OF_2"
"2026-05-06 10:35:00","ROTATION","ROTATION_LIQUID","Transition","NEUTRAL","0.0","1","0.9692","1","45.0","0.0","POST_IB_MACRO","ROTATION_LIQUID","NEUTRAL","70","0","0","TWO_SIDED_CONFIRMED","NO_BOT_PERMISSION|CHOPPY_REGIME_FLIPS|TRANSITION_EXIT_COOLDOWN|HYST_BLOCK_TRANSITION_AGE_1_OF_2","2","4","1","0","HYST_BLOCK_TRANSITION_AGE_1_OF_2"
"2026-05-06 10:35:00","ROTATION","ROTATION_LIQUID","Transition","NEUTRAL","0.0","1","0.9692","1","45.0","0.0","POST_IB_MACRO","ROTATION_LIQUID","NEUTRAL","70","0","0","TWO_SIDED_CONFIRMED","NO_BOT_PERMISSION|CHOPPY_REGIME_FLIPS|TRANSITION_EXIT_COOLDOWN|HYST_BLOCK_TRANSITION_AGE_1_OF_2","2","4","1","0","HYST_BLOCK_TRANSITION_AGE_1_OF_2"
"2026-05-06 10:35:00","ROTATION","ROTATION_LIQUID","Transition","NEUTRAL","0.0","1","0.9602","1","45.0","0.0","POST_IB_MACRO","ROTATION_LIQUID","NEUTRAL","70","0","0","TWO_SIDED_CONFIRMED","NO_BOT_PERMISSION|CHOPPY_REGIME_FLIPS|TRANSITION_EXIT_COOLDOWN|HYST_BLOCK_TRANSITION_AGE_1_OF_2","2","4","1","0","HYST_BLOCK_TRANSITION_AGE_1_OF_2"
"2026-05-06 10:35:00","ROTATION","ROTATION_LIQUID","Transition","NEUTRAL","0.0","1","0.9514","1","45.0","0.0","POST_IB_MACRO","ROTATION_LIQUID","NEUTRAL","70","0","0","TWO_SIDED_CONFIRMED","NO_BOT_PERMISSION|CHOPPY_REGIME_FLIPS|TRANSITION_EXIT_COOLDOWN|HYST_BLOCK_TRANSITION_AGE_1_OF_2","2","4","1","0","HYST_BLOCK_TRANSITION_AGE_1_OF_2"
"2026-05-06 10:35:00","ROTATION","ROTATION_LIQUID","Balance","NEUTRAL","0.0","1","0.9514","1","45.0","0.0","POST_IB_MACRO","ROTATION_LIQUID","NEUTRAL","76","0","0","HMM_BALANCE_ROTATION_CONFIRMED","NO_BOT_PERMISSION|CHOPPY_REGIME_FLIPS|TRANSITION_EXIT_COOLDOWN|HYST_PASSED_BALANCE_AGE_6","2","4","6","1","HYST_PASSED_BALANCE_AGE_6"
"2026-05-06 10:35:00","ROTATION","ROTATION_LIQUID","Balance","NEUTRAL","0.0","1","0.9331","1","45.0","0.0","POST_IB_MACRO","ROTATION_LIQUID","NEUTRAL","76","0","0","HMM_BALANCE_ROTATION_CONFIRMED","NO_BOT_PERMISSION|CHOPPY_REGIME_FLIPS|TRANSITION_EXIT_COOLDOWN|HYST_PASSED_BALANCE_AGE_6","2","4","6","1","HYST_PASSED_BALANCE_AGE_6"
"2026-05-06 10:35:00","ROTATION","ROTATION_LIQUID","Balance","NEUTRAL","0.0","1","0.9331","1","45.0","0.0","POST_IB_MACRO","ROTATION_LIQUID","NEUTRAL","76","0","0","HMM_BALANCE_ROTATION_CONFIRMED","NO_BOT_PERMISSION|CHOPPY_REGIME_FLIPS|TRANSITION_EXIT_COOLDOWN|HYST_PASSED_BALANCE_AGE_6","2","4","6","1","HYST_PASSED_BALANCE_AGE_6"
"2026-05-06 10:35:00","ROTATION","ROTATION_LIQUID","Balance","NEUTRAL","0.0","1","1.0109","1","45.0","0.0","POST_IB_MACRO","ROTATION_LIQUID","NEUTRAL","76","0","0","HMM_BALANCE_ROTATION_CONFIRMED","NO_BOT_PERMISSION|CHOPPY_REGIME_FLIPS|TRANSITION_EXIT_COOLDOWN|HYST_PASSED_BALANCE_AGE_6","2","4","6","1","HYST_PASSED_BALANCE_AGE_6"
"2026-05-06 10:35:00","ROTATION","ROTATION_LIQUID","Balance","NEUTRAL","0.0","1","1.0109","1","45.0","0.0","POST_IB_MACRO","ROTATION_LIQUID","NEUTRAL","76","0","0","HMM_BALANCE_ROTATION_CONFIRMED","NO_BOT_PERMISSION|CHOPPY_REGIME_FLIPS|TRANSITION_EXIT_COOLDOWN|HYST_PASSED_BALANCE_AGE_6","2","4","6","1","HYST_PASSED_BALANCE_AGE_6"
"2026-05-06 10:35:00","ROTATION","ROTATION_LIQUID","Balance","NEUTRAL","0.0","1","1.0109","1","45.0","0.0","POST_IB_MACRO","ROTATION_LIQUID","NEUTRAL","76","0","0","HMM_BALANCE_ROTATION_CONFIRMED","NO_BOT_PERMISSION|CHOPPY_REGIME_FLIPS|TRANSITION_EXIT_COOLDOWN|HYST_PASSED_BALANCE_AGE_6","2","4","6","1","HYST_PASSED_BALANCE_AGE_6"
"2026-05-06 10:35:00","ROTATION","ROTATION_LIQUID","Balance","NEUTRAL","0.0","1","1.0109","1","45.0","0.0","POST_IB_MACRO","ROTATION_LIQUID","NEUTRAL","76","0","0","HMM_BALANCE_ROTATION_CONFIRMED","NO_BOT_PERMISSION|CHOPPY_REGIME_FLIPS|TRANSITION_EXIT_COOLDOWN|HYST_PASSED_BALANCE_AGE_6","2","4","6","1","HYST_PASSED_BALANCE_AGE_6"
"2026-05-06 10:35:00","ROTATION","ROTATION_LIQUID","Balance","NEUTRAL","0.0","1","0.9963","1","45.0","0.0","POST_IB_MACRO","ROTATION_LIQUID","NEUTRAL","76","0","0","HMM_BALANCE_ROTATION_CONFIRMED","NO_BOT_PERMISSION|CHOPPY_REGIME_FLIPS|TRANSITION_EXIT_COOLDOWN|HYST_PASSED_BALANCE_AGE_6","2","4","6","1","HYST_PASSED_BALANCE_AGE_6"
"2026-05-06 10:35:00","ROTATION","ROTATION_LIQUID","Balance","NEUTRAL","0.0","1","0.9963","1","45.0","0.0","POST_IB_MACRO","ROTATION_LIQUID","NEUTRAL","76","0","0","HMM_BALANCE_ROTATION_CONFIRMED","NO_BOT_PERMISSION|CHOPPY_REGIME_FLIPS|TRANSITION_EXIT_COOLDOWN|HYST_PASSED_BALANCE_AGE_6","2","4","6","1","HYST_PASSED_BALANCE_AGE_6"
"2026-05-06 10:45:00","TREND","TREND_MODERATE","Balance","NEUTRAL","0.0801","1","0.7344","0","45.0","0.4","POST_IB_MACRO","TRANSITION","NEUTRAL","0","0","0","HIGH_CONFLICT","TRANSITION_HIGH_CONFLICT|CHOPPY_REGIME_FLIPS|HYST_PASSED_BALANCE_AGE_7","1","5","7","1","HYST_PASSED_BALANCE_AGE_7"
"2026-05-06 10:45:00","TREND","TREND_MODERATE","Balance","NEUTRAL","0.0801","1","0.7344","0","45.0","0.4","POST_IB_MACRO","TRANSITION","NEUTRAL","0","0","0","HIGH_CONFLICT","TRANSITION_HIGH_CONFLICT|CHOPPY_REGIME_FLIPS|HYST_PASSED_BALANCE_AGE_7","1","5","7","1","HYST_PASSED_BALANCE_AGE_7"
"2026-05-06 10:45:00","TREND","TREND_MODERATE","Balance","NEUTRAL","0.0801","1","0.7976","0","45.0","0.4","POST_IB_MACRO","TRANSITION","NEUTRAL","0","0","0","HIGH_CONFLICT","TRANSITION_HIGH_CONFLICT|CHOPPY_REGIME_FLIPS|HYST_PASSED_BALANCE_AGE_7","1","5","7","1","HYST_PASSED_BALANCE_AGE_7"
"2026-05-06 10:45:00","TREND","TREND_MODERATE","Balance","NEUTRAL","0.0801","1","0.7976","0","45.0","0.4","POST_IB_MACRO","TRANSITION","NEUTRAL","0","0","0","HIGH_CONFLICT","TRANSITION_HIGH_CONFLICT|CHOPPY_REGIME_FLIPS|HYST_PASSED_BALANCE_AGE_7","1","5","7","1","HYST_PASSED_BALANCE_AGE_7"
"2026-05-06 10:45:00","TREND","TREND_MODERATE","Balance","NEUTRAL","0.0801","1","0.7929","0","45.0","0.4","POST_IB_MACRO","TRANSITION","NEUTRAL","0","0","0","HIGH_CONFLICT","TRANSITION_HIGH_CONFLICT|CHOPPY_REGIME_FLIPS|HYST_PASSED_BALANCE_AGE_7","1","5","7","1","HYST_PASSED_BALANCE_AGE_7"
"2026-05-06 10:45:00","TREND","TREND_MODERATE","Balance","NEUTRAL","0.0801","1","0.7929","0","45.0","0.4","POST_IB_MACRO","TRANSITION","NEUTRAL","0","0","0","HIGH_CONFLICT","TRANSITION_HIGH_CONFLICT|CHOPPY_REGIME_FLIPS|HYST_PASSED_BALANCE_AGE_7","1","5","7","1","HYST_PASSED_BALANCE_AGE_7"
"2026-05-06 10:45:00","TREND","TREND_MODERATE","Balance","NEUTRAL","0.0801","1","0.7929","0","45.0","0.4","POST_IB_MACRO","TRANSITION","NEUTRAL","0","0","0","HIGH_CONFLICT","TRANSITION_HIGH_CONFLICT|CHOPPY_REGIME_FLIPS|HYST_PASSED_BALANCE_AGE_7","1","5","7","1","HYST_PASSED_BALANCE_AGE_7"
"2026-05-06 10:45:00","TREND","TREND_MODERATE","Balance","NEUTRAL","0.0801","1","0.7929","0","45.0","0.4","POST_IB_MACRO","TRANSITION","NEUTRAL","0","0","0","HIGH_CONFLICT","TRANSITION_HIGH_CONFLICT|CHOPPY_REGIME_FLIPS|HYST_PASSED_BALANCE_AGE_7","1","5","7","1","HYST_PASSED_BALANCE_AGE_7"
"2026-05-06 10:45:00","TREND","TREND_MODERATE","Balance","NEUTRAL","0.0801","1","0.7929","0","45.0","0.4","POST_IB_MACRO","TRANSITION","NEUTRAL","0","0","0","HIGH_CONFLICT","TRANSITION_HIGH_CONFLICT|CHOPPY_REGIME_FLIPS|HYST_PASSED_BALANCE_AGE_7","1","5","7","1","HYST_PASSED_BALANCE_AGE_7"
"2026-05-06 10:45:00","TREND","TREND_MODERATE","Balance","NEUTRAL","0.0801","1","0.7929","0","45.0","0.4","POST_IB_MACRO","TRANSITION","NEUTRAL","0","0","0","HIGH_CONFLICT","TRANSITION_HIGH_CONFLICT|CHOPPY_REGIME_FLIPS|HYST_PASSED_BALANCE_AGE_7","1","5","7","1","HYST_PASSED_BALANCE_AGE_7"
"2026-05-06 10:45:00","TREND","TREND_MODERATE","Balance","NEUTRAL","0.0801","1","0.7929","0","45.0","0.4","POST_IB_MACRO","TRANSITION","NEUTRAL","0","0","0","HIGH_CONFLICT","TRANSITION_HIGH_CONFLICT|CHOPPY_REGIME_FLIPS|HYST_BLOCK_BALANCE_AGE_1_OF_2","1","5","1","0","HYST_BLOCK_BALANCE_AGE_1_OF_2"
"2026-05-06 10:45:00","TREND","TREND_MODERATE","Balance","NEUTRAL","0.0801","1","0.7929","0","45.0","0.4","POST_IB_MACRO","TRANSITION","NEUTRAL","0","0","0","HIGH_CONFLICT","TRANSITION_HIGH_CONFLICT|CHOPPY_REGIME_FLIPS|HYST_BLOCK_BALANCE_AGE_1_OF_2","1","5","1","0","HYST_BLOCK_BALANCE_AGE_1_OF_2"
"2026-05-06 10:45:00","TREND","TREND_MODERATE","Balance","NEUTRAL","0.0801","1","0.8782","1","55.0","0.4","POST_IB_MACRO","TRANSITION","NEUTRAL","0","0","0","HIGH_CONFLICT","TRANSITION_HIGH_CONFLICT|CHOPPY_REGIME_FLIPS|HYST_BLOCK_BALANCE_AGE_1_OF_2","1","5","1","0","HYST_BLOCK_BALANCE_AGE_1_OF_2"
"2026-05-06 10:45:00","TREND","TREND_MODERATE","Balance","NEUTRAL","0.0801","1","0.8739","1","55.0","0.4","POST_IB_MACRO","TRANSITION","NEUTRAL","0","0","0","HIGH_CONFLICT","TRANSITION_HIGH_CONFLICT|CHOPPY_REGIME_FLIPS|HYST_BLOCK_BALANCE_AGE_1_OF_2","1","5","1","0","HYST_BLOCK_BALANCE_AGE_1_OF_2"
"2026-05-06 10:45:00","TREND","TREND_MODERATE","Balance","NEUTRAL","0.0801","1","0.8739","1","55.0","0.4","POST_IB_MACRO","TRANSITION","NEUTRAL","0","0","0","HIGH_CONFLICT","TRANSITION_HIGH_CONFLICT|CHOPPY_REGIME_FLIPS|HYST_BLOCK_BALANCE_AGE_1_OF_2","1","5","1","0","HYST_BLOCK_BALANCE_AGE_1_OF_2"
"2026-05-06 10:45:00","TREND","TREND_MODERATE","Balance","NEUTRAL","0.0801","1","0.8682","1","55.0","0.4","POST_IB_MACRO","TRANSITION","NEUTRAL","0","0","0","HIGH_CONFLICT","TRANSITION_HIGH_CONFLICT|CHOPPY_REGIME_FLIPS|HYST_BLOCK_BALANCE_AGE_1_OF_2","1","5","1","0","HYST_BLOCK_BALANCE_AGE_1_OF_2"
"2026-05-06 10:45:00","TREND","TREND_MODERATE","Balance","NEUTRAL","0.0801","1","0.8682","1","55.0","0.4","POST_IB_MACRO","TRANSITION","NEUTRAL","0","0","0","HIGH_CONFLICT","TRANSITION_HIGH_CONFLICT|CHOPPY_REGIME_FLIPS|HYST_BLOCK_BALANCE_AGE_1_OF_2","1","5","1","0","HYST_BLOCK_BALANCE_AGE_1_OF_2"
"2026-05-06 10:45:00","TREND","TREND_MODERATE","Balance","NEUTRAL","0.0801","1","0.853","1","55.0","0.4","POST_IB_MACRO","TRANSITION","NEUTRAL","0","0","0","HIGH_CONFLICT","TRANSITION_HIGH_CONFLICT|CHOPPY_REGIME_FLIPS|HYST_BLOCK_BALANCE_AGE_1_OF_2","1","5","1","0","HYST_BLOCK_BALANCE_AGE_1_OF_2"
"2026-05-06 10:45:00","TREND","TREND_MODERATE","Balance","NEUTRAL","0.0801","1","0.853","1","55.0","0.4","POST_IB_MACRO","TRANSITION","NEUTRAL","0","0","0","HIGH_CONFLICT","TRANSITION_HIGH_CONFLICT|CHOPPY_REGIME_FLIPS|HYST_BLOCK_BALANCE_AGE_1_OF_2","1","5","1","0","HYST_BLOCK_BALANCE_AGE_1_OF_2"
"2026-05-06 10:55:00","TREND","TREND_MODERATE","Balance","NEUTRAL","0.1591","1","0.4355","0","40.0","0.4","MID_MORNING_DISCOVERY","TRANSITION","NEUTRAL","0","0","0","HIGH_CONFLICT","TRANSITION_HIGH_CONFLICT|CHOPPY_REGIME_FLIPS|HYST_PASSED_BALANCE_AGE_2","2","5","2","1","HYST_PASSED_BALANCE_AGE_2"
"2026-05-06 10:55:00","TREND","TREND_MODERATE","Balance","NEUTRAL","0.1591","1","0.4355","0","40.0","0.4","MID_MORNING_DISCOVERY","TRANSITION","NEUTRAL","0","0","0","HIGH_CONFLICT","TRANSITION_HIGH_CONFLICT|CHOPPY_REGIME_FLIPS|HYST_PASSED_BALANCE_AGE_2","2","5","2","1","HYST_PASSED_BALANCE_AGE_2"
"2026-05-06 10:55:00","TREND","TREND_MODERATE","Balance","NEUTRAL","0.1591","1","0.4868","0","40.0","0.4","MID_MORNING_DISCOVERY","TRANSITION","NEUTRAL","0","0","0","HIGH_CONFLICT","TRANSITION_HIGH_CONFLICT|CHOPPY_REGIME_FLIPS|HYST_PASSED_BALANCE_AGE_2","2","5","2","1","HYST_PASSED_BALANCE_AGE_2"
"2026-05-06 10:55:00","TREND","TREND_MODERATE","Balance","NEUTRAL","0.1591","1","0.4868","0","40.0","0.4","MID_MORNING_DISCOVERY","TRANSITION","NEUTRAL","0","0","0","HIGH_CONFLICT","TRANSITION_HIGH_CONFLICT|CHOPPY_REGIME_FLIPS|HYST_PASSED_BALANCE_AGE_2","2","5","2","1","HYST_PASSED_BALANCE_AGE_2"
"2026-05-06 10:55:00","TREND","TREND_MODERATE","Balance","NEUTRAL","0.1591","1","0.4701","0","40.0","0.4","MID_MORNING_DISCOVERY","TRANSITION","NEUTRAL","0","0","0","HIGH_CONFLICT","TRANSITION_HIGH_CONFLICT|CHOPPY_REGIME_FLIPS|HYST_PASSED_BALANCE_AGE_2","2","5","2","1","HYST_PASSED_BALANCE_AGE_2"
"2026-05-06 10:55:00","TREND","TREND_MODERATE","Balance","NEUTRAL","0.1591","1","0.4701","0","40.0","0.4","MID_MORNING_DISCOVERY","TRANSITION","NEUTRAL","0","0","0","HIGH_CONFLICT","TRANSITION_HIGH_CONFLICT|CHOPPY_REGIME_FLIPS|HYST_PASSED_BALANCE_AGE_2","2","5","2","1","HYST_PASSED_BALANCE_AGE_2"
"2026-05-06 10:55:00","TREND","TREND_MODERATE","Balance","NEUTRAL","0.1591","1","0.4673","0","40.0","0.4","MID_MORNING_DISCOVERY","TRANSITION","NEUTRAL","0","0","0","HIGH_CONFLICT","TRANSITION_HIGH_CONFLICT|CHOPPY_REGIME_FLIPS|HYST_PASSED_BALANCE_AGE_2","2","5","2","1","HYST_PASSED_BALANCE_AGE_2"
"2026-05-06 10:55:00","TREND","TREND_MODERATE","Balance","NEUTRAL","0.1591","1","0.4673","0","40.0","0.4","MID_MORNING_DISCOVERY","TRANSITION","NEUTRAL","0","0","0","HIGH_CONFLICT","TRANSITION_HIGH_CONFLICT|CHOPPY_REGIME_FLIPS|HYST_PASSED_BALANCE_AGE_2","2","5","2","1","HYST_PASSED_BALANCE_AGE_2"
"2026-05-06 10:55:00","TREND","TREND_MODERATE","Balance","NEUTRAL","0.1591","1","0.4594","0","40.0","0.4","MID_MORNING_DISCOVERY","TRANSITION","NEUTRAL","0","0","0","HIGH_CONFLICT","TRANSITION_HIGH_CONFLICT|CHOPPY_REGIME_FLIPS|HYST_PASSED_BALANCE_AGE_2","2","5","2","1","HYST_PASSED_BALANCE_AGE_2"
"2026-05-06 10:55:00","TREND","TREND_MODERATE","Balance","NEUTRAL","0.1591","1","0.4594","0","40.0","0.4","MID_MORNING_DISCOVERY","TRANSITION","NEUTRAL","0","0","0","HIGH_CONFLICT","TRANSITION_HIGH_CONFLICT|CHOPPY_REGIME_FLIPS|HYST_PASSED_BALANCE_AGE_2","2","5","2","1","HYST_PASSED_BALANCE_AGE_2"
"2026-05-06 10:55:00","TREND","TREND_MODERATE","Transition","NEUTRAL","0.1591","1","0.4579","0","40.0","0.0","MID_MORNING_DISCOVERY","TRANSITION","NEUTRAL","0","0","0","HMM_TRANSITION_TREND_BLOCKED","TRANSITION_HMM_TRANSITION_TREND_BLOCKED|CHOPPY_REGIME_FLIPS|HYST_PASSED_TRANSITION_AGE_2","2","5","2","1","HYST_PASSED_TRANSITION_AGE_2"
"2026-05-06 10:55:00","TREND","TREND_MODERATE","Transition","NEUTRAL","0.1591","1","0.4579","0","40.0","0.0","MID_MORNING_DISCOVERY","TRANSITION","NEUTRAL","0","0","0","HMM_TRANSITION_TREND_BLOCKED","TRANSITION_HMM_TRANSITION_TREND_BLOCKED|CHOPPY_REGIME_FLIPS|HYST_PASSED_TRANSITION_AGE_2","2","5","2","1","HYST_PASSED_TRANSITION_AGE_2"
"2026-05-06 10:55:00","TREND","TREND_MODERATE","Transition","NEUTRAL","0.1591","1","0.5064","0","40.0","0.0","MID_MORNING_DISCOVERY","TRANSITION","NEUTRAL","0","0","0","HMM_TRANSITION_TREND_BLOCKED","TRANSITION_HMM_TRANSITION_TREND_BLOCKED|CHOPPY_REGIME_FLIPS|HYST_PASSED_TRANSITION_AGE_2","2","5","2","1","HYST_PASSED_TRANSITION_AGE_2"
"2026-05-06 10:55:00","TREND","TREND_MODERATE","Transition","NEUTRAL","0.1591","1","0.5064","0","40.0","0.0","MID_MORNING_DISCOVERY","TRANSITION","NEUTRAL","0","0","0","HMM_TRANSITION_TREND_BLOCKED","TRANSITION_HMM_TRANSITION_TREND_BLOCKED|CHOPPY_REGIME_FLIPS|HYST_PASSED_TRANSITION_AGE_2","2","5","2","1","HYST_PASSED_TRANSITION_AGE_2"
"2026-05-06 10:55:00","TREND","TREND_MODERATE","Transition","NEUTRAL","0.1591","1","0.494","0","40.0","0.0","MID_MORNING_DISCOVERY","TRANSITION","NEUTRAL","0","0","0","HMM_TRANSITION_TREND_BLOCKED","TRANSITION_HMM_TRANSITION_TREND_BLOCKED|CHOPPY_REGIME_FLIPS|HYST_PASSED_TRANSITION_AGE_2","2","5","2","1","HYST_PASSED_TRANSITION_AGE_2"
"2026-05-06 10:55:00","TREND","TREND_MODERATE","Transition","NEUTRAL","0.1591","1","0.494","0","40.0","0.0","MID_MORNING_DISCOVERY","TRANSITION","NEUTRAL","0","0","0","HMM_TRANSITION_TREND_BLOCKED","TRANSITION_HMM_TRANSITION_TREND_BLOCKED|CHOPPY_REGIME_FLIPS|HYST_PASSED_TRANSITION_AGE_2","2","5","2","1","HYST_PASSED_TRANSITION_AGE_2"
"2026-05-06 10:55:00","TREND","TREND_MODERATE","Transition","NEUTRAL","0.1591","1","0.494","0","40.0","0.0","MID_MORNING_DISCOVERY","TRANSITION","NEUTRAL","0","0","0","HMM_TRANSITION_TREND_BLOCKED","TRANSITION_HMM_TRANSITION_TREND_BLOCKED|CHOPPY_REGIME_FLIPS|HYST_PASSED_TRANSITION_AGE_2","2","5","2","1","HYST_PASSED_TRANSITION_AGE_2"
"2026-05-06 10:55:00","TREND","TREND_MODERATE","Transition","NEUTRAL","0.1591","1","0.4887","0","40.0","0.0","MID_MORNING_DISCOVERY","TRANSITION","NEUTRAL","0","0","0","HMM_TRANSITION_TREND_BLOCKED","TRANSITION_HMM_TRANSITION_TREND_BLOCKED|CHOPPY_REGIME_FLIPS|HYST_PASSED_TRANSITION_AGE_2","2","5","2","1","HYST_PASSED_TRANSITION_AGE_2"
"2026-05-06 10:55:00","TREND","TREND_MODERATE","Transition","NEUTRAL","0.1591","1","0.4887","0","40.0","0.0","MID_MORNING_DISCOVERY","TRANSITION","NEUTRAL","0","0","0","HMM_TRANSITION_TREND_BLOCKED","TRANSITION_HMM_TRANSITION_TREND_BLOCKED|CHOPPY_REGIME_FLIPS|HYST_PASSED_TRANSITION_AGE_2","2","5","2","1","HYST_PASSED_TRANSITION_AGE_2"
"2026-05-06 11:05:00","TREND","TREND_MODERATE","Transition","NEUTRAL","0.2037","1","0.2812","0","35.0","0.0","MID_MORNING_DISCOVERY","TRANSITION","NEUTRAL","0","0","0","HMM_TRANSITION_TREND_BLOCKED","TRANSITION_HMM_TRANSITION_TREND_BLOCKED|CHOPPY_REGIME_FLIPS|HYST_PASSED_TRANSITION_AGE_3","3","5","3","1","HYST_PASSED_TRANSITION_AGE_3"
"2026-05-06 11:05:00","TREND","TREND_MODERATE","Transition","NEUTRAL","0.2037","1","0.2812","0","35.0","0.0","MID_MORNING_DISCOVERY","TRANSITION","NEUTRAL","0","0","0","HMM_TRANSITION_TREND_BLOCKED","TRANSITION_HMM_TRANSITION_TREND_BLOCKED|CHOPPY_REGIME_FLIPS|HYST_PASSED_TRANSITION_AGE_3","3","5","3","1","HYST_PASSED_TRANSITION_AGE_3"
"2026-05-06 11:05:00","TREND","TREND_MODERATE","Transition","NEUTRAL","0.2037","1","0.3125","0","35.0","0.0","MID_MORNING_DISCOVERY","TRANSITION","NEUTRAL","0","0","0","HMM_TRANSITION_TREND_BLOCKED","TRANSITION_HMM_TRANSITION_TREND_BLOCKED|CHOPPY_REGIME_FLIPS|HYST_PASSED_TRANSITION_AGE_3","3","5","3","1","HYST_PASSED_TRANSITION_AGE_3"
"2026-05-06 11:05:00","TREND","TREND_MODERATE","Transition","NEUTRAL","0.2037","1","0.3125","0","35.0","0.0","MID_MORNING_DISCOVERY","TRANSITION","NEUTRAL","0","0","0","HMM_TRANSITION_TREND_BLOCKED","TRANSITION_HMM_TRANSITION_TREND_BLOCKED|CHOPPY_REGIME_FLIPS|HYST_PASSED_TRANSITION_AGE_3","3","5","3","1","HYST_PASSED_TRANSITION_AGE_3"
"2026-05-06 11:05:00","TREND","TREND_MODERATE","Transition","NEUTRAL","0.2037","1","0.3098","0","35.0","0.0","MID_MORNING_DISCOVERY","TRANSITION","NEUTRAL","0","0","0","HMM_TRANSITION_TREND_BLOCKED","TRANSITION_HMM_TRANSITION_TREND_BLOCKED|CHOPPY_REGIME_FLIPS|HYST_PASSED_TRANSITION_AGE_3","3","5","3","1","HYST_PASSED_TRANSITION_AGE_3"
"2026-05-06 11:05:00","TREND","TREND_MODERATE","Transition","NEUTRAL","0.2037","1","0.3098","0","35.0","0.0","MID_MORNING_DISCOVERY","TRANSITION","NEUTRAL","0","0","0","HMM_TRANSITION_TREND_BLOCKED","TRANSITION_HMM_TRANSITION_TREND_BLOCKED|CHOPPY_REGIME_FLIPS|HYST_PASSED_TRANSITION_AGE_3","3","5","3","1","HYST_PASSED_TRANSITION_AGE_3"
"2026-05-06 11:05:00","TREND","TREND_MODERATE","Transition","NEUTRAL","0.2037","1","0.3059","0","35.0","0.0","MID_MORNING_DISCOVERY","TRANSITION","NEUTRAL","0","0","0","HMM_TRANSITION_TREND_BLOCKED","TRANSITION_HMM_TRANSITION_TREND_BLOCKED|CHOPPY_REGIME_FLIPS|HYST_PASSED_TRANSITION_AGE_3","3","5","3","1","HYST_PASSED_TRANSITION_AGE_3"
"2026-05-06 11:05:00","TREND","TREND_MODERATE","Transition","NEUTRAL","0.2037","1","0.3059","0","35.0","0.0","MID_MORNING_DISCOVERY","TRANSITION","NEUTRAL","0","0","0","HMM_TRANSITION_TREND_BLOCKED","TRANSITION_HMM_TRANSITION_TREND_BLOCKED|CHOPPY_REGIME_FLIPS|HYST_PASSED_TRANSITION_AGE_3","3","5","3","1","HYST_PASSED_TRANSITION_AGE_3"
"2026-05-06 11:05:00","TREND","TREND_MODERATE","Transition","NEUTRAL","0.2037","1","0.3009","0","35.0","0.0","MID_MORNING_DISCOVERY","TRANSITION","NEUTRAL","0","0","0","HMM_TRANSITION_TREND_BLOCKED","TRANSITION_HMM_TRANSITION_TREND_BLOCKED|CHOPPY_REGIME_FLIPS|HYST_PASSED_TRANSITION_AGE_3","3","5","3","1","HYST_PASSED_TRANSITION_AGE_3"
"2026-05-06 11:05:00","TREND","TREND_MODERATE","Transition","NEUTRAL","0.2037","1","0.3009","0","35.0","0.0","MID_MORNING_DISCOVERY","TRANSITION","NEUTRAL","0","0","0","HMM_TRANSITION_TREND_BLOCKED","TRANSITION_HMM_TRANSITION_TREND_BLOCKED|CHOPPY_REGIME_FLIPS|HYST_PASSED_TRANSITION_AGE_3","3","5","3","1","HYST_PASSED_TRANSITION_AGE_3"
"2026-05-06 11:05:00","TREND","TREND_MODERATE","Balance","NEUTRAL","0.2037","1","0.2989","0","35.0","0.4","MID_MORNING_DISCOVERY","TRANSITION","NEUTRAL","0","0","0","HIGH_CONFLICT","TRANSITION_HIGH_CONFLICT|CHOPPY_REGIME_FLIPS|HYST_PASSED_BALANCE_AGE_3","3","5","3","1","HYST_PASSED_BALANCE_AGE_3"
"2026-05-06 11:05:00","TREND","TREND_MODERATE","Balance","NEUTRAL","0.2037","1","0.2989","0","35.0","0.4","MID_MORNING_DISCOVERY","TRANSITION","NEUTRAL","0","0","0","HIGH_CONFLICT","TRANSITION_HIGH_CONFLICT|CHOPPY_REGIME_FLIPS|HYST_PASSED_BALANCE_AGE_3","3","5","3","1","HYST_PASSED_BALANCE_AGE_3"
"2026-05-06 11:05:00","TREND","TREND_MODERATE","Balance","NEUTRAL","0.2037","1","0.3287","0","35.0","0.4","MID_MORNING_DISCOVERY","TRANSITION","NEUTRAL","0","0","0","HIGH_CONFLICT","TRANSITION_HIGH_CONFLICT|CHOPPY_REGIME_FLIPS|HYST_PASSED_BALANCE_AGE_3","3","5","3","1","HYST_PASSED_BALANCE_AGE_3"
"2026-05-06 11:05:00","TREND","TREND_MODERATE","Balance","NEUTRAL","0.2037","1","0.3287","0","35.0","0.4","MID_MORNING_DISCOVERY","TRANSITION","NEUTRAL","0","0","0","HIGH_CONFLICT","TRANSITION_HIGH_CONFLICT|CHOPPY_REGIME_FLIPS|HYST_PASSED_BALANCE_AGE_3","3","5","3","1","HYST_PASSED_BALANCE_AGE_3"
"2026-05-06 11:05:00","TREND","TREND_MODERATE","Balance","NEUTRAL","0.2037","1","0.3243","0","35.0","0.4","MID_MORNING_DISCOVERY","TRANSITION","NEUTRAL","0","0","0","HIGH_CONFLICT","TRANSITION_HIGH_CONFLICT|CHOPPY_REGIME_FLIPS|HYST_PASSED_BALANCE_AGE_3","3","5","3","1","HYST_PASSED_BALANCE_AGE_3"
"2026-05-06 11:05:00","TREND","TREND_MODERATE","Balance","NEUTRAL","0.2037","1","0.3162","0","35.0","0.4","MID_MORNING_DISCOVERY","TRANSITION","NEUTRAL","0","0","0","HIGH_CONFLICT","TRANSITION_HIGH_CONFLICT|CHOPPY_REGIME_FLIPS|HYST_PASSED_BALANCE_AGE_3","3","5","3","1","HYST_PASSED_BALANCE_AGE_3"
"2026-05-06 11:05:00","TREND","TREND_MODERATE","Balance","NEUTRAL","0.2037","1","0.3162","0","35.0","0.4","MID_MORNING_DISCOVERY","TRANSITION","NEUTRAL","0","0","0","HIGH_CONFLICT","TRANSITION_HIGH_CONFLICT|CHOPPY_REGIME_FLIPS|HYST_PASSED_BALANCE_AGE_3","3","5","3","1","HYST_PASSED_BALANCE_AGE_3"
"2026-05-06 11:05:00","TREND","TREND_MODERATE","Balance","NEUTRAL","0.2037","1","0.299","0","35.0","0.4","MID_MORNING_DISCOVERY","TRANSITION","NEUTRAL","0","0","0","HIGH_CONFLICT","TRANSITION_HIGH_CONFLICT|CHOPPY_REGIME_FLIPS|HYST_PASSED_BALANCE_AGE_3","3","5","3","1","HYST_PASSED_BALANCE_AGE_3"
"2026-05-06 11:05:00","TREND","TREND_MODERATE","Balance","NEUTRAL","0.2037","1","0.299","0","35.0","0.4","MID_MORNING_DISCOVERY","TRANSITION","NEUTRAL","0","0","0","HIGH_CONFLICT","TRANSITION_HIGH_CONFLICT|CHOPPY_REGIME_FLIPS|HYST_PASSED_BALANCE_AGE_3","3","5","3","1","HYST_PASSED_BALANCE_AGE_3"
"2026-05-06 11:05:00","TREND","TREND_MODERATE","Balance","NEUTRAL","0.2037","1","0.299","0","35.0","0.4","MID_MORNING_DISCOVERY","TRANSITION","NEUTRAL","0","0","0","HIGH_CONFLICT","TRANSITION_HIGH_CONFLICT|CHOPPY_REGIME_FLIPS|HYST_PASSED_BALANCE_AGE_3","3","5","3","1","HYST_PASSED_BALANCE_AGE_3"
"2026-05-06 11:05:00","TREND","TREND_MODERATE","Transition","NEUTRAL","0.2037","1","0.299","0","35.0","0.0","MID_MORNING_DISCOVERY","TRANSITION","NEUTRAL","0","0","0","HMM_TRANSITION_TREND_BLOCKED","TRANSITION_HMM_TRANSITION_TREND_BLOCKED|CHOPPY_REGIME_FLIPS|HYST_PASSED_TRANSITION_AGE_3","3","5","3","1","HYST_PASSED_TRANSITION_AGE_3"
"2026-05-06 11:05:00","TREND","TREND_MODERATE","Transition","NEUTRAL","0.2037","1","0.3221","0","35.0","0.0","MID_MORNING_DISCOVERY","TRANSITION","NEUTRAL","0","0","0","HMM_TRANSITION_TREND_BLOCKED","TRANSITION_HMM_TRANSITION_TREND_BLOCKED|CHOPPY_REGIME_FLIPS|HYST_PASSED_TRANSITION_AGE_3","3","5","3","1","HYST_PASSED_TRANSITION_AGE_3"
"2026-05-06 11:05:00","TREND","TREND_MODERATE","Transition","NEUTRAL","0.2037","1","0.3221","0","35.0","0.0","MID_MORNING_DISCOVERY","TRANSITION","NEUTRAL","0","0","0","HMM_TRANSITION_TREND_BLOCKED","TRANSITION_HMM_TRANSITION_TREND_BLOCKED|CHOPPY_REGIME_FLIPS|HYST_PASSED_TRANSITION_AGE_3","3","5","3","1","HYST_PASSED_TRANSITION_AGE_3"
"2026-05-06 11:05:00","TREND","TREND_MODERATE","Transition","NEUTRAL","0.2037","1","0.3125","0","35.0","0.0","MID_MORNING_DISCOVERY","TRANSITION","NEUTRAL","0","0","0","HMM_TRANSITION_TREND_BLOCKED","TRANSITION_HMM_TRANSITION_TREND_BLOCKED|CHOPPY_REGIME_FLIPS|HYST_PASSED_TRANSITION_AGE_3","3","5","3","1","HYST_PASSED_TRANSITION_AGE_3"
"2026-05-06 11:05:00","TREND","TREND_MODERATE","Transition","NEUTRAL","0.2037","1","0.3125","0","35.0","0.0","MID_MORNING_DISCOVERY","TRANSITION","NEUTRAL","0","0","0","HMM_TRANSITION_TREND_BLOCKED","TRANSITION_HMM_TRANSITION_TREND_BLOCKED|CHOPPY_REGIME_FLIPS|HYST_PASSED_TRANSITION_AGE_3","3","5","3","1","HYST_PASSED_TRANSITION_AGE_3"
"2026-05-06 11:05:00","TREND","TREND_MODERATE","Transition","NEUTRAL","0.2037","1","0.2989","0","35.0","0.0","MID_MORNING_DISCOVERY","TRANSITION","NEUTRAL","0","0","0","HMM_TRANSITION_TREND_BLOCKED","TRANSITION_HMM_TRANSITION_TREND_BLOCKED|CHOPPY_REGIME_FLIPS|HYST_PASSED_TRANSITION_AGE_3","3","5","3","1","HYST_PASSED_TRANSITION_AGE_3"
"2026-05-06 11:05:00","TREND","TREND_MODERATE","Transition","NEUTRAL","0.2037","1","0.2989","0","35.0","0.0","MID_MORNING_DISCOVERY","TRANSITION","NEUTRAL","0","0","0","HMM_TRANSITION_TREND_BLOCKED","TRANSITION_HMM_TRANSITION_TREND_BLOCKED|CHOPPY_REGIME_FLIPS|HYST_PASSED_TRANSITION_AGE_3","3","5","3","1","HYST_PASSED_TRANSITION_AGE_3"
"2026-05-06 11:05:00","TREND","TREND_MODERATE","Transition","NEUTRAL","0.2037","1","0.2928","0","35.0","0.0","MID_MORNING_DISCOVERY","TRANSITION","NEUTRAL","0","0","0","HMM_TRANSITION_TREND_BLOCKED","TRANSITION_HMM_TRANSITION_TREND_BLOCKED|CHOPPY_REGIME_FLIPS|HYST_PASSED_TRANSITION_AGE_3","3","5","3","1","HYST_PASSED_TRANSITION_AGE_3"
"2026-05-06 11:05:00","TREND","TREND_MODERATE","Transition","NEUTRAL","0.2037","1","0.2928","0","35.0","0.0","MID_MORNING_DISCOVERY","TRANSITION","NEUTRAL","0","0","0","HMM_TRANSITION_TREND_BLOCKED","TRANSITION_HMM_TRANSITION_TREND_BLOCKED|CHOPPY_REGIME_FLIPS|HYST_PASSED_TRANSITION_AGE_3","3","5","3","1","HYST_PASSED_TRANSITION_AGE_3"
"2026-05-06 11:05:00","TREND","TREND_MODERATE","Transition","NEUTRAL","0.2037","1","0.289","0","35.0","0.0","MID_MORNING_DISCOVERY","TRANSITION","NEUTRAL","0","0","0","HMM_TRANSITION_TREND_BLOCKED","TRANSITION_HMM_TRANSITION_TREND_BLOCKED|CHOPPY_REGIME_FLIPS|HYST_PASSED_TRANSITION_AGE_3","3","5","3","1","HYST_PASSED_TRANSITION_AGE_3"
"2026-05-06 11:05:00","TREND","TREND_MODERATE","Transition","NEUTRAL","0.2037","1","0.289","0","35.0","0.0","MID_MORNING_DISCOVERY","TRANSITION","NEUTRAL","0","0","0","HMM_TRANSITION_TREND_BLOCKED","TRANSITION_HMM_TRANSITION_TREND_BLOCKED|CHOPPY_REGIME_FLIPS|HYST_PASSED_TRANSITION_AGE_3","3","5","3","1","HYST_PASSED_TRANSITION_AGE_3"
"2026-05-06 11:05:00","TREND","TREND_MODERATE","Transition","NEUTRAL","0.2037","1","0.3219","0","35.0","0.0","MID_MORNING_DISCOVERY","TRANSITION","NEUTRAL","0","0","0","HMM_TRANSITION_TREND_BLOCKED","TRANSITION_HMM_TRANSITION_TREND_BLOCKED|CHOPPY_REGIME_FLIPS|HYST_PASSED_TRANSITION_AGE_3","3","5","3","1","HYST_PASSED_TRANSITION_AGE_3"
"2026-05-06 11:05:00","TREND","TREND_MODERATE","Transition","NEUTRAL","0.2037","1","0.3219","0","35.0","0.0","MID_MORNING_DISCOVERY","TRANSITION","NEUTRAL","0","0","0","HMM_TRANSITION_TREND_BLOCKED","TRANSITION_HMM_TRANSITION_TREND_BLOCKED|CHOPPY_REGIME_FLIPS|HYST_PASSED_TRANSITION_AGE_3","3","5","3","1","HYST_PASSED_TRANSITION_AGE_3"
"2026-05-06 11:05:00","TREND","TREND_MODERATE","Transition","NEUTRAL","0.2037","1","0.3154","0","35.0","0.0","MID_MORNING_DISCOVERY","TRANSITION","NEUTRAL","0","0","0","HMM_TRANSITION_TREND_BLOCKED","TRANSITION_HMM_TRANSITION_TREND_BLOCKED|CHOPPY_REGIME_FLIPS|HYST_PASSED_TRANSITION_AGE_3","3","5","3","1","HYST_PASSED_TRANSITION_AGE_3"
"2026-05-06 11:05:00","TREND","TREND_MODERATE","Transition","NEUTRAL","0.2037","1","0.3154","0","35.0","0.0","MID_MORNING_DISCOVERY","TRANSITION","NEUTRAL","0","0","0","HMM_TRANSITION_TREND_BLOCKED","TRANSITION_HMM_TRANSITION_TREND_BLOCKED|CHOPPY_REGIME_FLIPS|HYST_PASSED_TRANSITION_AGE_3","3","5","3","1","HYST_PASSED_TRANSITION_AGE_3"
"2026-05-06 11:05:00","TREND","TREND_MODERATE","Transition","NEUTRAL","0.2037","1","0.3154","0","35.0","0.0","MID_MORNING_DISCOVERY","TRANSITION","NEUTRAL","0","0","0","HMM_TRANSITION_TREND_BLOCKED","TRANSITION_HMM_TRANSITION_TREND_BLOCKED|CHOPPY_REGIME_FLIPS|HYST_PASSED_TRANSITION_AGE_3","3","5","3","1","HYST_PASSED_TRANSITION_AGE_3"
"2026-05-06 11:05:00","TREND","TREND_MODERATE","Transition","NEUTRAL","0.2037","1","0.3154","0","35.0","0.0","MID_MORNING_DISCOVERY","TRANSITION","NEUTRAL","0","0","0","HMM_TRANSITION_TREND_BLOCKED","TRANSITION_HMM_TRANSITION_TREND_BLOCKED|CHOPPY_REGIME_FLIPS|HYST_PASSED_TRANSITION_AGE_3","3","5","3","1","HYST_PASSED_TRANSITION_AGE_3"
"2026-05-06 11:05:00","TREND","TREND_MODERATE","Transition","NEUTRAL","0.2037","1","0.3129","0","35.0","0.0","MID_MORNING_DISCOVERY","TRANSITION","NEUTRAL","0","0","0","HMM_TRANSITION_TREND_BLOCKED","TRANSITION_HMM_TRANSITION_TREND_BLOCKED|CHOPPY_REGIME_FLIPS|HYST_PASSED_TRANSITION_AGE_3","3","5","3","1","HYST_PASSED_TRANSITION_AGE_3"
"2026-05-06 11:05:00","TREND","TREND_MODERATE","Transition","NEUTRAL","0.2037","1","0.3129","0","35.0","0.0","MID_MORNING_DISCOVERY","TRANSITION","NEUTRAL","0","0","0","HMM_TRANSITION_TREND_BLOCKED","TRANSITION_HMM_TRANSITION_TREND_BLOCKED|CHOPPY_REGIME_FLIPS|HYST_PASSED_TRANSITION_AGE_3","3","5","3","1","HYST_PASSED_TRANSITION_AGE_3"
"2026-05-06 11:05:00","TREND","TREND_MODERATE","Transition","NEUTRAL","0.2037","1","0.3129","0","35.0","0.0","MID_MORNING_DISCOVERY","TRANSITION","NEUTRAL","0","0","0","HMM_TRANSITION_TREND_BLOCKED","TRANSITION_HMM_TRANSITION_TREND_BLOCKED|CHOPPY_REGIME_FLIPS|HYST_PASSED_TRANSITION_AGE_3","3","5","3","1","HYST_PASSED_TRANSITION_AGE_3"
"2026-05-06 11:05:00","TREND","TREND_MODERATE","Transition","NEUTRAL","0.2037","1","0.3453","0","35.0","0.0","MID_MORNING_DISCOVERY","TRANSITION","NEUTRAL","0","0","0","HMM_TRANSITION_TREND_BLOCKED","TRANSITION_HMM_TRANSITION_TREND_BLOCKED|CHOPPY_REGIME_FLIPS|HYST_PASSED_TRANSITION_AGE_3","3","5","3","1","HYST_PASSED_TRANSITION_AGE_3"
"2026-05-06 11:05:00","TREND","TREND_MODERATE","Transition","NEUTRAL","0.2037","1","0.3453","0","35.0","0.0","MID_MORNING_DISCOVERY","TRANSITION","NEUTRAL","0","0","0","HMM_TRANSITION_TREND_BLOCKED","TRANSITION_HMM_TRANSITION_TREND_BLOCKED|CHOPPY_REGIME_FLIPS|HYST_PASSED_TRANSITION_AGE_3","3","5","3","1","HYST_PASSED_TRANSITION_AGE_3"
"2026-05-06 11:05:00","TREND","TREND_MODERATE","Transition","NEUTRAL","0.2037","1","0.3449","0","35.0","0.0","MID_MORNING_DISCOVERY","TRANSITION","NEUTRAL","0","0","0","HMM_TRANSITION_TREND_BLOCKED","TRANSITION_HMM_TRANSITION_TREND_BLOCKED|CHOPPY_REGIME_FLIPS|HYST_PASSED_TRANSITION_AGE_3","3","5","3","1","HYST_PASSED_TRANSITION_AGE_3"
"2026-05-06 11:05:00","TREND","TREND_MODERATE","Transition","NEUTRAL","0.2037","1","0.3449","0","35.0","0.0","MID_MORNING_DISCOVERY","TRANSITION","NEUTRAL","0","0","0","HMM_TRANSITION_TREND_BLOCKED","TRANSITION_HMM_TRANSITION_TREND_BLOCKED|CHOPPY_REGIME_FLIPS|HYST_PASSED_TRANSITION_AGE_3","3","5","3","1","HYST_PASSED_TRANSITION_AGE_3"
"2026-05-06 11:05:00","TREND","TREND_MODERATE","Transition","NEUTRAL","0.2037","1","0.3449","0","35.0","0.0","MID_MORNING_DISCOVERY","TRANSITION","NEUTRAL","0","0","0","HMM_TRANSITION_TREND_BLOCKED","TRANSITION_HMM_TRANSITION_TREND_BLOCKED|CHOPPY_REGIME_FLIPS|HYST_PASSED_TRANSITION_AGE_3","3","5","3","1","HYST_PASSED_TRANSITION_AGE_3"
"2026-05-06 11:05:00","TREND","TREND_MODERATE","Transition","NEUTRAL","0.2037","1","0.3449","0","35.0","0.0","MID_MORNING_DISCOVERY","TRANSITION","NEUTRAL","0","0","0","HMM_TRANSITION_TREND_BLOCKED","TRANSITION_HMM_TRANSITION_TREND_BLOCKED|CHOPPY_REGIME_FLIPS|HYST_PASSED_TRANSITION_AGE_3","3","5","3","1","HYST_PASSED_TRANSITION_AGE_3"
"2026-05-06 11:05:00","TREND","TREND_MODERATE","Transition","NEUTRAL","0.2037","1","0.3449","0","35.0","0.0","MID_MORNING_DISCOVERY","TRANSITION","NEUTRAL","0","0","0","HMM_TRANSITION_TREND_BLOCKED","TRANSITION_HMM_TRANSITION_TREND_BLOCKED|CHOPPY_REGIME_FLIPS|HYST_PASSED_TRANSITION_AGE_3","3","5","3","1","HYST_PASSED_TRANSITION_AGE_3"
"2026-05-06 11:05:00","TREND","TREND_MODERATE","Transition","NEUTRAL","0.2037","1","0.3449","0","35.0","0.0","MID_MORNING_DISCOVERY","TRANSITION","NEUTRAL","0","0","0","HMM_TRANSITION_TREND_BLOCKED","TRANSITION_HMM_TRANSITION_TREND_BLOCKED|CHOPPY_REGIME_FLIPS|HYST_PASSED_TRANSITION_AGE_3","3","5","3","1","HYST_PASSED_TRANSITION_AGE_3"
"2026-05-06 11:05:00","TREND","TREND_MODERATE","Transition","NEUTRAL","0.2037","1","0.3449","0","35.0","0.0","MID_MORNING_DISCOVERY","TRANSITION","NEUTRAL","0","0","0","HMM_TRANSITION_TREND_BLOCKED","TRANSITION_HMM_TRANSITION_TREND_BLOCKED|CHOPPY_REGIME_FLIPS|HYST_PASSED_TRANSITION_AGE_3","3","6","3","1","HYST_PASSED_TRANSITION_AGE_3"
"2026-05-06 11:05:00","TREND","TREND_MODERATE","Transition","NEUTRAL","0.2037","1","0.3449","0","35.0","0.0","MID_MORNING_DISCOVERY","TRANSITION","NEUTRAL","0","0","0","HMM_TRANSITION_TREND_BLOCKED","TRANSITION_HMM_TRANSITION_TREND_BLOCKED|CHOPPY_REGIME_FLIPS|HYST_PASSED_TRANSITION_AGE_3","3","6","3","1","HYST_PASSED_TRANSITION_AGE_3"
"2026-05-06 11:05:00","TREND","TREND_MODERATE","Transition","NEUTRAL","0.2037","1","0.3756","0","35.0","0.0","MID_MORNING_DISCOVERY","TRANSITION","NEUTRAL","0","0","0","HMM_TRANSITION_TREND_BLOCKED","TRANSITION_HMM_TRANSITION_TREND_BLOCKED|CHOPPY_REGIME_FLIPS|HYST_PASSED_TRANSITION_AGE_3","3","6","3","1","HYST_PASSED_TRANSITION_AGE_3"
"2026-05-06 11:05:00","TREND","TREND_MODERATE","Transition","NEUTRAL","0.2037","1","0.3756","0","35.0","0.0","MID_MORNING_DISCOVERY","TRANSITION","NEUTRAL","0","0","0","HMM_TRANSITION_TREND_BLOCKED","TRANSITION_HMM_TRANSITION_TREND_BLOCKED|CHOPPY_REGIME_FLIPS|HYST_PASSED_TRANSITION_AGE_3","3","6","3","1","HYST_PASSED_TRANSITION_AGE_3"
"2026-05-06 11:05:00","TREND","TREND_MODERATE","Transition","NEUTRAL","0.2037","1","0.3756","0","35.0","0.0","MID_MORNING_DISCOVERY","TRANSITION","NEUTRAL","0","0","0","HMM_TRANSITION_TREND_BLOCKED","TRANSITION_HMM_TRANSITION_TREND_BLOCKED|CHOPPY_REGIME_FLIPS|HYST_PASSED_TRANSITION_AGE_3","3","6","3","1","HYST_PASSED_TRANSITION_AGE_3"
"2026-05-06 11:05:00","TREND","TREND_MODERATE","Transition","NEUTRAL","0.2037","1","0.3756","0","35.0","0.0","MID_MORNING_DISCOVERY","TRANSITION","NEUTRAL","0","0","0","HMM_TRANSITION_TREND_BLOCKED","TRANSITION_HMM_TRANSITION_TREND_BLOCKED|CHOPPY_REGIME_FLIPS|HYST_PASSED_TRANSITION_AGE_3","3","6","3","1","HYST_PASSED_TRANSITION_AGE_3"
"2026-05-06 11:05:00","TREND","TREND_MODERATE","Transition","NEUTRAL","0.2037","1","0.3721","0","35.0","0.0","MID_MORNING_DISCOVERY","TRANSITION","NEUTRAL","0","0","0","HMM_TRANSITION_TREND_BLOCKED","TRANSITION_HMM_TRANSITION_TREND_BLOCKED|CHOPPY_REGIME_FLIPS|HYST_PASSED_TRANSITION_AGE_3","3","6","3","1","HYST_PASSED_TRANSITION_AGE_3"
"2026-05-06 11:05:00","TREND","TREND_MODERATE","Transition","NEUTRAL","0.2037","1","0.3721","0","35.0","0.0","MID_MORNING_DISCOVERY","TRANSITION","NEUTRAL","0","0","0","HMM_TRANSITION_TREND_BLOCKED","TRANSITION_HMM_TRANSITION_TREND_BLOCKED|CHOPPY_REGIME_FLIPS|HYST_PASSED_TRANSITION_AGE_3","3","6","3","1","HYST_PASSED_TRANSITION_AGE_3"
"2026-05-06 11:05:00","TREND","TREND_MODERATE","Transition","NEUTRAL","0.2037","1","0.369","0","35.0","0.0","MID_MORNING_DISCOVERY","TRANSITION","NEUTRAL","0","0","0","HMM_TRANSITION_TREND_BLOCKED","TRANSITION_HMM_TRANSITION_TREND_BLOCKED|CHOPPY_REGIME_FLIPS|HYST_PASSED_TRANSITION_AGE_3","3","6","3","1","HYST_PASSED_TRANSITION_AGE_3"
"2026-05-06 11:35:00","ROTATION","ROTATION_LIQUID","Balance","NEUTRAL","0.2822","1","0.0967","0","40.0","0.0","MID_MORNING_DISCOVERY","ROTATION_LIQUID","NEUTRAL","76","0","0","HMM_BALANCE_ROTATION_CONFIRMED","NO_BOT_PERMISSION|CHOPPY_REGIME_FLIPS|TRANSITION_EXIT_COOLDOWN|HYST_BLOCK_BALANCE_AGE_1_OF_2","1","7","1","0","HYST_BLOCK_BALANCE_AGE_1_OF_2"
"2026-05-06 11:35:00","ROTATION","ROTATION_LIQUID","Transition","NEUTRAL","0.2822","1","0.0967","0","40.0","0.0","MID_MORNING_DISCOVERY","ROTATION_LIQUID","NEUTRAL","70","0","0","TWO_SIDED_CONFIRMED","NO_BOT_PERMISSION|CHOPPY_REGIME_FLIPS|TRANSITION_EXIT_COOLDOWN|HYST_PASSED_TRANSITION_AGE_4","1","7","4","1","HYST_PASSED_TRANSITION_AGE_4"
"2026-05-06 11:35:00","ROTATION","ROTATION_LIQUID","Transition","NEUTRAL","0.2822","1","0.1061","0","40.0","0.0","MID_MORNING_DISCOVERY","ROTATION_LIQUID","NEUTRAL","70","0","0","TWO_SIDED_CONFIRMED","NO_BOT_PERMISSION|CHOPPY_REGIME_FLIPS|TRANSITION_EXIT_COOLDOWN|HYST_PASSED_TRANSITION_AGE_4","1","7","4","1","HYST_PASSED_TRANSITION_AGE_4"
"2026-05-06 11:35:00","ROTATION","ROTATION_LIQUID","Transition","NEUTRAL","0.2822","1","0.1061","0","40.0","0.0","MID_MORNING_DISCOVERY","ROTATION_LIQUID","NEUTRAL","70","0","0","TWO_SIDED_CONFIRMED","NO_BOT_PERMISSION|CHOPPY_REGIME_FLIPS|TRANSITION_EXIT_COOLDOWN|HYST_PASSED_TRANSITION_AGE_4","1","7","4","1","HYST_PASSED_TRANSITION_AGE_4"
"2026-05-06 11:35:00","ROTATION","ROTATION_LIQUID","Transition","NEUTRAL","0.2822","1","0.1043","0","40.0","0.0","MID_MORNING_DISCOVERY","ROTATION_LIQUID","NEUTRAL","70","0","0","TWO_SIDED_CONFIRMED","NO_BOT_PERMISSION|CHOPPY_REGIME_FLIPS|TRANSITION_EXIT_COOLDOWN|HYST_PASSED_TRANSITION_AGE_4","1","7","4","1","HYST_PASSED_TRANSITION_AGE_4"
"2026-05-06 11:35:00","ROTATION","ROTATION_LIQUID","Transition","NEUTRAL","0.2822","1","0.1043","0","40.0","0.0","MID_MORNING_DISCOVERY","ROTATION_LIQUID","NEUTRAL","70","0","0","TWO_SIDED_CONFIRMED","NO_BOT_PERMISSION|CHOPPY_REGIME_FLIPS|TRANSITION_EXIT_COOLDOWN|HYST_PASSED_TRANSITION_AGE_4","1","7","4","1","HYST_PASSED_TRANSITION_AGE_4"
"2026-05-06 11:35:00","ROTATION","ROTATION_LIQUID","Transition","NEUTRAL","0.2822","1","0.098","0","40.0","0.0","MID_MORNING_DISCOVERY","ROTATION_LIQUID","NEUTRAL","70","0","0","TWO_SIDED_CONFIRMED","NO_BOT_PERMISSION|CHOPPY_REGIME_FLIPS|TRANSITION_EXIT_COOLDOWN|HYST_PASSED_TRANSITION_AGE_4","1","7","4","1","HYST_PASSED_TRANSITION_AGE_4"
"2026-05-06 11:35:00","ROTATION","ROTATION_LIQUID","Transition","NEUTRAL","0.2822","1","0.098","0","40.0","0.0","MID_MORNING_DISCOVERY","ROTATION_LIQUID","NEUTRAL","70","0","0","TWO_SIDED_CONFIRMED","NO_BOT_PERMISSION|CHOPPY_REGIME_FLIPS|TRANSITION_EXIT_COOLDOWN|HYST_PASSED_TRANSITION_AGE_4","1","7","4","1","HYST_PASSED_TRANSITION_AGE_4"
"2026-05-06 11:35:00","ROTATION","ROTATION_LIQUID","Transition","NEUTRAL","0.2822","1","0.0967","0","40.0","0.0","MID_MORNING_DISCOVERY","ROTATION_LIQUID","NEUTRAL","70","0","0","TWO_SIDED_CONFIRMED","NO_BOT_PERMISSION|CHOPPY_REGIME_FLIPS|TRANSITION_EXIT_COOLDOWN|HYST_PASSED_TRANSITION_AGE_4","1","7","4","1","HYST_PASSED_TRANSITION_AGE_4"
"2026-05-06 11:35:00","ROTATION","ROTATION_LIQUID","Transition","NEUTRAL","0.2822","1","0.0967","0","40.0","0.0","MID_MORNING_DISCOVERY","ROTATION_LIQUID","NEUTRAL","70","0","0","TWO_SIDED_CONFIRMED","NO_BOT_PERMISSION|CHOPPY_REGIME_FLIPS|TRANSITION_EXIT_COOLDOWN|HYST_PASSED_TRANSITION_AGE_4","1","7","4","1","HYST_PASSED_TRANSITION_AGE_4"
"2026-05-06 11:35:00","ROTATION","ROTATION_LIQUID","Transition","NEUTRAL","0.2822","1","0.095","0","40.0","0.0","MID_MORNING_DISCOVERY","ROTATION_LIQUID","NEUTRAL","70","0","0","TWO_SIDED_CONFIRMED","NO_BOT_PERMISSION|CHOPPY_REGIME_FLIPS|TRANSITION_EXIT_COOLDOWN|HYST_PASSED_TRANSITION_AGE_4","1","6","4","1","HYST_PASSED_TRANSITION_AGE_4"
"2026-05-06 11:35:00","ROTATION","ROTATION_LIQUID","Transition","NEUTRAL","0.2822","1","0.095","0","40.0","0.0","MID_MORNING_DISCOVERY","ROTATION_LIQUID","NEUTRAL","70","0","0","TWO_SIDED_CONFIRMED","NO_BOT_PERMISSION|CHOPPY_REGIME_FLIPS|TRANSITION_EXIT_COOLDOWN|HYST_PASSED_TRANSITION_AGE_4","1","6","4","1","HYST_PASSED_TRANSITION_AGE_4"
"2026-05-06 11:35:00","ROTATION","ROTATION_LIQUID","Transition","NEUTRAL","0.2822","1","0.1029","0","40.0","0.0","MID_MORNING_DISCOVERY","ROTATION_LIQUID","NEUTRAL","70","0","0","TWO_SIDED_CONFIRMED","NO_BOT_PERMISSION|CHOPPY_REGIME_FLIPS|TRANSITION_EXIT_COOLDOWN|HYST_PASSED_TRANSITION_AGE_4","1","6","4","1","HYST_PASSED_TRANSITION_AGE_4"
"2026-05-06 11:35:00","ROTATION","ROTATION_LIQUID","Transition","NEUTRAL","0.2822","1","0.1029","0","40.0","0.0","MID_MORNING_DISCOVERY","ROTATION_LIQUID","NEUTRAL","70","0","0","TWO_SIDED_CONFIRMED","NO_BOT_PERMISSION|CHOPPY_REGIME_FLIPS|TRANSITION_EXIT_COOLDOWN|HYST_PASSED_TRANSITION_AGE_4","1","6","4","1","HYST_PASSED_TRANSITION_AGE_4"
"2026-05-06 11:35:00","ROTATION","ROTATION_LIQUID","Transition","NEUTRAL","0.2822","1","0.1019","0","40.0","0.0","MID_MORNING_DISCOVERY","ROTATION_LIQUID","NEUTRAL","70","0","0","TWO_SIDED_CONFIRMED","NO_BOT_PERMISSION|CHOPPY_REGIME_FLIPS|TRANSITION_EXIT_COOLDOWN|HYST_PASSED_TRANSITION_AGE_4","1","6","4","1","HYST_PASSED_TRANSITION_AGE_4"
"2026-05-06 11:35:00","ROTATION","ROTATION_LIQUID","Transition","NEUTRAL","0.2822","1","0.1019","0","40.0","0.0","MID_MORNING_DISCOVERY","ROTATION_LIQUID","NEUTRAL","70","0","0","TWO_SIDED_CONFIRMED","NO_BOT_PERMISSION|CHOPPY_REGIME_FLIPS|TRANSITION_EXIT_COOLDOWN|HYST_PASSED_TRANSITION_AGE_4","1","6","4","1","HYST_PASSED_TRANSITION_AGE_4"
"2026-05-06 11:35:00","ROTATION","ROTATION_LIQUID","Transition","NEUTRAL","0.2822","1","0.0987","0","40.0","0.0","MID_MORNING_DISCOVERY","ROTATION_LIQUID","NEUTRAL","70","0","0","TWO_SIDED_CONFIRMED","NO_BOT_PERMISSION|CHOPPY_REGIME_FLIPS|TRANSITION_EXIT_COOLDOWN|HYST_PASSED_TRANSITION_AGE_4","1","6","4","1","HYST_PASSED_TRANSITION_AGE_4"
"2026-05-06 11:35:00","ROTATION","ROTATION_LIQUID","Transition","NEUTRAL","0.2822","1","0.0987","0","40.0","0.0","MID_MORNING_DISCOVERY","ROTATION_LIQUID","NEUTRAL","70","0","0","TWO_SIDED_CONFIRMED","NO_BOT_PERMISSION|CHOPPY_REGIME_FLIPS|TRANSITION_EXIT_COOLDOWN|HYST_PASSED_TRANSITION_AGE_4","1","6","4","1","HYST_PASSED_TRANSITION_AGE_4"
"2026-05-06 11:35:00","ROTATION","ROTATION_LIQUID","Transition","NEUTRAL","0.2822","1","0.0923","0","40.0","0.0","MID_MORNING_DISCOVERY","ROTATION_LIQUID","NEUTRAL","70","0","0","TWO_SIDED_CONFIRMED","NO_BOT_PERMISSION|CHOPPY_REGIME_FLIPS|TRANSITION_EXIT_COOLDOWN|HYST_PASSED_TRANSITION_AGE_4","1","6","4","1","HYST_PASSED_TRANSITION_AGE_4"
"2026-05-06 11:35:00","ROTATION","ROTATION_LIQUID","Transition","NEUTRAL","0.2822","1","0.0923","0","40.0","0.0","MID_MORNING_DISCOVERY","ROTATION_LIQUID","NEUTRAL","70","0","0","TWO_SIDED_CONFIRMED","NO_BOT_PERMISSION|CHOPPY_REGIME_FLIPS|TRANSITION_EXIT_COOLDOWN|HYST_PASSED_TRANSITION_AGE_4","1","6","4","1","HYST_PASSED_TRANSITION_AGE_4"
"2026-05-06 11:35:00","ROTATION","ROTATION_LIQUID","TrendUp","LONG","0.2822","1","0.0886","0","45.0","0.0","MID_MORNING_DISCOVERY","ROTATION_LIQUID","NEUTRAL","70","0","0","TWO_SIDED_CONFIRMED","NO_BOT_PERMISSION|CHOPPY_REGIME_FLIPS|HYST_PASSED_NQ_TRENDUP_NO_MACRO_2BAR","1","7","4","1","HYST_PASSED_NQ_TRENDUP_NO_MACRO_2BAR"
"2026-05-06 11:35:00","ROTATION","ROTATION_LIQUID","TrendUp","LONG","0.2822","1","0.0886","0","45.0","0.0","MID_MORNING_DISCOVERY","ROTATION_LIQUID","NEUTRAL","70","0","0","TWO_SIDED_CONFIRMED","NO_BOT_PERMISSION|CHOPPY_REGIME_FLIPS|HYST_PASSED_NQ_TRENDUP_NO_MACRO_2BAR","1","7","4","1","HYST_PASSED_NQ_TRENDUP_NO_MACRO_2BAR"
"2026-05-06 11:35:00","ROTATION","ROTATION_LIQUID","TrendUp","LONG","0.2822","1","0.0922","0","45.0","0.0","MID_MORNING_DISCOVERY","TREND_COMPRESSION","LONG","41","0","0","DIRECTIONAL_MODERATE","NO_BOT_PERMISSION|CHOPPY_REGIME_FLIPS|HYST_PASSED_NQ_TRENDUP_NO_MACRO_2BAR","4","6","4","1","HYST_PASSED_NQ_TRENDUP_NO_MACRO_2BAR"
"2026-05-06 11:35:00","ROTATION","ROTATION_LIQUID","TrendUp","LONG","0.2822","1","0.0896","0","45.0","0.0","MID_MORNING_DISCOVERY","ROTATION_LIQUID","NEUTRAL","70","0","0","TWO_SIDED_CONFIRMED","NO_BOT_PERMISSION|CHOPPY_REGIME_FLIPS|HYST_PASSED_NQ_TRENDUP_NO_MACRO_2BAR","1","7","4","1","HYST_PASSED_NQ_TRENDUP_NO_MACRO_2BAR"
"2026-05-06 11:35:00","ROTATION","ROTATION_LIQUID","TrendUp","LONG","0.2822","1","0.0896","0","45.0","0.0","MID_MORNING_DISCOVERY","ROTATION_LIQUID","NEUTRAL","70","0","0","TWO_SIDED_CONFIRMED","NO_BOT_PERMISSION|CHOPPY_REGIME_FLIPS|HYST_PASSED_NQ_TRENDUP_NO_MACRO_2BAR","1","7","4","1","HYST_PASSED_NQ_TRENDUP_NO_MACRO_2BAR"
"2026-05-06 11:35:00","ROTATION","ROTATION_LIQUID","TrendUp","LONG","0.2822","1","0.0896","0","45.0","0.0","MID_MORNING_DISCOVERY","ROTATION_LIQUID","NEUTRAL","70","0","0","TWO_SIDED_CONFIRMED","NO_BOT_PERMISSION|CHOPPY_REGIME_FLIPS|HYST_PASSED_NQ_TRENDUP_NO_MACRO_2BAR","1","7","4","1","HYST_PASSED_NQ_TRENDUP_NO_MACRO_2BAR"
"2026-05-06 11:35:00","ROTATION","ROTATION_LIQUID","TrendUp","LONG","0.2822","1","0.0896","0","45.0","0.0","MID_MORNING_DISCOVERY","ROTATION_LIQUID","NEUTRAL","70","0","0","TWO_SIDED_CONFIRMED","NO_BOT_PERMISSION|CHOPPY_REGIME_FLIPS|HYST_PASSED_NQ_TRENDUP_NO_MACRO_2BAR","1","7","4","1","HYST_PASSED_NQ_TRENDUP_NO_MACRO_2BAR"
"2026-05-06 11:35:00","ROTATION","ROTATION_LIQUID","TrendUp","LONG","0.2822","1","0.0896","0","45.0","0.0","MID_MORNING_DISCOVERY","ROTATION_LIQUID","NEUTRAL","70","0","0","TWO_SIDED_CONFIRMED","NO_BOT_PERMISSION|CHOPPY_REGIME_FLIPS|HYST_PASSED_NQ_TRENDUP_NO_MACRO_2BAR","1","7","4","1","HYST_PASSED_NQ_TRENDUP_NO_MACRO_2BAR"
"2026-05-06 11:35:00","ROTATION","ROTATION_LIQUID","TrendUp","LONG","0.2822","1","0.0896","0","45.0","0.0","MID_MORNING_DISCOVERY","ROTATION_LIQUID","NEUTRAL","70","0","0","TWO_SIDED_CONFIRMED","NO_BOT_PERMISSION|CHOPPY_REGIME_FLIPS|HYST_PASSED_NQ_TRENDUP_NO_MACRO_2BAR","1","7","4","1","HYST_PASSED_NQ_TRENDUP_NO_MACRO_2BAR"
"2026-05-06 11:35:00","ROTATION","ROTATION_LIQUID","Transition","NEUTRAL","0.2822","1","0.0896","0","40.0","0.0","MID_MORNING_DISCOVERY","ROTATION_LIQUID","NEUTRAL","70","0","0","TWO_SIDED_CONFIRMED","NO_BOT_PERMISSION|CHOPPY_REGIME_FLIPS|TRANSITION_EXIT_COOLDOWN|HYST_PASSED_TRANSITION_AGE_4","1","6","4","1","HYST_PASSED_TRANSITION_AGE_4"
"2026-05-06 11:35:00","ROTATION","ROTATION_LIQUID","Transition","NEUTRAL","0.2822","1","0.0896","0","40.0","0.0","MID_MORNING_DISCOVERY","ROTATION_LIQUID","NEUTRAL","70","0","0","TWO_SIDED_CONFIRMED","NO_BOT_PERMISSION|CHOPPY_REGIME_FLIPS|TRANSITION_EXIT_COOLDOWN|HYST_PASSED_TRANSITION_AGE_4","1","6","4","1","HYST_PASSED_TRANSITION_AGE_4"
"2026-05-06 11:35:00","ROTATION","ROTATION_LIQUID","Transition","NEUTRAL","0.2822","1","0.0966","0","40.0","0.0","MID_MORNING_DISCOVERY","ROTATION_LIQUID","NEUTRAL","70","0","0","TWO_SIDED_CONFIRMED","NO_BOT_PERMISSION|CHOPPY_REGIME_FLIPS|TRANSITION_EXIT_COOLDOWN|HYST_PASSED_TRANSITION_AGE_4","1","6","4","1","HYST_PASSED_TRANSITION_AGE_4"
"2026-05-06 11:35:00","ROTATION","ROTATION_LIQUID","Transition","NEUTRAL","0.2822","1","0.0966","0","40.0","0.0","MID_MORNING_DISCOVERY","ROTATION_LIQUID","NEUTRAL","70","0","0","TWO_SIDED_CONFIRMED","NO_BOT_PERMISSION|CHOPPY_REGIME_FLIPS|TRANSITION_EXIT_COOLDOWN|HYST_PASSED_TRANSITION_AGE_4","1","6","4","1","HYST_PASSED_TRANSITION_AGE_4"
"2026-05-06 11:35:00","ROTATION","ROTATION_LIQUID","Transition","NEUTRAL","0.2822","1","0.0957","0","40.0","0.0","MID_MORNING_DISCOVERY","ROTATION_LIQUID","NEUTRAL","70","0","0","TWO_SIDED_CONFIRMED","NO_BOT_PERMISSION|CHOPPY_REGIME_FLIPS|TRANSITION_EXIT_COOLDOWN|HYST_PASSED_TRANSITION_AGE_4","1","6","4","1","HYST_PASSED_TRANSITION_AGE_4"
"2026-05-06 11:35:00","ROTATION","ROTATION_LIQUID","Transition","NEUTRAL","0.2822","1","0.0957","0","40.0","0.0","MID_MORNING_DISCOVERY","ROTATION_LIQUID","NEUTRAL","70","0","0","TWO_SIDED_CONFIRMED","NO_BOT_PERMISSION|CHOPPY_REGIME_FLIPS|TRANSITION_EXIT_COOLDOWN|HYST_PASSED_TRANSITION_AGE_4","1","6","4","1","HYST_PASSED_TRANSITION_AGE_4"
"2026-05-06 11:35:00","ROTATION","ROTATION_LIQUID","Transition","NEUTRAL","0.2822","1","0.0952","0","40.0","0.0","MID_MORNING_DISCOVERY","ROTATION_LIQUID","NEUTRAL","70","0","0","TWO_SIDED_CONFIRMED","NO_BOT_PERMISSION|CHOPPY_REGIME_FLIPS|TRANSITION_EXIT_COOLDOWN|HYST_PASSED_TRANSITION_AGE_4","1","6","4","1","HYST_PASSED_TRANSITION_AGE_4"
"2026-05-06 11:35:00","ROTATION","ROTATION_LIQUID","Transition","NEUTRAL","0.2822","1","0.0952","0","40.0","0.0","MID_MORNING_DISCOVERY","ROTATION_LIQUID","NEUTRAL","70","0","0","TWO_SIDED_CONFIRMED","NO_BOT_PERMISSION|CHOPPY_REGIME_FLIPS|TRANSITION_EXIT_COOLDOWN|HYST_PASSED_TRANSITION_AGE_4","1","6","4","1","HYST_PASSED_TRANSITION_AGE_4"
"2026-05-06 11:35:00","ROTATION","ROTATION_LIQUID","Transition","NEUTRAL","0.2822","1","0.0928","0","40.0","0.0","MID_MORNING_DISCOVERY","ROTATION_LIQUID","NEUTRAL","70","0","0","TWO_SIDED_CONFIRMED","NO_BOT_PERMISSION|CHOPPY_REGIME_FLIPS|TRANSITION_EXIT_COOLDOWN|HYST_PASSED_TRANSITION_AGE_4","1","6","4","1","HYST_PASSED_TRANSITION_AGE_4"
"2026-05-06 11:35:00","ROTATION","ROTATION_LIQUID","Transition","NEUTRAL","0.2822","1","0.0928","0","40.0","0.0","MID_MORNING_DISCOVERY","ROTATION_LIQUID","NEUTRAL","70","0","0","TWO_SIDED_CONFIRMED","NO_BOT_PERMISSION|CHOPPY_REGIME_FLIPS|TRANSITION_EXIT_COOLDOWN|HYST_PASSED_TRANSITION_AGE_4","1","6","4","1","HYST_PASSED_TRANSITION_AGE_4"
"2026-05-06 11:35:00","ROTATION","ROTATION_LIQUID","Transition","NEUTRAL","0.2822","1","0.0922","0","40.0","0.0","MID_MORNING_DISCOVERY","ROTATION_LIQUID","NEUTRAL","70","0","0","TWO_SIDED_CONFIRMED","NO_BOT_PERMISSION|CHOPPY_REGIME_FLIPS|TRANSITION_EXIT_COOLDOWN|HYST_PASSED_TRANSITION_AGE_4","1","6","4","1","HYST_PASSED_TRANSITION_AGE_4"
"2026-05-06 11:35:00","ROTATION","ROTATION_LIQUID","Transition","NEUTRAL","0.2822","1","0.0922","0","40.0","0.0","MID_MORNING_DISCOVERY","ROTATION_LIQUID","NEUTRAL","70","0","0","TWO_SIDED_CONFIRMED","NO_BOT_PERMISSION|CHOPPY_REGIME_FLIPS|TRANSITION_EXIT_COOLDOWN|HYST_PASSED_TRANSITION_AGE_4","1","6","4","1","HYST_PASSED_TRANSITION_AGE_4"
"2026-05-06 11:35:00","ROTATION","ROTATION_LIQUID","Transition","NEUTRAL","0.2822","1","0.1025","0","40.0","0.0","MID_MORNING_DISCOVERY","ROTATION_LIQUID","NEUTRAL","70","0","0","TWO_SIDED_CONFIRMED","NO_BOT_PERMISSION|CHOPPY_REGIME_FLIPS|TRANSITION_EXIT_COOLDOWN|HYST_PASSED_TRANSITION_AGE_4","1","6","4","1","HYST_PASSED_TRANSITION_AGE_4"
"2026-05-06 11:35:00","ROTATION","ROTATION_LIQUID","Transition","NEUTRAL","0.2822","1","0.1025","0","40.0","0.0","MID_MORNING_DISCOVERY","ROTATION_LIQUID","NEUTRAL","70","0","0","TWO_SIDED_CONFIRMED","NO_BOT_PERMISSION|CHOPPY_REGIME_FLIPS|TRANSITION_EXIT_COOLDOWN|HYST_PASSED_TRANSITION_AGE_4","1","6","4","1","HYST_PASSED_TRANSITION_AGE_4"
"2026-05-06 11:35:00","ROTATION","ROTATION_LIQUID","Transition","NEUTRAL","0.2822","1","0.1004","0","40.0","0.0","MID_MORNING_DISCOVERY","ROTATION_LIQUID","NEUTRAL","70","0","0","TWO_SIDED_CONFIRMED","NO_BOT_PERMISSION|CHOPPY_REGIME_FLIPS|TRANSITION_EXIT_COOLDOWN|HYST_PASSED_TRANSITION_AGE_4","1","6","4","1","HYST_PASSED_TRANSITION_AGE_4"
"2026-05-06 11:35:00","ROTATION","ROTATION_LIQUID","Transition","NEUTRAL","0.2822","1","0.0998","0","40.0","0.0","MID_MORNING_DISCOVERY","ROTATION_LIQUID","NEUTRAL","70","0","0","TWO_SIDED_CONFIRMED","NO_BOT_PERMISSION|CHOPPY_REGIME_FLIPS|TRANSITION_EXIT_COOLDOWN|HYST_PASSED_TRANSITION_AGE_4","1","6","4","1","HYST_PASSED_TRANSITION_AGE_4"
"2026-05-06 11:35:00","ROTATION","ROTATION_LIQUID","Transition","NEUTRAL","0.2822","1","0.0998","0","40.0","0.0","MID_MORNING_DISCOVERY","ROTATION_LIQUID","NEUTRAL","70","0","0","TWO_SIDED_CONFIRMED","NO_BOT_PERMISSION|CHOPPY_REGIME_FLIPS|TRANSITION_EXIT_COOLDOWN|HYST_PASSED_TRANSITION_AGE_4","1","6","4","1","HYST_PASSED_TRANSITION_AGE_4"
"2026-05-06 11:35:00","ROTATION","ROTATION_LIQUID","Transition","NEUTRAL","0.2822","1","0.0954","0","40.0","0.0","MID_MORNING_DISCOVERY","ROTATION_LIQUID","NEUTRAL","70","0","0","TWO_SIDED_CONFIRMED","NO_BOT_PERMISSION|CHOPPY_REGIME_FLIPS|TRANSITION_EXIT_COOLDOWN|HYST_PASSED_TRANSITION_AGE_4","1","6","4","1","HYST_PASSED_TRANSITION_AGE_4"
"2026-05-06 11:35:00","ROTATION","ROTATION_LIQUID","Transition","NEUTRAL","0.2822","1","0.0954","0","40.0","0.0","MID_MORNING_DISCOVERY","ROTATION_LIQUID","NEUTRAL","70","0","0","TWO_SIDED_CONFIRMED","NO_BOT_PERMISSION|CHOPPY_REGIME_FLIPS|TRANSITION_EXIT_COOLDOWN|HYST_PASSED_TRANSITION_AGE_4","1","6","4","1","HYST_PASSED_TRANSITION_AGE_4"
"2026-05-06 11:35:00","ROTATION","ROTATION_LIQUID","Balance","NEUTRAL","0.2822","1","0.0954","0","40.0","0.0","MID_MORNING_DISCOVERY","ROTATION_LIQUID","NEUTRAL","76","0","0","HMM_BALANCE_ROTATION_CONFIRMED","NO_BOT_PERMISSION|CHOPPY_REGIME_FLIPS|TRANSITION_EXIT_COOLDOWN|HYST_PASSED_BALANCE_AGE_10","1","6","10","1","HYST_PASSED_BALANCE_AGE_10"
"2026-05-06 11:35:00","ROTATION","ROTATION_LIQUID","Balance","NEUTRAL","0.2822","1","0.0954","0","40.0","0.0","MID_MORNING_DISCOVERY","ROTATION_LIQUID","NEUTRAL","76","0","0","HMM_BALANCE_ROTATION_CONFIRMED","NO_BOT_PERMISSION|CHOPPY_REGIME_FLIPS|TRANSITION_EXIT_COOLDOWN|HYST_PASSED_BALANCE_AGE_10","1","6","10","1","HYST_PASSED_BALANCE_AGE_10"
"2026-05-06 11:35:00","ROTATION","ROTATION_LIQUID","Balance","NEUTRAL","0.2822","1","0.1056","0","40.0","0.0","MID_MORNING_DISCOVERY","ROTATION_LIQUID","NEUTRAL","76","0","0","HMM_BALANCE_ROTATION_CONFIRMED","NO_BOT_PERMISSION|CHOPPY_REGIME_FLIPS|TRANSITION_EXIT_COOLDOWN|HYST_PASSED_BALANCE_AGE_10","1","6","10","1","HYST_PASSED_BALANCE_AGE_10"
"2026-05-06 11:35:00","ROTATION","ROTATION_LIQUID","Balance","NEUTRAL","0.2822","1","0.1056","0","40.0","0.0","MID_MORNING_DISCOVERY","ROTATION_LIQUID","NEUTRAL","76","0","0","HMM_BALANCE_ROTATION_CONFIRMED","NO_BOT_PERMISSION|CHOPPY_REGIME_FLIPS|TRANSITION_EXIT_COOLDOWN|HYST_PASSED_BALANCE_AGE_10","1","6","10","1","HYST_PASSED_BALANCE_AGE_10"
"2026-05-06 11:35:00","ROTATION","ROTATION_LIQUID","Balance","NEUTRAL","0.2822","1","0.1015","0","40.0","0.0","MID_MORNING_DISCOVERY","ROTATION_LIQUID","NEUTRAL","76","0","0","HMM_BALANCE_ROTATION_CONFIRMED","NO_BOT_PERMISSION|CHOPPY_REGIME_FLIPS|TRANSITION_EXIT_COOLDOWN|HYST_PASSED_BALANCE_AGE_10","1","6","10","1","HYST_PASSED_BALANCE_AGE_10"
"2026-05-06 11:35:00","ROTATION","ROTATION_LIQUID","Balance","NEUTRAL","0.2822","1","0.1015","0","40.0","0.0","MID_MORNING_DISCOVERY","ROTATION_LIQUID","NEUTRAL","76","0","0","HMM_BALANCE_ROTATION_CONFIRMED","NO_BOT_PERMISSION|CHOPPY_REGIME_FLIPS|TRANSITION_EXIT_COOLDOWN|HYST_PASSED_BALANCE_AGE_10","1","6","10","1","HYST_PASSED_BALANCE_AGE_10"
"2026-05-06 11:35:00","ROTATION","ROTATION_LIQUID","Balance","NEUTRAL","0.2822","1","0.0995","0","40.0","0.0","MID_MORNING_DISCOVERY","ROTATION_LIQUID","NEUTRAL","76","0","0","HMM_BALANCE_ROTATION_CONFIRMED","NO_BOT_PERMISSION|CHOPPY_REGIME_FLIPS|TRANSITION_EXIT_COOLDOWN|HYST_PASSED_BALANCE_AGE_10","1","6","10","1","HYST_PASSED_BALANCE_AGE_10"
"2026-05-06 11:35:00","ROTATION","ROTATION_LIQUID","Balance","NEUTRAL","0.2822","1","0.0995","0","40.0","0.0","MID_MORNING_DISCOVERY","ROTATION_LIQUID","NEUTRAL","76","0","0","HMM_BALANCE_ROTATION_CONFIRMED","NO_BOT_PERMISSION|CHOPPY_REGIME_FLIPS|TRANSITION_EXIT_COOLDOWN|HYST_PASSED_BALANCE_AGE_10","1","6","10","1","HYST_PASSED_BALANCE_AGE_10"
"2026-05-06 11:35:00","ROTATION","ROTATION_LIQUID","Balance","NEUTRAL","0.2822","1","0.0979","0","40.0","0.0","MID_MORNING_DISCOVERY","ROTATION_LIQUID","NEUTRAL","76","0","0","HMM_BALANCE_ROTATION_CONFIRMED","NO_BOT_PERMISSION|CHOPPY_REGIME_FLIPS|TRANSITION_EXIT_COOLDOWN|HYST_PASSED_BALANCE_AGE_10","1","6","10","1","HYST_PASSED_BALANCE_AGE_10"
"2026-05-06 11:35:00","ROTATION","ROTATION_LIQUID","Balance","NEUTRAL","0.2822","1","0.0979","0","40.0","0.0","MID_MORNING_DISCOVERY","ROTATION_LIQUID","NEUTRAL","76","0","0","HMM_BALANCE_ROTATION_CONFIRMED","NO_BOT_PERMISSION|CHOPPY_REGIME_FLIPS|TRANSITION_EXIT_COOLDOWN|HYST_PASSED_BALANCE_AGE_10","1","6","10","1","HYST_PASSED_BALANCE_AGE_10"
"2026-05-06 12:05:00","ROTATION","ROTATION_LIQUID","Balance","NEUTRAL","0.2672","1","0.1409","0","40.0","0.0","LUNCH_AUCTION","ROTATION_LIQUID","NEUTRAL","76","0","0","HMM_BALANCE_ROTATION_CONFIRMED","NO_BOT_PERMISSION|CHOPPY_REGIME_FLIPS|TRANSITION_EXIT_COOLDOWN|HYST_PASSED_BALANCE_AGE_11","2","5","11","1","HYST_PASSED_BALANCE_AGE_11"
"2026-05-06 12:05:00","ROTATION","ROTATION_LIQUID","Balance","NEUTRAL","0.2672","1","0.1409","0","40.0","0.0","LUNCH_AUCTION","ROTATION_LIQUID","NEUTRAL","76","0","0","HMM_BALANCE_ROTATION_CONFIRMED","NO_BOT_PERMISSION|CHOPPY_REGIME_FLIPS|TRANSITION_EXIT_COOLDOWN|HYST_PASSED_BALANCE_AGE_11","2","5","11","1","HYST_PASSED_BALANCE_AGE_11"
"2026-05-06 12:05:00","ROTATION","ROTATION_LIQUID","Balance","NEUTRAL","0.2672","1","0.1569","0","40.0","0.0","LUNCH_AUCTION","ROTATION_LIQUID","NEUTRAL","76","0","0","HMM_BALANCE_ROTATION_CONFIRMED","NO_BOT_PERMISSION|CHOPPY_REGIME_FLIPS|TRANSITION_EXIT_COOLDOWN|HYST_PASSED_BALANCE_AGE_11","2","5","11","1","HYST_PASSED_BALANCE_AGE_11"
"2026-05-06 12:05:00","ROTATION","ROTATION_LIQUID","Balance","NEUTRAL","0.2672","1","0.1569","0","40.0","0.0","LUNCH_AUCTION","ROTATION_LIQUID","NEUTRAL","76","0","0","HMM_BALANCE_ROTATION_CONFIRMED","NO_BOT_PERMISSION|CHOPPY_REGIME_FLIPS|TRANSITION_EXIT_COOLDOWN|HYST_PASSED_BALANCE_AGE_11","2","5","11","1","HYST_PASSED_BALANCE_AGE_11"
"2026-05-06 12:05:00","ROTATION","ROTATION_LIQUID","Balance","NEUTRAL","0.2672","1","0.1539","0","40.0","0.0","LUNCH_AUCTION","ROTATION_LIQUID","NEUTRAL","76","0","0","HMM_BALANCE_ROTATION_CONFIRMED","NO_BOT_PERMISSION|CHOPPY_REGIME_FLIPS|TRANSITION_EXIT_COOLDOWN|HYST_PASSED_BALANCE_AGE_11","2","5","11","1","HYST_PASSED_BALANCE_AGE_11"
"2026-05-06 12:05:00","ROTATION","ROTATION_LIQUID","Balance","NEUTRAL","0.2672","1","0.1539","0","40.0","0.0","LUNCH_AUCTION","ROTATION_LIQUID","NEUTRAL","76","0","0","HMM_BALANCE_ROTATION_CONFIRMED","NO_BOT_PERMISSION|CHOPPY_REGIME_FLIPS|TRANSITION_EXIT_COOLDOWN|HYST_PASSED_BALANCE_AGE_11","2","5","11","1","HYST_PASSED_BALANCE_AGE_11"
"2026-05-06 12:05:00","ROTATION","ROTATION_LIQUID","Balance","NEUTRAL","0.2672","1","0.1539","0","40.0","0.0","LUNCH_AUCTION","ROTATION_LIQUID","NEUTRAL","76","0","0","HMM_BALANCE_ROTATION_CONFIRMED","NO_BOT_PERMISSION|CHOPPY_REGIME_FLIPS|TRANSITION_EXIT_COOLDOWN|HYST_PASSED_BALANCE_AGE_11","2","5","11","1","HYST_PASSED_BALANCE_AGE_11"
"2026-05-06 12:05:00","ROTATION","ROTATION_LIQUID","Balance","NEUTRAL","0.2672","1","0.1535","0","40.0","0.0","LUNCH_AUCTION","ROTATION_LIQUID","NEUTRAL","76","0","0","HMM_BALANCE_ROTATION_CONFIRMED","NO_BOT_PERMISSION|CHOPPY_REGIME_FLIPS|TRANSITION_EXIT_COOLDOWN|HYST_PASSED_BALANCE_AGE_11","2","5","11","1","HYST_PASSED_BALANCE_AGE_11"
"2026-05-06 12:05:00","ROTATION","ROTATION_LIQUID","Transition","NEUTRAL","0.2672","1","0.1535","0","40.0","0.0","LUNCH_AUCTION","ROTATION_LIQUID","NEUTRAL","70","0","0","TWO_SIDED_CONFIRMED","NO_BOT_PERMISSION|CHOPPY_REGIME_FLIPS|TRANSITION_EXIT_COOLDOWN|HYST_PASSED_TRANSITION_AGE_5","2","5","5","1","HYST_PASSED_TRANSITION_AGE_5"
"2026-05-06 12:05:00","ROTATION","ROTATION_LIQUID","Transition","NEUTRAL","0.2672","1","0.1523","0","40.0","0.0","LUNCH_AUCTION","ROTATION_LIQUID","NEUTRAL","70","0","0","TWO_SIDED_CONFIRMED","NO_BOT_PERMISSION|CHOPPY_REGIME_FLIPS|TRANSITION_EXIT_COOLDOWN|HYST_PASSED_TRANSITION_AGE_5","2","5","5","1","HYST_PASSED_TRANSITION_AGE_5"
"2026-05-06 12:05:00","ROTATION","ROTATION_LIQUID","Transition","NEUTRAL","0.2672","1","0.1523","0","40.0","0.0","LUNCH_AUCTION","ROTATION_LIQUID","NEUTRAL","70","0","0","TWO_SIDED_CONFIRMED","NO_BOT_PERMISSION|CHOPPY_REGIME_FLIPS|TRANSITION_EXIT_COOLDOWN|HYST_PASSED_TRANSITION_AGE_5","2","5","5","1","HYST_PASSED_TRANSITION_AGE_5"
"2026-05-06 12:05:00","ROTATION","ROTATION_LIQUID","Transition","NEUTRAL","0.2672","1","0.1598","0","40.0","0.0","LUNCH_AUCTION","ROTATION_LIQUID","NEUTRAL","70","0","0","TWO_SIDED_CONFIRMED","NO_BOT_PERMISSION|CHOPPY_REGIME_FLIPS|TRANSITION_EXIT_COOLDOWN|HYST_PASSED_TRANSITION_AGE_5","2","5","5","1","HYST_PASSED_TRANSITION_AGE_5"
"2026-05-06 12:05:00","ROTATION","ROTATION_LIQUID","Transition","NEUTRAL","0.2672","1","0.1598","0","40.0","0.0","LUNCH_AUCTION","ROTATION_LIQUID","NEUTRAL","70","0","0","TWO_SIDED_CONFIRMED","NO_BOT_PERMISSION|CHOPPY_REGIME_FLIPS|TRANSITION_EXIT_COOLDOWN|HYST_PASSED_TRANSITION_AGE_5","2","5","5","1","HYST_PASSED_TRANSITION_AGE_5"
"2026-05-06 12:05:00","ROTATION","ROTATION_LIQUID","Transition","NEUTRAL","0.2672","1","0.1549","0","40.0","0.0","LUNCH_AUCTION","ROTATION_LIQUID","NEUTRAL","70","0","0","TWO_SIDED_CONFIRMED","NO_BOT_PERMISSION|CHOPPY_REGIME_FLIPS|TRANSITION_EXIT_COOLDOWN|HYST_PASSED_TRANSITION_AGE_5","2","5","5","1","HYST_PASSED_TRANSITION_AGE_5"
"2026-05-06 12:05:00","ROTATION","ROTATION_LIQUID","Transition","NEUTRAL","0.2672","1","0.1549","0","40.0","0.0","LUNCH_AUCTION","ROTATION_LIQUID","NEUTRAL","70","0","0","TWO_SIDED_CONFIRMED","NO_BOT_PERMISSION|CHOPPY_REGIME_FLIPS|TRANSITION_EXIT_COOLDOWN|HYST_PASSED_TRANSITION_AGE_5","2","5","5","1","HYST_PASSED_TRANSITION_AGE_5"
