trade_date,entry_time,exit_time,model_version,account,strategy_name,bot_name,ab_mode,symbol,instrument,direction,contracts,entry_price,exit_price,gross_pnl,net_pnl,ticks,win_loss,exit_reason,entry_regime,entry_macro,entry_hmm,entry_phase,entry_confidence,entry_reason_code,broad_agree,v3c_regime_at_entry,trade_duration_min,risk_reward_actual,session_trade_rank,daily_pnl_running,export_timestamp,data_quality_flag
2026-04-30,2026-04-30 09:43:42,2026-04-30 09:43:44,V3D,SimV3D-NQ-3B,Fader_V3D_B,NQ_ADX_C,N/A,NQ,NQ JUN26,LONG,1,27318.25,27329.25,220.0,220.0,44.0,WIN,STOP_HIT,TREND_COMPRESSION,TREND,TrendDown,OPENING_AUCTION,49,DIRECTIONAL_MODERATE,0,TRANSITION,0.03,,1,220.0,2026-04-30 18:15:19,OK
2026-04-30,2026-04-30 09:43:42,2026-04-30 09:43:44,V3D,SimV3D-NQ-3B,Fader_V3D_B,NQ Momentum B,N/A,NQ,NQ JUN26,LONG,1,27318.25,27329.25,220.0,220.0,44.0,WIN,STOP_HIT,TREND_COMPRESSION,TREND,TrendDown,OPENING_AUCTION,49,DIRECTIONAL_MODERATE,0,TRANSITION,0.03,,2,440.0,2026-04-30 18:15:19,OK
2026-04-30,2026-04-30 09:43:42,2026-04-30 09:43:44,V3D,SimV3D-NQ-3B,Fader_V3D_B,NQ_ADX_A,N/A,NQ,NQ JUN26,LONG,1,27318.25,27329.25,220.0,220.0,44.0,WIN,STOP_HIT,TREND_COMPRESSION,TREND,TrendDown,OPENING_AUCTION,49,DIRECTIONAL_MODERATE,0,TRANSITION,0.03,,3,660.0,2026-04-30 18:15:19,OK
2026-04-30,2026-04-30 09:43:42,2026-04-30 09:43:44,V3D,SimV3D-NQ-3B,Fader_V3D_B,UNMAPPED,N/A,NQ,NQ JUN26,LONG,1,27318.25,27329.25,220.0,220.0,44.0,WIN,STOP_HIT,TREND_COMPRESSION,TREND,TrendDown,OPENING_AUCTION,49,DIRECTIONAL_MODERATE,0,TRANSITION,0.03,,4,880.0,2026-04-30 18:15:19,UNMAPPED_BOT
2026-04-30,2026-04-30 09:43:42,2026-04-30 09:43:44,V3D,SimV3D-NQ-3B,Fader_V3D_B,UNMAPPED,N/A,NQ,NQ JUN26,LONG,1,27318.25,27329.25,220.0,220.0,44.0,WIN,STOP_HIT,TREND_COMPRESSION,TREND,TrendDown,OPENING_AUCTION,49,DIRECTIONAL_MODERATE,0,TRANSITION,0.03,,5,1100.0,2026-04-30 18:15:19,UNMAPPED_BOT
2026-04-30,2026-04-30 09:43:42,2026-04-30 09:43:44,V3D,SimV3D-NQ-3B,Fader_V3D_B,NQ_Sniper_A,N/A,NQ,NQ JUN26,LONG,1,27318.25,27329.25,220.0,220.0,44.0,WIN,STOP_HIT,TREND_COMPRESSION,TREND,TrendDown,OPENING_AUCTION,49,DIRECTIONAL_MODERATE,0,TRANSITION,0.03,,6,1320.0,2026-04-30 18:15:19,OK
2026-04-30,2026-04-30 09:43:42,2026-04-30 09:43:44,V3D,SimV3D-NQ-3B,Fader_V3D_B,NQ Momentum A,N/A,NQ,NQ JUN26,LONG,1,27318.25,27329.25,220.0,220.0,44.0,WIN,STOP_HIT,TREND_COMPRESSION,TREND,TrendDown,OPENING_AUCTION,49,DIRECTIONAL_MODERATE,0,TRANSITION,0.03,,7,1540.0,2026-04-30 18:15:19,OK
2026-04-30,2026-04-30 09:43:42,2026-04-30 09:43:44,V3D,SimV3D-NQ-3B,Fader_V3D_B,NQ Expansion A,N/A,NQ,NQ JUN26,LONG,1,27318.25,27329.25,220.0,220.0,44.0,WIN,STOP_HIT,TREND_COMPRESSION,TREND,TrendDown,OPENING_AUCTION,49,DIRECTIONAL_MODERATE,0,TRANSITION,0.03,,8,1760.0,2026-04-30 18:15:19,OK
2026-04-30,2026-04-30 09:43:42,2026-04-30 09:43:44,V3D,SimV3D-NQ-3B,Fader_V3D_B,NQ Momentum A,N/A,NQ,NQ JUN26,LONG,1,27318.25,27329.25,220.0,220.0,44.0,WIN,STOP_HIT,TREND_COMPRESSION,TREND,TrendDown,OPENING_AUCTION,49,DIRECTIONAL_MODERATE,0,TRANSITION,0.03,,9,1980.0,2026-04-30 18:15:19,OK
2026-04-30,2026-04-30 09:43:42,2026-04-30 09:43:44,V3D,SimV3D-NQ-3B,Fader_V3D_B,NQ Fader A,N/A,NQ,NQ JUN26,LONG,1,27318.25,27329.25,220.0,220.0,44.0,WIN,STOP_HIT,TREND_COMPRESSION,TREND,TrendDown,OPENING_AUCTION,49,DIRECTIONAL_MODERATE,0,TRANSITION,0.03,,10,2200.0,2026-04-30 18:15:19,OK
2026-04-30,2026-04-30 09:43:42,2026-04-30 09:43:44,V3D,SimV3D-NQ-3B,Fader_V3D_B,NQ Expansion B,N/A,NQ,NQ JUN26,LONG,1,27318.25,27329.25,220.0,220.0,44.0,WIN,STOP_HIT,TREND_COMPRESSION,TREND,TrendDown,OPENING_AUCTION,49,DIRECTIONAL_MODERATE,0,TRANSITION,0.03,,11,2420.0,2026-04-30 18:15:19,OK
2026-04-30,2026-04-30 09:43:42,2026-04-30 09:43:44,V3D,SimV3D-NQ-3B,Fader_V3D_B,NQ Fader B,N/A,NQ,NQ JUN26,LONG,1,27318.25,27329.25,220.0,220.0,44.0,WIN,STOP_HIT,TREND_COMPRESSION,TREND,TrendDown,OPENING_AUCTION,49,DIRECTIONAL_MODERATE,0,TRANSITION,0.03,,12,2640.0,2026-04-30 18:15:19,OK
2026-04-30,2026-04-30 09:43:42,2026-04-30 09:43:44,V3D,SimV3D-NQ-3B,Fader_V3D_B,NQ_Sniper_B,N/A,NQ,NQ JUN26,LONG,1,27318.25,27329.25,220.0,220.0,44.0,WIN,STOP_HIT,TREND_COMPRESSION,TREND,TrendDown,OPENING_AUCTION,49,DIRECTIONAL_MODERATE,0,TRANSITION,0.03,,13,2860.0,2026-04-30 18:15:19,OK
2026-04-30,2026-04-30 09:43:42,2026-04-30 09:43:44,V3D,SimV3D-NQ-3B,Fader_V3D_B,NQ_ADX_B,N/A,NQ,NQ JUN26,LONG,1,27318.25,27329.25,220.0,220.0,44.0,WIN,STOP_HIT,TREND_COMPRESSION,TREND,TrendDown,OPENING_AUCTION,49,DIRECTIONAL_MODERATE,0,TRANSITION,0.03,,14,3080.0,2026-04-30 18:15:19,OK
2026-04-30,2026-04-30 09:44:17,2026-04-30 09:44:37,V3D,SimV3D-NQ-3B,Fader_V3D_B,NQ_ADX_A,N/A,NQ,NQ JUN26,LONG,1,27326.0,27343.25,345.0,345.0,69.0,WIN,Target1,TREND_COMPRESSION,TREND,TrendDown,OPENING_AUCTION,49,DIRECTIONAL_MODERATE,0,TRANSITION,0.33,,15,3425.0,2026-04-30 18:15:19,OK
2026-04-30,2026-04-30 09:44:17,2026-04-30 09:44:37,V3D,SimV3D-NQ-3B,Fader_V3D_B,NQ_ADX_C,N/A,NQ,NQ JUN26,LONG,1,27326.0,27343.25,345.0,345.0,69.0,WIN,Target1,TREND_COMPRESSION,TREND,TrendDown,OPENING_AUCTION,49,DIRECTIONAL_MODERATE,0,TRANSITION,0.33,,16,3770.0,2026-04-30 18:15:19,OK
2026-04-30,2026-04-30 09:44:17,2026-04-30 09:44:37,V3D,SimV3D-NQ-3B,Fader_V3D_B,NQ Momentum B,N/A,NQ,NQ JUN26,LONG,1,27326.0,27343.25,345.0,345.0,69.0,WIN,Target1,TREND_COMPRESSION,TREND,TrendDown,OPENING_AUCTION,49,DIRECTIONAL_MODERATE,0,TRANSITION,0.33,,17,4115.0,2026-04-30 18:15:19,OK
2026-04-30,2026-04-30 09:44:17,2026-04-30 09:44:37,V3D,SimV3D-NQ-3B,Fader_V3D_B,NQ_Sniper_B,N/A,NQ,NQ JUN26,LONG,1,27326.0,27343.25,345.0,345.0,69.0,WIN,Target1,TREND_COMPRESSION,TREND,TrendDown,OPENING_AUCTION,49,DIRECTIONAL_MODERATE,0,TRANSITION,0.33,,18,4460.0,2026-04-30 18:15:19,OK
2026-04-30,2026-04-30 09:44:17,2026-04-30 09:44:37,V3D,SimV3D-NQ-3B,Fader_V3D_B,NQ Fader B,N/A,NQ,NQ JUN26,LONG,1,27326.0,27343.25,345.0,345.0,69.0,WIN,Target1,TREND_COMPRESSION,TREND,TrendDown,OPENING_AUCTION,49,DIRECTIONAL_MODERATE,0,TRANSITION,0.33,,19,4805.0,2026-04-30 18:15:19,OK
2026-04-30,2026-04-30 09:44:17,2026-04-30 09:44:37,V3D,SimV3D-NQ-3B,Fader_V3D_B,NQ Expansion B,N/A,NQ,NQ JUN26,LONG,1,27326.0,27343.25,345.0,345.0,69.0,WIN,Target1,TREND_COMPRESSION,TREND,TrendDown,OPENING_AUCTION,49,DIRECTIONAL_MODERATE,0,TRANSITION,0.33,,20,5150.0,2026-04-30 18:15:19,OK
2026-04-30,2026-04-30 09:44:17,2026-04-30 09:44:37,V3D,SimV3D-NQ-3B,Fader_V3D_B,NQ_ADX_B,N/A,NQ,NQ JUN26,LONG,1,27326.0,27343.25,345.0,345.0,69.0,WIN,Target1,TREND_COMPRESSION,TREND,TrendDown,OPENING_AUCTION,49,DIRECTIONAL_MODERATE,0,TRANSITION,0.33,,21,5495.0,2026-04-30 18:15:19,OK
2026-04-30,2026-04-30 09:44:17,2026-04-30 09:44:37,V3D,SimV3D-NQ-3B,Fader_V3D_B,NQ_Sniper_A,N/A,NQ,NQ JUN26,LONG,1,27326.0,27343.25,345.0,345.0,69.0,WIN,Target1,TREND_COMPRESSION,TREND,TrendDown,OPENING_AUCTION,49,DIRECTIONAL_MODERATE,0,TRANSITION,0.33,,22,5840.0,2026-04-30 18:15:19,OK
2026-04-30,2026-04-30 09:44:17,2026-04-30 09:44:37,V3D,SimV3D-NQ-3B,Fader_V3D_B,NQ Fader A,N/A,NQ,NQ JUN26,LONG,1,27326.0,27343.25,345.0,345.0,69.0,WIN,Target1,TREND_COMPRESSION,TREND,TrendDown,OPENING_AUCTION,49,DIRECTIONAL_MODERATE,0,TRANSITION,0.33,,23,6185.0,2026-04-30 18:15:19,OK
2026-04-30,2026-04-30 09:44:17,2026-04-30 09:44:37,V3D,SimV3D-NQ-3B,Fader_V3D_B,UNMAPPED,N/A,NQ,NQ JUN26,LONG,1,27326.0,27343.25,345.0,345.0,69.0,WIN,Target1,TREND_COMPRESSION,TREND,TrendDown,OPENING_AUCTION,49,DIRECTIONAL_MODERATE,0,TRANSITION,0.33,,24,6530.0,2026-04-30 18:15:19,UNMAPPED_BOT
2026-04-30,2026-04-30 09:44:17,2026-04-30 09:44:37,V3D,SimV3D-NQ-3B,Fader_V3D_B,UNMAPPED,N/A,NQ,NQ JUN26,LONG,1,27326.0,27343.25,345.0,345.0,69.0,WIN,Target1,TREND_COMPRESSION,TREND,TrendDown,OPENING_AUCTION,49,DIRECTIONAL_MODERATE,0,TRANSITION,0.33,,25,6875.0,2026-04-30 18:15:19,UNMAPPED_BOT
2026-04-30,2026-04-30 09:44:17,2026-04-30 09:44:37,V3D,SimV3D-NQ-3B,Fader_V3D_B,NQ Momentum A,N/A,NQ,NQ JUN26,LONG,1,27326.0,27343.25,345.0,345.0,69.0,WIN,Target1,TREND_COMPRESSION,TREND,TrendDown,OPENING_AUCTION,49,DIRECTIONAL_MODERATE,0,TRANSITION,0.33,,26,7220.0,2026-04-30 18:15:19,OK
2026-04-30,2026-04-30 09:44:17,2026-04-30 09:44:37,V3D,SimV3D-NQ-3B,Fader_V3D_B,NQ Momentum A,N/A,NQ,NQ JUN26,LONG,1,27326.0,27343.25,345.0,345.0,69.0,WIN,Target1,TREND_COMPRESSION,TREND,TrendDown,OPENING_AUCTION,49,DIRECTIONAL_MODERATE,0,TRANSITION,0.33,,27,7565.0,2026-04-30 18:15:19,OK
2026-04-30,2026-04-30 09:44:17,2026-04-30 09:44:37,V3D,SimV3D-NQ-3B,Fader_V3D_B,NQ Expansion A,N/A,NQ,NQ JUN26,LONG,1,27326.0,27343.25,345.0,345.0,69.0,WIN,Target1,TREND_COMPRESSION,TREND,TrendDown,OPENING_AUCTION,49,DIRECTIONAL_MODERATE,0,TRANSITION,0.33,,28,7910.0,2026-04-30 18:15:19,OK
2026-04-30,2026-04-30 09:44:47,2026-04-30 09:45:02,V3D,SimV3D-NQ-3B,Fader_V3D_B,NQ_ADX_A,N/A,NQ,NQ JUN26,LONG,1,27343.25,27337.0,-125.0,-125.0,-25.0,LOSS,Target1,TREND_COMPRESSION,TREND,TrendDown,OPENING_AUCTION,49,DIRECTIONAL_MODERATE,0,TRANSITION,0.25,,29,7785.0,2026-04-30 18:15:19,OK
2026-04-30,2026-04-30 09:44:47,2026-04-30 09:45:02,V3D,SimV3D-NQ-3B,Fader_V3D_B,NQ Momentum B,N/A,NQ,NQ JUN26,LONG,1,27343.25,27337.0,-125.0,-125.0,-25.0,LOSS,Target1,TREND_COMPRESSION,TREND,TrendDown,OPENING_AUCTION,49,DIRECTIONAL_MODERATE,0,TRANSITION,0.25,,30,7660.0,2026-04-30 18:15:19,OK
2026-04-30,2026-04-30 09:44:47,2026-04-30 09:45:02,V3D,SimV3D-NQ-3B,Fader_V3D_B,NQ_ADX_B,N/A,NQ,NQ JUN26,LONG,1,27343.25,27337.0,-125.0,-125.0,-25.0,LOSS,Target1,TREND_COMPRESSION,TREND,TrendDown,OPENING_AUCTION,49,DIRECTIONAL_MODERATE,0,TRANSITION,0.25,,31,7535.0,2026-04-30 18:15:19,OK
2026-04-30,2026-04-30 09:44:47,2026-04-30 09:45:02,V3D,SimV3D-NQ-3B,Fader_V3D_B,NQ_Sniper_B,N/A,NQ,NQ JUN26,LONG,1,27343.25,27337.0,-125.0,-125.0,-25.0,LOSS,Target1,TREND_COMPRESSION,TREND,TrendDown,OPENING_AUCTION,49,DIRECTIONAL_MODERATE,0,TRANSITION,0.25,,32,7410.0,2026-04-30 18:15:19,OK
2026-04-30,2026-04-30 09:44:47,2026-04-30 09:45:02,V3D,SimV3D-NQ-3B,Fader_V3D_B,NQ Expansion B,N/A,NQ,NQ JUN26,LONG,1,27343.25,27337.0,-125.0,-125.0,-25.0,LOSS,Target1,TREND_COMPRESSION,TREND,TrendDown,OPENING_AUCTION,49,DIRECTIONAL_MODERATE,0,TRANSITION,0.25,,33,7285.0,2026-04-30 18:15:19,OK
2026-04-30,2026-04-30 09:44:47,2026-04-30 09:45:02,V3D,SimV3D-NQ-3B,Fader_V3D_B,NQ_ADX_C,N/A,NQ,NQ JUN26,LONG,1,27343.25,27337.0,-125.0,-125.0,-25.0,LOSS,Target1,TREND_COMPRESSION,TREND,TrendDown,OPENING_AUCTION,49,DIRECTIONAL_MODERATE,0,TRANSITION,0.25,,34,7160.0,2026-04-30 18:15:19,OK
2026-04-30,2026-04-30 09:44:47,2026-04-30 09:45:02,V3D,SimV3D-NQ-3B,Fader_V3D_B,NQ Expansion A,N/A,NQ,NQ JUN26,LONG,1,27343.25,27337.0,-125.0,-125.0,-25.0,LOSS,Target1,TREND_COMPRESSION,TREND,TrendDown,OPENING_AUCTION,49,DIRECTIONAL_MODERATE,0,TRANSITION,0.25,,35,7035.0,2026-04-30 18:15:19,OK
2026-04-30,2026-04-30 09:44:47,2026-04-30 09:45:02,V3D,SimV3D-NQ-3B,Fader_V3D_B,NQ Momentum A,N/A,NQ,NQ JUN26,LONG,1,27343.25,27337.0,-125.0,-125.0,-25.0,LOSS,Target1,TREND_COMPRESSION,TREND,TrendDown,OPENING_AUCTION,49,DIRECTIONAL_MODERATE,0,TRANSITION,0.25,,36,6910.0,2026-04-30 18:15:19,OK
2026-04-30,2026-04-30 09:44:47,2026-04-30 09:45:02,V3D,SimV3D-NQ-3B,Fader_V3D_B,NQ Momentum A,N/A,NQ,NQ JUN26,LONG,1,27343.25,27337.0,-125.0,-125.0,-25.0,LOSS,Target1,TREND_COMPRESSION,TREND,TrendDown,OPENING_AUCTION,49,DIRECTIONAL_MODERATE,0,TRANSITION,0.25,,37,6785.0,2026-04-30 18:15:19,OK
2026-04-30,2026-04-30 09:44:47,2026-04-30 09:45:02,V3D,SimV3D-NQ-3B,Fader_V3D_B,UNMAPPED,N/A,NQ,NQ JUN26,LONG,1,27343.25,27337.0,-125.0,-125.0,-25.0,LOSS,Target1,TREND_COMPRESSION,TREND,TrendDown,OPENING_AUCTION,49,DIRECTIONAL_MODERATE,0,TRANSITION,0.25,,38,6660.0,2026-04-30 18:15:19,UNMAPPED_BOT
2026-04-30,2026-04-30 09:44:47,2026-04-30 09:45:02,V3D,SimV3D-NQ-3B,Fader_V3D_B,NQ Fader B,N/A,NQ,NQ JUN26,LONG,1,27343.25,27337.0,-125.0,-125.0,-25.0,LOSS,Target1,TREND_COMPRESSION,TREND,TrendDown,OPENING_AUCTION,49,DIRECTIONAL_MODERATE,0,TRANSITION,0.25,,39,6535.0,2026-04-30 18:15:19,OK
2026-04-30,2026-04-30 09:44:47,2026-04-30 09:45:02,V3D,SimV3D-NQ-3B,Fader_V3D_B,NQ Fader A,N/A,NQ,NQ JUN26,LONG,1,27343.25,27337.0,-125.0,-125.0,-25.0,LOSS,Target1,TREND_COMPRESSION,TREND,TrendDown,OPENING_AUCTION,49,DIRECTIONAL_MODERATE,0,TRANSITION,0.25,,40,6410.0,2026-04-30 18:15:19,OK
2026-04-30,2026-04-30 09:44:47,2026-04-30 09:45:02,V3D,SimV3D-NQ-3B,Fader_V3D_B,UNMAPPED,N/A,NQ,NQ JUN26,LONG,1,27343.25,27337.0,-125.0,-125.0,-25.0,LOSS,Target1,TREND_COMPRESSION,TREND,TrendDown,OPENING_AUCTION,49,DIRECTIONAL_MODERATE,0,TRANSITION,0.25,,41,6285.0,2026-04-30 18:15:19,UNMAPPED_BOT
2026-04-30,2026-04-30 09:44:47,2026-04-30 09:45:02,V3D,SimV3D-NQ-3B,Fader_V3D_B,NQ_Sniper_A,N/A,NQ,NQ JUN26,LONG,1,27343.25,27337.0,-125.0,-125.0,-25.0,LOSS,Target1,TREND_COMPRESSION,TREND,TrendDown,OPENING_AUCTION,49,DIRECTIONAL_MODERATE,0,TRANSITION,0.25,,42,6160.0,2026-04-30 18:15:19,OK
2026-04-30,2026-04-30 09:45:17,2026-04-30 09:45:50,V3D,SimV3D-NQ-3B,Fader_V3D_B,NQ_ADX_C,N/A,NQ,NQ JUN26,LONG,1,27342.75,27353.75,220.0,220.0,44.0,WIN,STOP_HIT,ROTATION_LIQUID,ROTATION,Transition,EARLY_TEST,70,TWO_SIDED_CONFIRMED,0,TREND_COMPRESSION,0.55,,43,6380.0,2026-04-30 18:15:19,OK
2026-04-30,2026-04-30 09:45:17,2026-04-30 09:45:50,V3D,SimV3D-NQ-3B,Fader_V3D_B,NQ Momentum B,N/A,NQ,NQ JUN26,LONG,1,27342.75,27353.75,220.0,220.0,44.0,WIN,STOP_HIT,ROTATION_LIQUID,ROTATION,Transition,EARLY_TEST,70,TWO_SIDED_CONFIRMED,0,TREND_COMPRESSION,0.55,,44,6600.0,2026-04-30 18:15:19,OK
2026-04-30,2026-04-30 09:45:17,2026-04-30 09:45:50,V3D,SimV3D-NQ-3B,Fader_V3D_B,NQ_Sniper_B,N/A,NQ,NQ JUN26,LONG,1,27342.75,27353.75,220.0,220.0,44.0,WIN,STOP_HIT,ROTATION_LIQUID,ROTATION,Transition,EARLY_TEST,70,TWO_SIDED_CONFIRMED,0,TREND_COMPRESSION,0.55,,45,6820.0,2026-04-30 18:15:19,OK
2026-04-30,2026-04-30 09:45:17,2026-04-30 09:45:50,V3D,SimV3D-NQ-3B,Fader_V3D_B,NQ Fader B,N/A,NQ,NQ JUN26,LONG,1,27342.75,27353.75,220.0,220.0,44.0,WIN,STOP_HIT,ROTATION_LIQUID,ROTATION,Transition,EARLY_TEST,70,TWO_SIDED_CONFIRMED,0,TREND_COMPRESSION,0.55,,46,7040.0,2026-04-30 18:15:19,OK
2026-04-30,2026-04-30 09:45:17,2026-04-30 09:45:50,V3D,SimV3D-NQ-3B,Fader_V3D_B,NQ Expansion B,N/A,NQ,NQ JUN26,LONG,1,27342.75,27353.75,220.0,220.0,44.0,WIN,STOP_HIT,ROTATION_LIQUID,ROTATION,Transition,EARLY_TEST,70,TWO_SIDED_CONFIRMED,0,TREND_COMPRESSION,0.55,,47,7260.0,2026-04-30 18:15:19,OK
2026-04-30,2026-04-30 09:45:17,2026-04-30 09:45:50,V3D,SimV3D-NQ-3B,Fader_V3D_B,NQ_ADX_A,N/A,NQ,NQ JUN26,LONG,1,27342.75,27353.75,220.0,220.0,44.0,WIN,STOP_HIT,ROTATION_LIQUID,ROTATION,Transition,EARLY_TEST,70,TWO_SIDED_CONFIRMED,0,TREND_COMPRESSION,0.55,,48,7480.0,2026-04-30 18:15:19,OK
2026-04-30,2026-04-30 09:45:17,2026-04-30 09:45:50,V3D,SimV3D-NQ-3B,Fader_V3D_B,NQ_ADX_B,N/A,NQ,NQ JUN26,LONG,1,27342.75,27353.75,220.0,220.0,44.0,WIN,STOP_HIT,ROTATION_LIQUID,ROTATION,Transition,EARLY_TEST,70,TWO_SIDED_CONFIRMED,0,TREND_COMPRESSION,0.55,,49,7700.0,2026-04-30 18:15:19,OK
2026-04-30,2026-04-30 09:45:17,2026-04-30 09:45:50,V3D,SimV3D-NQ-3B,Fader_V3D_B,NQ Momentum A,N/A,NQ,NQ JUN26,LONG,1,27342.75,27353.75,220.0,220.0,44.0,WIN,STOP_HIT,ROTATION_LIQUID,ROTATION,Transition,EARLY_TEST,70,TWO_SIDED_CONFIRMED,0,TREND_COMPRESSION,0.55,,50,7920.0,2026-04-30 18:15:19,OK
2026-04-30,2026-04-30 09:45:17,2026-04-30 09:45:50,V3D,SimV3D-NQ-3B,Fader_V3D_B,NQ_Sniper_A,N/A,NQ,NQ JUN26,LONG,1,27342.75,27353.75,220.0,220.0,44.0,WIN,STOP_HIT,ROTATION_LIQUID,ROTATION,Transition,EARLY_TEST,70,TWO_SIDED_CONFIRMED,0,TREND_COMPRESSION,0.55,,51,8140.0,2026-04-30 18:15:19,OK
2026-04-30,2026-04-30 09:45:17,2026-04-30 09:45:50,V3D,SimV3D-NQ-3B,Fader_V3D_B,NQ Fader A,N/A,NQ,NQ JUN26,LONG,1,27342.75,27353.75,220.0,220.0,44.0,WIN,STOP_HIT,ROTATION_LIQUID,ROTATION,Transition,EARLY_TEST,70,TWO_SIDED_CONFIRMED,0,TREND_COMPRESSION,0.55,,52,8360.0,2026-04-30 18:15:19,OK
2026-04-30,2026-04-30 09:45:17,2026-04-30 09:45:50,V3D,SimV3D-NQ-3B,Fader_V3D_B,UNMAPPED,N/A,NQ,NQ JUN26,LONG,1,27342.75,27353.75,220.0,220.0,44.0,WIN,STOP_HIT,ROTATION_LIQUID,ROTATION,Transition,EARLY_TEST,70,TWO_SIDED_CONFIRMED,0,TREND_COMPRESSION,0.55,,53,8580.0,2026-04-30 18:15:19,UNMAPPED_BOT
2026-04-30,2026-04-30 09:45:17,2026-04-30 09:45:50,V3D,SimV3D-NQ-3B,Fader_V3D_B,UNMAPPED,N/A,NQ,NQ JUN26,LONG,1,27342.75,27353.75,220.0,220.0,44.0,WIN,STOP_HIT,ROTATION_LIQUID,ROTATION,Transition,EARLY_TEST,70,TWO_SIDED_CONFIRMED,0,TREND_COMPRESSION,0.55,,54,8800.0,2026-04-30 18:15:19,UNMAPPED_BOT
2026-04-30,2026-04-30 09:45:17,2026-04-30 09:45:50,V3D,SimV3D-NQ-3B,Fader_V3D_B,NQ Momentum A,N/A,NQ,NQ JUN26,LONG,1,27342.75,27353.75,220.0,220.0,44.0,WIN,STOP_HIT,ROTATION_LIQUID,ROTATION,Transition,EARLY_TEST,70,TWO_SIDED_CONFIRMED,0,TREND_COMPRESSION,0.55,,55,9020.0,2026-04-30 18:15:19,OK
2026-04-30,2026-04-30 09:45:17,2026-04-30 09:45:50,V3D,SimV3D-NQ-3B,Fader_V3D_B,NQ Expansion A,N/A,NQ,NQ JUN26,LONG,1,27342.75,27353.75,220.0,220.0,44.0,WIN,STOP_HIT,ROTATION_LIQUID,ROTATION,Transition,EARLY_TEST,70,TWO_SIDED_CONFIRMED,0,TREND_COMPRESSION,0.55,,56,9240.0,2026-04-30 18:15:19,OK
2026-04-30,2026-04-30 09:46:54,2026-04-30 09:47:31,V3D,SimV3D-NQ-3B,Fader_V3D_B,NQ_ADX_C,N/A,NQ,NQ JUN26,LONG,1,27313.25,27299.25,-280.0,-280.0,-56.0,LOSS,Target1,ROTATION_LIQUID,ROTATION,Transition,EARLY_TEST,70,TWO_SIDED_CONFIRMED,0,TREND_COMPRESSION,0.62,,57,8960.0,2026-04-30 18:15:19,OK
2026-04-30,2026-04-30 09:46:54,2026-04-30 09:47:31,V3D,SimV3D-NQ-3B,Fader_V3D_B,NQ Momentum B,N/A,NQ,NQ JUN26,LONG,1,27313.25,27299.25,-280.0,-280.0,-56.0,LOSS,Target1,ROTATION_LIQUID,ROTATION,Transition,EARLY_TEST,70,TWO_SIDED_CONFIRMED,0,TREND_COMPRESSION,0.62,,58,8680.0,2026-04-30 18:15:19,OK
2026-04-30,2026-04-30 09:46:54,2026-04-30 09:47:31,V3D,SimV3D-NQ-3B,Fader_V3D_B,NQ_ADX_B,N/A,NQ,NQ JUN26,LONG,1,27313.25,27299.25,-280.0,-280.0,-56.0,LOSS,Target1,ROTATION_LIQUID,ROTATION,Transition,EARLY_TEST,70,TWO_SIDED_CONFIRMED,0,TREND_COMPRESSION,0.62,,59,8400.0,2026-04-30 18:15:19,OK
2026-04-30,2026-04-30 09:46:54,2026-04-30 09:47:31,V3D,SimV3D-NQ-3B,Fader_V3D_B,NQ Fader B,N/A,NQ,NQ JUN26,LONG,1,27313.25,27299.25,-280.0,-280.0,-56.0,LOSS,Target1,ROTATION_LIQUID,ROTATION,Transition,EARLY_TEST,70,TWO_SIDED_CONFIRMED,0,TREND_COMPRESSION,0.62,,60,8120.0,2026-04-30 18:15:19,OK
2026-04-30,2026-04-30 09:46:54,2026-04-30 09:47:31,V3D,SimV3D-NQ-3B,Fader_V3D_B,NQ Expansion B,N/A,NQ,NQ JUN26,LONG,1,27313.25,27299.25,-280.0,-280.0,-56.0,LOSS,Target1,ROTATION_LIQUID,ROTATION,Transition,EARLY_TEST,70,TWO_SIDED_CONFIRMED,0,TREND_COMPRESSION,0.62,,61,7840.0,2026-04-30 18:15:19,OK
2026-04-30,2026-04-30 09:46:54,2026-04-30 09:47:31,V3D,SimV3D-NQ-3B,Fader_V3D_B,NQ_Sniper_B,N/A,NQ,NQ JUN26,LONG,1,27313.25,27299.25,-280.0,-280.0,-56.0,LOSS,Target1,ROTATION_LIQUID,ROTATION,Transition,EARLY_TEST,70,TWO_SIDED_CONFIRMED,0,TREND_COMPRESSION,0.62,,62,7560.0,2026-04-30 18:15:19,OK
2026-04-30,2026-04-30 09:46:54,2026-04-30 09:47:31,V3D,SimV3D-NQ-3B,Fader_V3D_B,NQ_Sniper_A,N/A,NQ,NQ JUN26,LONG,1,27313.25,27299.25,-280.0,-280.0,-56.0,LOSS,Target1,ROTATION_LIQUID,ROTATION,Transition,EARLY_TEST,70,TWO_SIDED_CONFIRMED,0,TREND_COMPRESSION,0.62,,63,7280.0,2026-04-30 18:15:19,OK
2026-04-30,2026-04-30 09:46:54,2026-04-30 09:47:31,V3D,SimV3D-NQ-3B,Fader_V3D_B,NQ Momentum A,N/A,NQ,NQ JUN26,LONG,1,27313.25,27299.25,-280.0,-280.0,-56.0,LOSS,Target1,ROTATION_LIQUID,ROTATION,Transition,EARLY_TEST,70,TWO_SIDED_CONFIRMED,0,TREND_COMPRESSION,0.62,,64,7000.0,2026-04-30 18:15:19,OK
2026-04-30,2026-04-30 09:46:54,2026-04-30 09:47:31,V3D,SimV3D-NQ-3B,Fader_V3D_B,NQ Momentum A,N/A,NQ,NQ JUN26,LONG,1,27313.25,27299.25,-280.0,-280.0,-56.0,LOSS,Target1,ROTATION_LIQUID,ROTATION,Transition,EARLY_TEST,70,TWO_SIDED_CONFIRMED,0,TREND_COMPRESSION,0.62,,65,6720.0,2026-04-30 18:15:19,OK
2026-04-30,2026-04-30 09:46:54,2026-04-30 09:47:31,V3D,SimV3D-NQ-3B,Fader_V3D_B,NQ Fader A,N/A,NQ,NQ JUN26,LONG,1,27313.25,27299.25,-280.0,-280.0,-56.0,LOSS,Target1,ROTATION_LIQUID,ROTATION,Transition,EARLY_TEST,70,TWO_SIDED_CONFIRMED,0,TREND_COMPRESSION,0.62,,66,6440.0,2026-04-30 18:15:19,OK
2026-04-30,2026-04-30 09:46:54,2026-04-30 09:47:31,V3D,SimV3D-NQ-3B,Fader_V3D_B,UNMAPPED,N/A,NQ,NQ JUN26,LONG,1,27313.25,27299.25,-280.0,-280.0,-56.0,LOSS,Target1,ROTATION_LIQUID,ROTATION,Transition,EARLY_TEST,70,TWO_SIDED_CONFIRMED,0,TREND_COMPRESSION,0.62,,67,6160.0,2026-04-30 18:15:19,UNMAPPED_BOT
2026-04-30,2026-04-30 09:46:54,2026-04-30 09:47:31,V3D,SimV3D-NQ-3B,Fader_V3D_B,UNMAPPED,N/A,NQ,NQ JUN26,LONG,1,27313.25,27299.25,-280.0,-280.0,-56.0,LOSS,Target1,ROTATION_LIQUID,ROTATION,Transition,EARLY_TEST,70,TWO_SIDED_CONFIRMED,0,TREND_COMPRESSION,0.62,,68,5880.0,2026-04-30 18:15:19,UNMAPPED_BOT
2026-04-30,2026-04-30 09:46:54,2026-04-30 09:47:31,V3D,SimV3D-NQ-3B,Fader_V3D_B,NQ Expansion A,N/A,NQ,NQ JUN26,LONG,1,27313.25,27299.25,-280.0,-280.0,-56.0,LOSS,Target1,ROTATION_LIQUID,ROTATION,Transition,EARLY_TEST,70,TWO_SIDED_CONFIRMED,0,TREND_COMPRESSION,0.62,,69,5600.0,2026-04-30 18:15:19,OK
2026-04-30,2026-04-30 09:46:54,2026-04-30 09:47:31,V3D,SimV3D-NQ-3B,Fader_V3D_B,NQ_ADX_A,N/A,NQ,NQ JUN26,LONG,1,27313.25,27299.25,-280.0,-280.0,-56.0,LOSS,Target1,ROTATION_LIQUID,ROTATION,Transition,EARLY_TEST,70,TWO_SIDED_CONFIRMED,0,TREND_COMPRESSION,0.62,,70,5320.0,2026-04-30 18:15:19,OK
2026-04-30,2026-04-30 09:47:55,2026-04-30 09:49:20,V3D,SimV3D-NQ-3B,Fader_V3D_B,NQ Expansion B,N/A,NQ,NQ JUN26,LONG,1,27313.5,27312.75,-15.0,-15.0,-3.0,LOSS,SESSION_CLOSE,ROTATION_LIQUID,ROTATION,Transition,EARLY_TEST,70,TWO_SIDED_CONFIRMED,0,TREND_COMPRESSION,1.42,,71,5305.0,2026-04-30 18:15:19,OK
2026-04-30,2026-04-30 09:47:55,2026-04-30 09:49:20,V3D,SimV3D-NQ-3B,Fader_V3D_B,NQ Momentum A,N/A,NQ,NQ JUN26,LONG,1,27313.5,27312.75,-15.0,-15.0,-3.0,LOSS,SESSION_CLOSE,ROTATION_LIQUID,ROTATION,Transition,EARLY_TEST,70,TWO_SIDED_CONFIRMED,0,TREND_COMPRESSION,1.42,,72,5290.0,2026-04-30 18:15:19,OK
2026-04-30,2026-04-30 09:47:55,2026-04-30 09:49:20,V3D,SimV3D-NQ-3B,Fader_V3D_B,UNMAPPED,N/A,NQ,NQ JUN26,LONG,1,27313.5,27312.75,-15.0,-15.0,-3.0,LOSS,SESSION_CLOSE,ROTATION_LIQUID,ROTATION,Transition,EARLY_TEST,70,TWO_SIDED_CONFIRMED,0,TREND_COMPRESSION,1.42,,73,5275.0,2026-04-30 18:15:19,UNMAPPED_BOT
2026-04-30,2026-04-30 09:47:55,2026-04-30 09:49:20,V3D,SimV3D-NQ-3B,Fader_V3D_B,NQ_Sniper_A,N/A,NQ,NQ JUN26,LONG,1,27313.5,27312.75,-15.0,-15.0,-3.0,LOSS,SESSION_CLOSE,ROTATION_LIQUID,ROTATION,Transition,EARLY_TEST,70,TWO_SIDED_CONFIRMED,0,TREND_COMPRESSION,1.42,,74,5260.0,2026-04-30 18:15:19,OK
2026-04-30,2026-04-30 09:47:55,2026-04-30 09:49:20,V3D,SimV3D-NQ-3B,Fader_V3D_B,NQ Momentum A,N/A,NQ,NQ JUN26,LONG,1,27313.5,27312.75,-15.0,-15.0,-3.0,LOSS,SESSION_CLOSE,ROTATION_LIQUID,ROTATION,Transition,EARLY_TEST,70,TWO_SIDED_CONFIRMED,0,TREND_COMPRESSION,1.42,,75,5245.0,2026-04-30 18:15:19,OK
2026-04-30,2026-04-30 09:47:55,2026-04-30 09:49:20,V3D,SimV3D-NQ-3B,Fader_V3D_B,NQ Expansion A,N/A,NQ,NQ JUN26,LONG,1,27313.5,27312.75,-15.0,-15.0,-3.0,LOSS,SESSION_CLOSE,ROTATION_LIQUID,ROTATION,Transition,EARLY_TEST,70,TWO_SIDED_CONFIRMED,0,TREND_COMPRESSION,1.42,,76,5230.0,2026-04-30 18:15:19,OK
2026-04-30,2026-04-30 09:47:55,2026-04-30 09:49:20,V3D,SimV3D-NQ-3B,Fader_V3D_B,NQ_ADX_A,N/A,NQ,NQ JUN26,LONG,1,27313.5,27312.75,-15.0,-15.0,-3.0,LOSS,SESSION_CLOSE,ROTATION_LIQUID,ROTATION,Transition,EARLY_TEST,70,TWO_SIDED_CONFIRMED,0,TREND_COMPRESSION,1.42,,77,5215.0,2026-04-30 18:15:19,OK
2026-04-30,2026-04-30 09:47:55,2026-04-30 09:49:20,V3D,SimV3D-NQ-3B,Fader_V3D_B,NQ_Sniper_B,N/A,NQ,NQ JUN26,LONG,1,27313.5,27312.75,-15.0,-15.0,-3.0,LOSS,SESSION_CLOSE,ROTATION_LIQUID,ROTATION,Transition,EARLY_TEST,70,TWO_SIDED_CONFIRMED,0,TREND_COMPRESSION,1.42,,78,5200.0,2026-04-30 18:15:19,OK
2026-04-30,2026-04-30 09:47:55,2026-04-30 09:49:20,V3D,SimV3D-NQ-3B,Fader_V3D_B,NQ Fader B,N/A,NQ,NQ JUN26,LONG,1,27313.5,27312.75,-15.0,-15.0,-3.0,LOSS,SESSION_CLOSE,ROTATION_LIQUID,ROTATION,Transition,EARLY_TEST,70,TWO_SIDED_CONFIRMED,0,TREND_COMPRESSION,1.42,,79,5185.0,2026-04-30 18:15:19,OK
2026-04-30,2026-04-30 09:47:55,2026-04-30 09:49:20,V3D,SimV3D-NQ-3B,Fader_V3D_B,NQ_ADX_B,N/A,NQ,NQ JUN26,LONG,1,27313.5,27312.75,-15.0,-15.0,-3.0,LOSS,SESSION_CLOSE,ROTATION_LIQUID,ROTATION,Transition,EARLY_TEST,70,TWO_SIDED_CONFIRMED,0,TREND_COMPRESSION,1.42,,80,5170.0,2026-04-30 18:15:19,OK
2026-04-30,2026-04-30 09:47:55,2026-04-30 09:49:20,V3D,SimV3D-NQ-3B,Fader_V3D_B,NQ Momentum B,N/A,NQ,NQ JUN26,LONG,1,27313.5,27312.75,-15.0,-15.0,-3.0,LOSS,SESSION_CLOSE,ROTATION_LIQUID,ROTATION,Transition,EARLY_TEST,70,TWO_SIDED_CONFIRMED,0,TREND_COMPRESSION,1.42,,81,5155.0,2026-04-30 18:15:19,OK
2026-04-30,2026-04-30 09:47:55,2026-04-30 09:49:20,V3D,SimV3D-NQ-3B,Fader_V3D_B,NQ_ADX_C,N/A,NQ,NQ JUN26,LONG,1,27313.5,27312.75,-15.0,-15.0,-3.0,LOSS,SESSION_CLOSE,ROTATION_LIQUID,ROTATION,Transition,EARLY_TEST,70,TWO_SIDED_CONFIRMED,0,TREND_COMPRESSION,1.42,,82,5140.0,2026-04-30 18:15:19,OK
2026-04-30,2026-04-30 09:47:55,2026-04-30 09:49:20,V3D,SimV3D-NQ-3B,Fader_V3D_B,NQ Fader A,N/A,NQ,NQ JUN26,LONG,1,27313.5,27312.75,-15.0,-15.0,-3.0,LOSS,SESSION_CLOSE,ROTATION_LIQUID,ROTATION,Transition,EARLY_TEST,70,TWO_SIDED_CONFIRMED,0,TREND_COMPRESSION,1.42,,83,5125.0,2026-04-30 18:15:19,OK
2026-04-30,2026-04-30 09:47:55,2026-04-30 09:49:20,V3D,SimV3D-NQ-3B,Fader_V3D_B,UNMAPPED,N/A,NQ,NQ JUN26,LONG,1,27313.5,27312.75,-15.0,-15.0,-3.0,LOSS,SESSION_CLOSE,ROTATION_LIQUID,ROTATION,Transition,EARLY_TEST,70,TWO_SIDED_CONFIRMED,0,TREND_COMPRESSION,1.42,,84,5110.0,2026-04-30 18:15:19,UNMAPPED_BOT
