Trade number,Instrument,Account,Strategy,Market pos.,Qty,Entry price,Exit price,Entry time,Exit time,Entry name,Exit name,Profit,Cum. net profit,Commission,MAE,MFE,ETD,Bars,
1,NQ JUN26,SimMomo1,,Long,1,27050.75,27044.75,4/28/2026 11:41:07 AM,4/28/2026 11:43:00 AM,LE,SlopeX,($124.36),($124.36),$4.36,$320.00,$75.00,$199.36,3,
2,NQ JUN26,SimMomo1,,Short,1,27059.25,27060.75,4/28/2026 1:03:53 PM,4/28/2026 1:05:00 PM,SE,SlopeX,($34.36),($158.72),$4.36,$80.00,$90.00,$124.36,3,
3,NQ JUN26,Sim1,,Long,1,27099.25,27114.75,4/28/2026 1:33:02 PM,4/28/2026 1:40:01 PM,LE,SlopeX,$305.64,$146.92,$4.36,$75.00,$320.00,$14.36,3,
4,NQ JUN26,SimV3C-NQ-2B,,Long,1,27165.25,27175.00,4/28/2026 2:38:47 PM,4/28/2026 2:42:19 PM,SnipeL,Profit target,$195.00,$341.92,$0.00,$85.00,$205.00,$10.00,3,
5,NQ JUN26,SimMomo1,,Short,1,27188.00,27185.25,4/28/2026 3:18:08 PM,4/28/2026 3:20:00 PM,SE,SlopeX,$50.64,$392.56,$4.36,$165.00,$65.00,$14.36,3,
6,NQ JUN26,SimMomo1,,Long,1,27189.75,27187.00,4/28/2026 3:29:51 PM,4/28/2026 3:31:00 PM,LE,SlopeX,($59.36),$333.20,$4.36,$125.00,$15.00,$74.36,3,
7,NQ JUN26,SimV3C-NQ-2A,,Long,1,27191.75,27176.00,4/28/2026 3:24:00 PM,4/28/2026 3:34:06 PM,SnipeL,Stop loss,($315.00),$18.20,$0.00,$315.00,$5.00,$320.00,1,
8,NQ JUN26,SimV3C-NQ-2B,,Long,1,27181.00,27190.50,4/28/2026 3:40:02 PM,4/28/2026 3:41:29 PM,SnipeL,Profit target,$190.00,$208.20,$0.00,$50.00,$205.00,$15.00,3,
9,NQ JUN26,SimMomo1,,Long,1,27188.50,27179.00,4/28/2026 3:41:01 PM,4/28/2026 3:43:01 PM,LE,SlopeX,($194.36),$13.84,$4.36,$190.00,$65.00,$259.36,3,
10,NQ JUN26,SimV3C-NQ-2B,,Long,1,27181.00,27168.25,4/28/2026 3:50:00 PM,4/28/2026 3:54:00 PM,SnipeL,Stop loss,($255.00),($241.16),$0.00,$285.00,$150.00,$405.00,3,
11,NQ JUN26,SimV3C-NQ-2A,,Long,1,27181.00,27165.25,4/28/2026 3:40:02 PM,4/28/2026 3:54:06 PM,SnipeL,Stop loss,($315.00),($556.16),$0.00,$320.00,$215.00,$530.00,8,
12,NQ JUN26,SimV3C-NQ-2B,,Long,1,27169.75,27179.25,4/28/2026 3:55:20 PM,4/28/2026 3:58:44 PM,SnipeL,Profit target,$190.00,($366.16),$0.00,$130.00,$190.00,$0.00,3,
13,NQ JUN26,SimV3C-NQ-2A,,Long,1,27171.25,27183.00,4/28/2026 3:55:51 PM,4/28/2026 3:58:59 PM,SnipeL,Profit target,$235.00,($131.16),$0.00,$160.00,$235.00,$0.00,3,
14,NQ JUN26,Sim1,,Short,1,27158.50,27170.50,4/28/2026 3:54:12 PM,4/28/2026 4:00:01 PM,SE,Close,($244.36),($375.52),$4.36,$490.00,$80.00,$324.36,0,
15,NQ JUN26,SimV3C-NQ-5A,,Long,1,27259.75,27272.25,4/29/2026 10:28:18 AM,4/29/2026 10:28:35 AM,LE,Profit target,$250.00,($125.52),$0.00,$115.00,$290.00,$40.00,1,
16,NQ JUN26,SimV3C-NQ-5A,,Long,1,27268.50,27281.25,4/29/2026 10:28:35 AM,4/29/2026 10:32:32 AM,LE,Profit target,$255.00,$129.48,$0.00,$400.00,$260.00,$5.00,2,
17,NQ JUN26,Sim101,1 NQ,Short,1,27298.50,27294.25,4/29/2026 10:38:26 AM,4/29/2026 10:40:52 AM,Entry,Stop1,$80.64,$210.12,$4.36,$235.00,$185.00,$104.36,0,
18,NQ JUN26,Sim101,1 NQ,Short,1,27303.00,27294.25,4/29/2026 10:39:56 AM,4/29/2026 10:40:53 AM,Entry,Stop1,$170.64,$380.76,$4.36,$25.00,$275.00,$104.36,0,
19,NQ JUN26,Sim101,1 NQ,Short,1,27292.50,27287.25,4/29/2026 10:42:48 AM,4/29/2026 10:43:19 AM,Entry,Close,$100.64,$481.40,$4.36,$20.00,$190.00,$89.36,0,
20,NQ JUN26,SimV3D-NQ-3A,,Short,1,27303.50,27260.00,4/29/2026 11:00:00 AM,4/29/2026 11:09:07 AM,FadeS1,Profit target,$870.00,$1351.40,$0.00,$120.00,$1675.00,$805.00,2,
21,NQ JUN26,SimV3D-NQ-3B,,Short,1,27303.50,27260.00,4/29/2026 11:00:00 AM,4/29/2026 11:09:07 AM,FadeBS1,Profit target,$870.00,$2221.40,$0.00,$120.00,$1635.00,$765.00,2,
22,NQ JUN26,SimV3C-NQ-5A,,Short,1,27251.50,27238.50,4/29/2026 11:09:55 AM,4/29/2026 11:12:35 AM,SE,Profit target,$260.00,$2481.40,$0.00,$55.00,$595.00,$335.00,2,
23,NQ JUN26,SimV3D-NQ-3B,,Short,1,27303.50,27223.25,4/29/2026 11:00:00 AM,4/29/2026 11:14:54 AM,FadeBS2,Profit target,$1605.00,$4086.40,$0.00,$120.00,$1635.00,$30.00,3,
24,NQ JUN26,Sim1,,Short,1,27251.50,27257.75,4/29/2026 11:09:55 AM,4/29/2026 11:17:13 AM,SE,SlopeX,($129.36),$3957.04,$4.36,$150.00,$635.00,$764.36,3,
25,NQ JUN26,SimMomo1,,Long,1,27283.00,27284.75,4/29/2026 11:29:43 AM,4/29/2026 11:31:00 AM,LE,SlopeX,$30.64,$3987.68,$4.36,$180.00,$115.00,$84.36,3,
26,NQ JUN26,SimV3C-NQ-2A,,Long,1,27278.00,27289.75,4/29/2026 11:29:42 AM,4/29/2026 11:31:05 AM,SnipeL,Profit target,$235.00,$4222.68,$0.00,$80.00,$240.00,$5.00,3,
27,NQ JUN26,SimV3C-NQ-2B,,Long,1,27278.75,27288.25,4/29/2026 11:32:27 AM,4/29/2026 11:35:00 AM,SnipeL,Profit target,$190.00,$4412.68,$0.00,$135.00,$200.00,$10.00,3,
28,NQ JUN26,SimV3C-NQ-2B,,Long,1,27283.00,27293.00,4/29/2026 11:43:09 AM,4/29/2026 11:45:50 AM,SnipeL,Profit target,$200.00,$4612.68,$0.00,$250.00,$210.00,$10.00,7,
29,NQ JUN26,SimV3C-NQ-2A,,Long,1,27282.25,27294.25,4/29/2026 11:32:49 AM,4/29/2026 11:45:55 AM,SnipeL,Profit target,$240.00,$4852.68,$0.00,$270.00,$245.00,$5.00,9,
30,NQ JUN26,SimV3C-NQ-2B,,Long,1,27290.75,27277.75,4/29/2026 11:50:19 AM,4/29/2026 11:51:11 AM,SnipeL,Stop loss,($260.00),$4592.68,$0.00,$445.00,$10.00,$270.00,2,
31,NQ JUN26,SimV3C-NQ-2B,,Long,1,27262.00,27249.00,4/29/2026 11:51:12 AM,4/29/2026 11:51:13 AM,SnipeL,Stop loss,($260.00),$4332.68,$0.00,$310.00,$30.00,$290.00,4,
32,NQ JUN26,SimV3C-NQ-2B,,Long,1,27263.25,27272.75,4/29/2026 11:51:16 AM,4/29/2026 11:51:21 AM,SnipeL,Profit target,$190.00,$4522.68,$0.00,$160.00,$190.00,$0.00,2,
33,NQ JUN26,SimV3C-NQ-2A,,Long,1,27267.25,27251.00,4/29/2026 11:51:19 AM,4/29/2026 11:52:34 AM,SnipeL,Stop loss,($325.00),$4197.68,$0.00,$325.00,$215.00,$540.00,6,
34,NQ JUN26,SimV3D-NQ-3A,,Short,1,27303.50,27259.75,4/29/2026 11:00:00 AM,4/29/2026 11:53:03 AM,FadeS2,Close,$875.00,$5072.68,$0.00,$120.00,$1675.00,$800.00,0,
35,NQ JUN26,SimV3C-NQ-2B,,Long,1,27259.75,27247.00,4/29/2026 11:52:53 AM,4/29/2026 11:53:14 AM,SnipeL,Stop loss,($255.00),$4817.68,$0.00,$265.00,$70.00,$325.00,3,
36,NQ JUN26,SimV3C-NQ-2A,,Long,1,27261.75,27246.00,4/29/2026 11:52:58 AM,4/29/2026 11:53:14 AM,SnipeL,Stop loss,($315.00),$4502.68,$0.00,$360.00,$30.00,$345.00,2,
37,NQ JUN26,SimV3C-NQ-2B,,Long,1,27219.00,27206.25,4/29/2026 11:54:22 AM,4/29/2026 11:54:47 AM,SnipeL,Stop loss,($255.00),$4247.68,$0.00,$260.00,$40.00,$295.00,2,
38,NQ JUN26,SimV3C-NQ-2A,,Long,1,27224.50,27208.75,4/29/2026 11:55:01 AM,4/29/2026 11:55:13 AM,SnipeL,Stop loss,($315.00),$3932.68,$0.00,$330.00,$55.00,$370.00,3,
39,NQ JUN26,SimV3C-NQ-2B,,Long,1,27219.00,27206.25,4/29/2026 11:54:56 AM,4/29/2026 11:55:14 AM,SnipeL,Stop loss,($255.00),$3677.68,$0.00,$255.00,$165.00,$420.00,6,
40,NQ JUN26,SimV3C-NQ-2B,,Long,1,27219.75,27229.25,4/29/2026 11:55:42 AM,4/29/2026 11:55:55 AM,SnipeL,Profit target,$190.00,$3867.68,$0.00,$60.00,$200.00,$10.00,3,
41,NQ JUN26,SimV3C-NQ-2A,,Long,1,27226.75,27238.50,4/29/2026 11:55:44 AM,4/29/2026 11:56:01 AM,SnipeL,Profit target,$235.00,$4102.68,$0.00,$130.00,$255.00,$20.00,3,
42,NQ JUN26,SimV3C-NQ-2B,,Long,1,27222.75,27232.00,4/29/2026 11:57:32 AM,4/29/2026 11:58:03 AM,SnipeL,Profit target,$185.00,$4287.68,$0.00,$210.00,$200.00,$15.00,3,
43,NQ JUN26,SimV3C-NQ-2A,,Long,1,27232.25,27244.00,4/29/2026 11:58:03 AM,4/29/2026 11:59:49 AM,SnipeL,Profit target,$235.00,$4522.68,$0.00,$230.00,$235.00,$0.00,6,
44,NQ JUN26,SimV3C-NQ-2B,,Long,1,27235.75,27245.25,4/29/2026 11:59:11 AM,4/29/2026 11:59:49 AM,SnipeL,Profit target,$190.00,$4712.68,$0.00,$80.00,$190.00,$0.00,3,
45,NQ JUN26,SimMomo1,,Long,1,27265.75,27262.00,4/29/2026 12:06:11 PM,4/29/2026 12:08:00 PM,LE,SlopeX,($79.36),$4633.32,$4.36,$370.00,$40.00,$119.36,3,
46,NQ JUN26,SimMomo1,,Long,1,27269.25,27257.25,4/29/2026 12:08:47 PM,4/29/2026 12:10:00 PM,LE,SlopeX,($244.36),$4388.96,$4.36,$285.00,$20.00,$264.36,3,
47,NQ JUN26,SimV3C-NQ-2B,,Long,1,27222.75,27210.50,4/29/2026 12:21:22 PM,4/29/2026 12:23:00 PM,SnipeL,Stop loss,($245.00),$4143.96,$0.00,$250.00,$50.00,$295.00,2,
48,NQ JUN26,SimV3C-NQ-2A,,Long,1,27227.25,27211.50,4/29/2026 12:24:12 PM,4/29/2026 12:25:48 PM,SnipeL,Stop loss,($315.00),$3828.96,$0.00,$315.00,$45.00,$360.00,2,
49,NQ JUN26,SimV3C-NQ-2B,,Long,1,27223.00,27210.25,4/29/2026 12:23:12 PM,4/29/2026 12:25:48 PM,SnipeL,Stop loss,($255.00),$3573.96,$0.00,$255.00,$130.00,$385.00,4,
50,NQ JUN26,SimV3C-NQ-2A,,Long,1,27183.25,27167.50,4/29/2026 12:33:04 PM,4/29/2026 12:33:50 PM,SnipeL,Stop loss,($315.00),$3258.96,$0.00,$315.00,$55.00,$370.00,1,
51,NQ JUN26,SimV3C-NQ-2B,,Long,1,27179.00,27166.50,4/29/2026 12:32:52 PM,4/29/2026 12:33:55 PM,SnipeL,Stop loss,($250.00),$3008.96,$0.00,$250.00,$140.00,$390.00,4,
52,NQ JUN26,SimV3C-NQ-2B,,Long,1,27171.25,27158.50,4/29/2026 12:36:02 PM,4/29/2026 12:36:39 PM,SnipeL,Stop loss,($255.00),$2753.96,$0.00,$270.00,$105.00,$360.00,4,
53,NQ JUN26,SimV3C-NQ-2A,,Long,1,27171.25,27155.50,4/29/2026 12:36:02 PM,4/29/2026 12:36:49 PM,SnipeL,Stop loss,($315.00),$2438.96,$0.00,$315.00,$105.00,$420.00,2,
54,NQ JUN26,SimV3C-NQ-2B,,Long,1,27171.00,27158.00,4/29/2026 12:37:55 PM,4/29/2026 12:37:58 PM,SnipeL,Stop loss,($260.00),$2178.96,$0.00,$265.00,$5.00,$265.00,2,
55,NQ JUN26,SimV3C-NQ-2B,,Long,1,27171.25,27181.00,4/29/2026 12:38:14 PM,4/29/2026 12:39:01 PM,SnipeL,Profit target,$195.00,$2373.96,$0.00,$85.00,$195.00,$0.00,3,
56,NQ JUN26,SimV3C-NQ-2A,,Long,1,27172.00,27184.00,4/29/2026 12:38:15 PM,4/29/2026 12:39:50 PM,SnipeL,Profit target,$240.00,$2613.96,$0.00,$100.00,$240.00,$0.00,3,
57,NQ JUN26,SimMomo1,,Long,1,27206.25,27195.50,4/29/2026 12:40:29 PM,4/29/2026 12:42:00 PM,LE,SlopeX,($219.36),$2394.60,$4.36,$370.00,$75.00,$294.36,3,
58,NQ JUN26,SimV3C-NQ-2B,,Long,1,27199.00,27186.25,4/29/2026 12:59:58 PM,4/29/2026 1:01:53 PM,SnipeL,Stop loss,($255.00),$2139.60,$0.00,$260.00,$110.00,$365.00,4,
59,NQ JUN26,SimV3C-NQ-2A,,Long,1,27201.50,27185.50,4/29/2026 1:00:00 PM,4/29/2026 1:01:56 PM,SnipeL,Stop loss,($320.00),$1819.60,$0.00,$320.00,$60.00,$380.00,2,
60,NQ JUN26,SimV3C-NQ-2B,,Long,1,27187.00,27196.50,4/29/2026 1:04:44 PM,4/29/2026 1:05:44 PM,SnipeL,Profit target,$190.00,$2009.60,$0.00,$70.00,$200.00,$10.00,3,
61,NQ JUN26,SimV3C-NQ-2A,,Long,1,27186.75,27198.75,4/29/2026 1:04:44 PM,4/29/2026 1:06:22 PM,SnipeL,Profit target,$240.00,$2249.60,$0.00,$65.00,$245.00,$5.00,3,
62,NQ JUN26,SimMomo1,,Long,1,27213.25,27208.25,4/29/2026 1:10:30 PM,4/29/2026 1:12:00 PM,LE,SlopeX,($104.36),$2145.24,$4.36,$135.00,$95.00,$199.36,3,
63,NQ JUN26,SimV3C-NQ-2B,,Long,1,27207.75,27217.50,4/29/2026 1:17:09 PM,4/29/2026 1:20:02 PM,SnipeL,Profit target,$195.00,$2340.24,$0.00,$120.00,$195.00,$0.00,5,
64,NQ JUN26,SimV3C-NQ-2A,,Long,1,27207.75,27219.50,4/29/2026 1:17:09 PM,4/29/2026 1:20:02 PM,SnipeL,Profit target,$235.00,$2575.24,$0.00,$120.00,$255.00,$20.00,3,
65,NQ JUN26,SimV3C-NQ-2B,,Long,1,27207.00,27216.50,4/29/2026 1:28:49 PM,4/29/2026 1:30:00 PM,SnipeL,Profit target,$190.00,$2765.24,$0.00,$105.00,$190.00,$0.00,3,
66,NQ JUN26,SimV3C-NQ-2A,,Long,1,27212.25,27224.00,4/29/2026 1:29:26 PM,4/29/2026 1:31:50 PM,SnipeL,Profit target,$235.00,$3000.24,$0.00,$65.00,$285.00,$50.00,3,
67,NQ JUN26,SimV3C-NQ-2B,,Long,1,27219.00,27228.50,4/29/2026 1:44:22 PM,4/29/2026 1:48:25 PM,SnipeL,Profit target,$190.00,$3190.24,$0.00,$55.00,$225.00,$35.00,3,
68,NQ JUN26,SimV3C-NQ-2A,,Long,1,27222.00,27233.75,4/29/2026 1:44:44 PM,4/29/2026 1:48:42 PM,SnipeL,Profit target,$235.00,$3425.24,$0.00,$110.00,$280.00,$45.00,3,
69,NQ JUN26,SimV3C-NQ-2B,,Long,1,27245.00,27234.50,4/29/2026 1:48:42 PM,4/29/2026 1:55:00 PM,LE,SlopeX,($210.00),$3215.24,$0.00,$360.00,$180.00,$390.00,3,
70,NQ JUN26,SimV3C-NQ-5A,,Long,1,27245.00,27234.50,4/29/2026 1:48:42 PM,4/29/2026 1:55:00 PM,LE,StopX,($210.00),$3005.24,$0.00,$360.00,$180.00,$390.00,3,
71,NQ JUN26,SimMomo2,,Long,1,27245.00,27234.50,4/29/2026 1:48:42 PM,4/29/2026 1:55:00 PM,LE,SlopeX,($210.00),$2795.24,$0.00,$360.00,$180.00,$390.00,3,
72,NQ JUN26,SimV3C-NQ-2B,,Long,1,27244.00,27253.50,4/29/2026 1:56:11 PM,4/29/2026 2:00:00 PM,SnipeL,Profit target,$190.00,$2985.24,$0.00,$185.00,$200.00,$10.00,3,
73,NQ JUN26,SimV3C-NQ-2B,,Long,1,27236.00,27221.75,4/29/2026 2:00:27 PM,4/29/2026 2:00:41 PM,SnipeL,Stop loss,($285.00),$2700.24,$0.00,$295.00,$40.00,$325.00,2,
74,NQ JUN26,SimV3C-NQ-2A,,Long,1,27237.50,27223.75,4/29/2026 2:00:37 PM,4/29/2026 2:00:41 PM,SnipeL,Stop loss,($275.00),$2425.24,$0.00,$325.00,$5.00,$280.00,2,
75,NQ JUN26,SimV3C-NQ-2A,,Long,1,27237.25,27221.00,4/29/2026 2:01:41 PM,4/29/2026 2:02:10 PM,SnipeL,Stop loss,($325.00),$2100.24,$0.00,$325.00,$40.00,$365.00,2,
76,NQ JUN26,SimV3C-NQ-2B,,Long,1,27232.75,27220.25,4/29/2026 2:01:19 PM,4/29/2026 2:02:11 PM,SnipeL,Stop loss,($250.00),$1850.24,$0.00,$265.00,$130.00,$380.00,5,
77,NQ JUN26,SimV3C-NQ-2B,,Long,1,27210.50,27220.00,4/29/2026 2:07:21 PM,4/29/2026 2:07:21 PM,SnipeL,Profit target,$190.00,$2040.24,$0.00,$30.00,$270.00,$80.00,2,
78,NQ JUN26,SimV3C-NQ-2A,,Long,1,27220.50,27204.75,4/29/2026 2:07:21 PM,4/29/2026 2:08:09 PM,SnipeL,Stop loss,($315.00),$1725.24,$0.00,$320.00,$125.00,$440.00,2,
79,NQ JUN26,SimV3C-NQ-2B,,Long,1,27175.00,27184.25,4/29/2026 2:10:57 PM,4/29/2026 2:12:12 PM,SnipeL,Profit target,$185.00,$1910.24,$0.00,$80.00,$185.00,$0.00,3,
80,NQ JUN26,SimV3C-NQ-2A,,Long,1,27180.75,27192.75,4/29/2026 2:11:02 PM,4/29/2026 2:13:24 PM,SnipeL,Profit target,$240.00,$2150.24,$0.00,$140.00,$280.00,$40.00,3,
81,NQ JUN26,SimV3C-NQ-2B,,Long,1,27196.75,27184.00,4/29/2026 2:31:36 PM,4/29/2026 2:31:48 PM,SnipeL,Stop loss,($255.00),$1895.24,$0.00,$255.00,$5.00,$260.00,2,
82,NQ JUN26,SimV3C-NQ-2B,,Long,1,27195.25,27204.75,4/29/2026 2:32:46 PM,4/29/2026 2:33:02 PM,SnipeL,Profit target,$190.00,$2085.24,$0.00,$35.00,$205.00,$15.00,3,
83,NQ JUN26,SimV3C-NQ-2A,,Long,1,27197.00,27209.50,4/29/2026 2:32:50 PM,4/29/2026 2:33:06 PM,SnipeL,Profit target,$250.00,$2335.24,$0.00,$70.00,$300.00,$50.00,3,
84,NQ JUN26,SimV3C-NQ-2B,,Long,1,27215.00,27224.50,4/29/2026 2:35:04 PM,4/29/2026 2:35:04 PM,SnipeL,Profit target,$190.00,$2525.24,$0.00,$35.00,$220.00,$30.00,3,
85,NQ JUN26,SimV3C-NQ-2B,,Long,1,27228.50,27237.75,4/29/2026 2:37:19 PM,4/29/2026 2:37:29 PM,SnipeL,Profit target,$185.00,$2710.24,$0.00,$45.00,$200.00,$15.00,1,
86,NQ JUN26,SimV3C-NQ-2A,,Long,1,27238.00,27224.25,4/29/2026 2:37:29 PM,4/29/2026 2:37:34 PM,SnipeL,Stop loss,($275.00),$2435.24,$0.00,$355.00,$100.00,$375.00,3,
87,NQ JUN26,SimV3C-NQ-2B,,Long,1,27221.75,27231.00,4/29/2026 2:37:37 PM,4/29/2026 2:37:54 PM,SnipeL,Profit target,$185.00,$2620.24,$0.00,$210.00,$190.00,$5.00,3,
88,NQ JUN26,SimV3C-NQ-2A,,Long,1,27222.00,27233.50,4/29/2026 2:37:37 PM,4/29/2026 2:37:55 PM,SnipeL,Profit target,$230.00,$2850.24,$0.00,$215.00,$235.00,$5.00,3,
89,NQ JUN26,SimV3C-NQ-2B,,Long,1,27231.25,27217.00,4/29/2026 2:38:31 PM,4/29/2026 2:38:38 PM,SnipeL,Stop loss,($285.00),$2565.24,$0.00,$285.00,$20.00,$305.00,2,
90,NQ JUN26,SimV3C-NQ-2A,,Long,1,27232.50,27216.25,4/29/2026 2:38:31 PM,4/29/2026 2:38:43 PM,SnipeL,Stop loss,($325.00),$2240.24,$0.00,$350.00,$5.00,$330.00,2,
91,NQ JUN26,SimV3C-NQ-2B,,Long,1,27227.25,27214.00,4/29/2026 2:39:16 PM,4/29/2026 2:39:35 PM,SnipeL,Stop loss,($265.00),$1975.24,$0.00,$265.00,$15.00,$280.00,2,
92,NQ JUN26,SimV3C-NQ-2B,,Long,1,27221.75,27208.75,4/29/2026 2:40:43 PM,4/29/2026 2:41:48 PM,SnipeL,Stop loss,($260.00),$1715.24,$0.00,$265.00,$20.00,$280.00,2,
93,NQ JUN26,SimV3C-NQ-2A,,Long,1,27221.00,27205.00,4/29/2026 2:40:43 PM,4/29/2026 2:42:46 PM,SnipeL,Stop loss,($320.00),$1395.24,$0.00,$320.00,$35.00,$355.00,2,
94,NQ JUN26,SimV3C-NQ-2B,,Long,1,27219.75,27206.75,4/29/2026 2:43:02 PM,4/29/2026 2:44:06 PM,SnipeL,Stop loss,($260.00),$1135.24,$0.00,$290.00,$25.00,$285.00,1,
95,NQ JUN26,SimV3C-NQ-2B,,Long,1,27186.75,27196.50,4/29/2026 2:45:29 PM,4/29/2026 2:45:40 PM,SnipeL,Profit target,$195.00,$1330.24,$0.00,$25.00,$200.00,$5.00,3,
96,NQ JUN26,SimV3C-NQ-2A,,Long,1,27192.75,27205.00,4/29/2026 2:45:33 PM,4/29/2026 2:46:01 PM,SnipeL,Profit target,$245.00,$1575.24,$0.00,$50.00,$250.00,$5.00,3,
97,NQ JUN26,SimV3C-NQ-2B,,Long,1,27199.50,27210.00,4/29/2026 2:46:36 PM,4/29/2026 2:47:18 PM,SnipeL,Profit target,$210.00,$1785.24,$0.00,$80.00,$220.00,$10.00,3,
98,NQ JUN26,SimV3C-NQ-2A,,Long,1,27202.75,27214.50,4/29/2026 2:46:52 PM,4/29/2026 2:47:18 PM,SnipeL,Profit target,$235.00,$2020.24,$0.00,$40.00,$255.00,$20.00,3,
99,NQ JUN26,SimV3C-NQ-2B,,Long,1,27277.00,27286.25,4/29/2026 3:06:40 PM,4/29/2026 3:08:46 PM,SnipeL,Profit target,$185.00,$2205.24,$0.00,$105.00,$185.00,$0.00,2,
100,NQ JUN26,SimV3C-NQ-2A,,Long,1,27282.00,27293.75,4/29/2026 3:07:37 PM,4/29/2026 3:08:46 PM,SnipeL,Profit target,$235.00,$2440.24,$0.00,$125.00,$310.00,$75.00,3,
101,NQ JUN26,SimV3C-NQ-2B,,Long,1,27293.50,27303.00,4/29/2026 3:10:59 PM,4/29/2026 3:11:09 PM,SnipeL,Profit target,$190.00,$2630.24,$0.00,$60.00,$190.00,$0.00,3,
102,NQ JUN26,SimV3C-NQ-2A,,Long,1,27293.50,27305.25,4/29/2026 3:10:59 PM,4/29/2026 3:11:09 PM,SnipeL,Profit target,$235.00,$2865.24,$0.00,$60.00,$260.00,$25.00,3,
103,NQ JUN26,SimV3C-NQ-2B,,Long,1,27315.00,27302.00,4/29/2026 3:22:10 PM,4/29/2026 3:23:20 PM,SnipeL,Stop loss,($260.00),$2605.24,$0.00,$260.00,$55.00,$315.00,2,
104,NQ JUN26,SimV3C-NQ-2A,,Long,1,27316.00,27300.50,4/29/2026 3:22:12 PM,4/29/2026 3:23:20 PM,SnipeL,Stop loss,($310.00),$2295.24,$0.00,$355.00,$10.00,$320.00,2,
105,NQ JUN26,SimV3C-NQ-2B,,Long,1,27309.75,27319.75,4/29/2026 3:24:05 PM,4/29/2026 3:24:32 PM,SnipeL,Profit target,$200.00,$2495.24,$0.00,$5.00,$215.00,$15.00,3,
106,NQ JUN26,SimV3C-NQ-2A,,Long,1,27317.00,27329.00,4/29/2026 3:24:26 PM,4/29/2026 3:28:07 PM,SnipeL,Profit target,$240.00,$2735.24,$0.00,$95.00,$245.00,$5.00,3,
107,NQ JUN26,SimV3C-NQ-2B,,Long,1,27283.50,27293.25,4/29/2026 3:36:24 PM,4/29/2026 3:37:42 PM,SnipeL,Profit target,$195.00,$2930.24,$0.00,$65.00,$195.00,$0.00,3,
108,NQ JUN26,SimV3C-NQ-2A,,Long,1,27292.75,27276.75,4/29/2026 3:37:41 PM,4/29/2026 3:41:22 PM,SnipeL,Stop loss,($320.00),$2610.24,$0.00,$320.00,$120.00,$440.00,3,
109,NQ JUN26,SimV3C-NQ-2B,,Long,1,27286.75,27273.25,4/29/2026 3:45:07 PM,4/29/2026 3:50:00 PM,SnipeL,Stop loss,($270.00),$2340.24,$0.00,$430.00,$20.00,$290.00,2,
110,NQ JUN26,SimV3C-NQ-2B,,Long,1,27278.75,27265.50,4/29/2026 3:50:05 PM,4/29/2026 3:50:37 PM,SnipeL,Stop loss,($265.00),$2075.24,$0.00,$265.00,$10.00,$275.00,2,
111,NQ JUN26,SimV3C-NQ-2B,,Long,1,27275.00,27262.25,4/29/2026 3:51:03 PM,4/29/2026 3:51:54 PM,SnipeL,Stop loss,($255.00),$1820.24,$0.00,$255.00,$40.00,$295.00,2,
112,NQ JUN26,SimV3C-NQ-2B,,Long,1,27275.50,27285.50,4/29/2026 3:52:23 PM,4/29/2026 3:53:05 PM,SnipeL,Profit target,$200.00,$2020.24,$0.00,$75.00,$210.00,$10.00,3,
113,NQ JUN26,SimV3C-NQ-2A,,Long,1,27281.25,27293.25,4/29/2026 3:53:00 PM,4/29/2026 3:53:11 PM,SnipeL,Profit target,$240.00,$2260.24,$0.00,$25.00,$250.00,$10.00,3,
114,NQ JUN26,SimV3C-NQ-2A,,Long,1,27306.75,27318.75,4/29/2026 3:59:13 PM,4/29/2026 3:59:36 PM,SnipeL,Profit target,$240.00,$2500.24,$0.00,$50.00,$240.00,$0.00,3,
115,NQ JUN26,SimV3D-NQ-3B,1 NQ,Short,1,27318.25,27329.25,4/30/2026 9:43:42 AM,4/30/2026 9:43:44 AM,Entry,Stop1,($220.00),$2280.24,$0.00,$240.00,$10.00,$230.00,0,
116,NQ JUN26,SimV3D-NQ-3B,1 NQ,Long,1,27326.00,27343.25,4/30/2026 9:44:17 AM,4/30/2026 9:44:37 AM,Entry,Target1,$345.00,$2625.24,$0.00,$80.00,$365.00,$20.00,0,
117,NQ JUN26,SimV3D-NQ-3B,1 NQ,Short,1,27343.25,27337.00,4/30/2026 9:44:47 AM,4/30/2026 9:45:02 AM,Entry,Target1,$125.00,$2750.24,$0.00,$160.00,$135.00,$10.00,0,
118,NQ JUN26,SimV3D-NQ-3B,1 NQ,Short,1,27342.75,27353.75,4/30/2026 9:45:17 AM,4/30/2026 9:45:50 AM,Entry,Stop1,($220.00),$2530.24,$0.00,$220.00,$55.00,$275.00,0,
119,NQ JUN26,SimV3D-NQ-3B,1 NQ,Short,1,27313.25,27299.25,4/30/2026 9:46:54 AM,4/30/2026 9:47:31 AM,Entry,Target1,$280.00,$2810.24,$0.00,$65.00,$295.00,$15.00,0,
120,NQ JUN26,SimV3D-NQ-3B,1 NQ,Short,1,27313.50,27312.75,4/30/2026 9:47:55 AM,4/30/2026 9:49:20 AM,Entry,Close,$15.00,$2825.24,$0.00,$355.00,$210.00,$195.00,0,
121,NQ JUN26,SimADX1,,Long,1,27365.00,27405.00,4/30/2026 10:57:05 AM,4/30/2026 11:10:00 AM,LE,SlopeX,$800.00,$3625.24,$0.00,$170.00,$820.00,$20.00,4,
122,NQ JUN26,SimPine2,,Short,1,27401.50,27399.75,4/30/2026 11:10:03 AM,4/30/2026 11:10:03 AM,KPF_Short1,Profit target,$35.00,$3660.24,$0.00,$5.00,$65.00,$30.00,1,
123,NQ JUN26,SimPine2,,Short,1,27401.50,27399.75,4/30/2026 11:10:03 AM,4/30/2026 11:10:03 AM,KPF_Short1,Profit target,$35.00,$3695.24,$0.00,$5.00,$65.00,$30.00,1,
124,NQ JUN26,SimPine2,,Short,1,27401.25,27399.75,4/30/2026 11:10:03 AM,4/30/2026 11:10:03 AM,KPF_Short1,Profit target,$30.00,$3725.24,$0.00,$10.00,$60.00,$30.00,2,
125,NQ JUN26,SimPine2,,Short,1,27401.25,27399.75,4/30/2026 11:10:03 AM,4/30/2026 11:10:03 AM,KPF_Short1,Profit target,$30.00,$3755.24,$0.00,$10.00,$60.00,$30.00,2,
126,NQ JUN26,SimPine2,,Short,1,27401.25,27399.75,4/30/2026 11:10:03 AM,4/30/2026 11:10:03 AM,KPF_Short1,Profit target,$30.00,$3785.24,$0.00,$10.00,$60.00,$30.00,2,
127,NQ JUN26,SimPine2,,Short,1,27401.25,27399.75,4/30/2026 11:10:03 AM,4/30/2026 11:10:03 AM,KPF_Short1,Profit target,$30.00,$3815.24,$0.00,$10.00,$60.00,$30.00,2,
128,NQ JUN26,SimPine2,,Short,1,27401.25,27399.75,4/30/2026 11:10:03 AM,4/30/2026 11:10:03 AM,KPF_Short1,Profit target,$30.00,$3845.24,$0.00,$10.00,$60.00,$30.00,2,
129,NQ JUN26,SimPine2,,Short,1,27401.25,27399.75,4/30/2026 11:10:03 AM,4/30/2026 11:10:03 AM,KPF_Short1,Profit target,$30.00,$3875.24,$0.00,$10.00,$60.00,$30.00,2,
130,NQ JUN26,SimPine2,,Short,1,27401.25,27399.75,4/30/2026 11:10:03 AM,4/30/2026 11:10:03 AM,KPF_Short1,Profit target,$30.00,$3905.24,$0.00,$10.00,$60.00,$30.00,2,
131,NQ JUN26,SimPine2,,Short,1,27401.25,27399.75,4/30/2026 11:10:03 AM,4/30/2026 11:10:03 AM,KPF_Short1,Profit target,$30.00,$3935.24,$0.00,$10.00,$60.00,$30.00,2,
132,NQ JUN26,SimPine2,,Short,1,27401.25,27399.75,4/30/2026 11:10:03 AM,4/30/2026 11:10:03 AM,KPF_Short1,Profit target,$30.00,$3965.24,$0.00,$10.00,$60.00,$30.00,2,
133,NQ JUN26,SimPine2,,Short,1,27401.25,27399.75,4/30/2026 11:10:03 AM,4/30/2026 11:10:04 AM,KPF_Short1,Profit target,$30.00,$3995.24,$0.00,$10.00,$60.00,$30.00,2,
134,NQ JUN26,SimPine2,,Short,1,27401.25,27399.75,4/30/2026 11:10:03 AM,4/30/2026 11:10:04 AM,KPF_Short1,Profit target,$30.00,$4025.24,$0.00,$10.00,$60.00,$30.00,2,
135,NQ JUN26,SimPine2,,Short,1,27401.25,27399.75,4/30/2026 11:10:03 AM,4/30/2026 11:10:04 AM,KPF_Short1,Profit target,$30.00,$4055.24,$0.00,$10.00,$60.00,$30.00,2,
136,NQ JUN26,SimPine2,,Short,1,27401.25,27399.75,4/30/2026 11:10:03 AM,4/30/2026 11:10:04 AM,KPF_Short1,Profit target,$30.00,$4085.24,$0.00,$10.00,$60.00,$30.00,2,
137,NQ JUN26,SimPine2,,Short,1,27401.25,27399.75,4/30/2026 11:10:03 AM,4/30/2026 11:10:04 AM,KPF_Short1,Profit target,$30.00,$4115.24,$0.00,$10.00,$60.00,$30.00,2,
138,NQ JUN26,SimPine2,,Short,1,27401.25,27399.75,4/30/2026 11:10:03 AM,4/30/2026 11:10:04 AM,KPF_Short1,Profit target,$30.00,$4145.24,$0.00,$10.00,$60.00,$30.00,2,
139,NQ JUN26,SimPine2,,Short,1,27401.25,27399.75,4/30/2026 11:10:03 AM,4/30/2026 11:10:04 AM,KPF_Short1,Profit target,$30.00,$4175.24,$0.00,$10.00,$60.00,$30.00,2,
140,NQ JUN26,SimPine2,,Short,1,27401.00,27398.25,4/30/2026 11:10:03 AM,4/30/2026 11:10:04 AM,KPF_Short2,Profit target,$55.00,$4230.24,$0.00,$15.00,$55.00,$0.00,5,
141,NQ JUN26,SimPine2,,Short,5,27400.75,27398.25,4/30/2026 11:10:03 AM,4/30/2026 11:10:04 AM,KPF_Short2,Profit target,$250.00,$4480.24,$0.00,$100.00,$250.00,$0.00,5,
142,NQ JUN26,SimPine2,,Short,1,27400.75,27398.25,4/30/2026 11:10:03 AM,4/30/2026 11:10:04 AM,KPF_Short2,Profit target,$50.00,$4530.24,$0.00,$20.00,$50.00,$0.00,5,
143,NQ JUN26,SimPine2,,Short,1,27400.75,27398.25,4/30/2026 11:10:03 AM,4/30/2026 11:10:04 AM,KPF_Short2,Profit target,$50.00,$4580.24,$0.00,$20.00,$50.00,$0.00,5,
144,NQ JUN26,SimPine2,,Short,1,27400.75,27398.25,4/30/2026 11:10:03 AM,4/30/2026 11:10:04 AM,KPF_Short2,Profit target,$50.00,$4630.24,$0.00,$20.00,$50.00,$0.00,5,
145,NQ JUN26,SimPine2,,Short,7,27400.75,27398.25,4/30/2026 11:10:03 AM,4/30/2026 11:10:04 AM,KPF_Short2,Profit target,$350.00,$4980.24,$0.00,$140.00,$350.00,$0.00,5,
146,NQ JUN26,SimPine2,,Short,1,27400.75,27398.25,4/30/2026 11:10:03 AM,4/30/2026 11:10:04 AM,KPF_Short2,Profit target,$50.00,$5030.24,$0.00,$20.00,$50.00,$0.00,5,
147,NQ JUN26,SimPine2,,Short,1,27400.75,27398.25,4/30/2026 11:10:03 AM,4/30/2026 11:10:07 AM,KPF_Short2,Profit target,$50.00,$5080.24,$0.00,$20.00,$50.00,$0.00,6,
148,NQ JUN26,SimPine2,,Short,1,27400.75,27398.25,4/30/2026 11:10:03 AM,4/30/2026 11:10:07 AM,KPF_Short2,Profit target,$50.00,$5130.24,$0.00,$20.00,$50.00,$0.00,7,
149,NQ JUN26,SimPine2,,Long,2,27399.75,27399.00,4/30/2026 11:10:08 AM,4/30/2026 11:10:08 AM,KPF_Long1,EnvelopeBreakExit,($30.00),$5100.24,$0.00,$30.00,$0.00,$30.00,1,
150,NQ JUN26,SimPine2,,Long,13,27400.00,27398.75,4/30/2026 11:10:08 AM,4/30/2026 11:10:08 AM,KPF_Long1,EnvelopeBreakExit,($325.00),$4775.24,$0.00,$325.00,$65.00,$390.00,1,
151,NQ JUN26,SimPine2,,Long,5,27400.00,27398.75,4/30/2026 11:10:08 AM,4/30/2026 11:10:08 AM,KPF_Long2,EnvelopeBreakExit,($125.00),$4650.24,$0.00,$125.00,$50.00,$175.00,1,
152,NQ JUN26,SimPine2,,Long,10,27400.25,27398.75,4/30/2026 11:10:08 AM,4/30/2026 11:10:08 AM,KPF_Long2,EnvelopeBreakExit,($300.00),$4350.24,$0.00,$300.00,$150.00,$450.00,1,
153,NQ JUN26,SimV3C-NQ-5A,,Short,1,27568.25,27588.50,4/30/2026 4:01:44 PM,4/30/2026 4:02:01 PM,SE,Stop loss,($405.00),$3945.24,$0.00,$505.00,$40.00,$445.00,1,
154,NQ JUN26,SimV3C-NQ-5A,,Short,1,27589.25,27578.50,4/30/2026 4:02:01 PM,4/30/2026 4:04:45 PM,SE,Profit target,$215.00,$4160.24,$0.00,$160.00,$230.00,$15.00,1,
155,NQ JUN26,SimV3C-NQ-5A,,Short,1,27578.25,27602.75,4/30/2026 4:04:45 PM,4/30/2026 4:05:38 PM,SE,Stop loss,($490.00),$3670.24,$0.00,$495.00,$30.00,$520.00,2,
156,NQ JUN26,SimV3C-NQ-5A,,Long,1,27602.25,27578.50,4/30/2026 4:05:38 PM,4/30/2026 4:06:28 PM,LE,Stop loss,($475.00),$3195.24,$0.00,$495.00,$0.00,$475.00,1,
157,NQ JUN26,SimV3C-NQ-5A,,Long,1,27578.25,27590.00,4/30/2026 4:06:28 PM,4/30/2026 4:10:09 PM,LE,Profit target,$235.00,$3430.24,$0.00,$265.00,$235.00,$0.00,2,
158,NQ JUN26,SimV1A Kalman Fader 3,,Short,1,27811.00,27811.25,5/1/2026 10:35:00 AM,5/1/2026 10:35:01 AM,KPF_Short1,Stop loss,($5.00),$3425.24,$0.00,$55.00,$20.00,$25.00,1,
159,NQ JUN26,SimV1A Kalman Fader 3,,Short,1,27811.00,27812.25,5/1/2026 10:35:01 AM,5/1/2026 10:35:01 AM,KPF_Short2,Stop loss,($25.00),$3400.24,$0.00,$55.00,$15.00,$40.00,1,
160,NQ JUN26,SimV1A- Kalman Fader 1,,Short,1,27811.00,27812.25,5/1/2026 10:35:01 AM,5/1/2026 10:35:01 AM,KPF_Short1,EnvelopeBreakExit,($25.00),$3375.24,$0.00,$55.00,$5.00,$30.00,1,
161,NQ JUN26,SimV1A- Kalman Fader 1,,Short,1,27811.00,27812.25,5/1/2026 10:35:01 AM,5/1/2026 10:35:01 AM,KPF_Short2,EnvelopeBreakExit,($25.00),$3350.24,$0.00,$55.00,$10.00,$35.00,1,
162,NQ JUN26,SimV1A - Kalman Fader 2,,Short,1,27811.00,27812.25,5/1/2026 10:35:01 AM,5/1/2026 10:35:01 AM,KPF_Short1,EnvelopeBreakExit,($25.00),$3325.24,$0.00,$55.00,$20.00,$45.00,1,
163,NQ JUN26,SimV1A - Kalman Fader 2,,Short,1,27811.00,27812.25,5/1/2026 10:35:01 AM,5/1/2026 10:35:01 AM,KPF_Short2,EnvelopeBreakExit,($25.00),$3300.24,$0.00,$55.00,$25.00,$50.00,1,
164,NQ JUN26,SimV1A- Kalman Fader 1,,Short,1,27812.00,27814.75,5/1/2026 10:35:02 AM,5/1/2026 10:35:02 AM,KPF_Short1,EnvelopeBreakExit,($55.00),$3245.24,$0.00,$60.00,$0.00,$55.00,1,
165,NQ JUN26,SimV1A- Kalman Fader 1,,Short,1,27812.00,27815.00,5/1/2026 10:35:02 AM,5/1/2026 10:35:02 AM,KPF_Short2,EnvelopeBreakExit,($60.00),$3185.24,$0.00,$60.00,$0.00,$60.00,1,
166,NQ JUN26,SimV1A - Kalman Fader 2,,Short,1,27812.00,27814.75,5/1/2026 10:35:02 AM,5/1/2026 10:35:02 AM,KPF_Short1,EnvelopeBreakExit,($55.00),$3130.24,$0.00,$60.00,$25.00,$80.00,1,
167,NQ JUN26,SimV1A - Kalman Fader 2,,Short,1,27812.00,27814.75,5/1/2026 10:35:02 AM,5/1/2026 10:35:02 AM,KPF_Short2,EnvelopeBreakExit,($55.00),$3075.24,$0.00,$60.00,$25.00,$80.00,1,
168,NQ JUN26,SimV3D-NQ-5B,,Short,1,27752.00,27786.75,5/1/2026 10:37:53 AM,5/1/2026 10:38:52 AM,AdxDiS,Stop loss,($695.00),$2380.24,$0.00,$695.00,$20.00,$715.00,1,
169,NQ JUN26,SimV3D-NQ-5B,,Short,1,27786.25,27793.25,5/1/2026 10:38:52 AM,5/1/2026 10:39:20 AM,AdxDiS,Stop loss,($140.00),$2240.24,$0.00,$145.00,$155.00,$295.00,2,
170,NQ JUN26,SimMomo1,,Short,1,27781.50,27800.75,5/1/2026 11:01:27 AM,5/1/2026 11:10:00 AM,SE,SlopeX,($389.36),$1850.88,$4.36,$520.00,$250.00,$639.36,3,
171,NQ JUN26,SimV3C-NQ-5A,,Short,1,27782.00,27818.75,5/1/2026 11:01:27 AM,5/1/2026 11:12:14 AM,SE,Stop loss,($735.00),$1115.88,$0.00,$735.00,$260.00,$995.00,3,
172,NQ JUN26,SimADX1,,Short,1,27782.00,27833.50,5/1/2026 11:01:27 AM,5/1/2026 11:14:10 AM,SE,Stop loss,($1030.00),$85.88,$0.00,$1030.00,$260.00,$1290.00,3,
173,NQ JUN26,SimV3C-NQ-5A,,Long,1,27820.00,27837.25,5/1/2026 11:12:15 AM,5/1/2026 11:14:50 AM,LE,Profit target,$345.00,$430.88,$0.00,$120.00,$360.00,$15.00,1,
174,NQ JUN26,SimMomo1,,Long,1,27820.00,27851.25,5/1/2026 11:12:15 AM,5/1/2026 11:20:00 AM,LE,SlopeX,$620.64,$1051.52,$4.36,$120.00,$650.00,$29.36,3,
175,NQ JUN26,SimV3C-NQ-5A,,Long,1,27836.25,27854.50,5/1/2026 11:14:50 AM,5/1/2026 11:20:01 AM,LE,Profit target,$365.00,$1416.52,$0.00,$160.00,$375.00,$10.00,3,
176,NQ JUN26,SimADX1,,Long,1,27834.75,27862.25,5/1/2026 11:14:11 AM,5/1/2026 11:25:00 AM,LE,SlopeX,$550.00,$1966.52,$0.00,$215.00,$710.00,$160.00,4,
177,NQ JUN26,SimMomo1,,Short,1,27867.75,27842.75,5/1/2026 12:07:43 PM,5/1/2026 12:15:00 PM,SE,SlopeX,$495.64,$2462.16,$4.36,$55.00,$535.00,$39.36,3,
178,NQ JUN26,SimV3C-NQ-4A,,Long,1,27854.50,27815.25,5/4/2026 9:30:00 AM,5/4/2026 9:31:23 AM,LE,Stop loss,($785.00),$1677.16,$0.00,$790.00,$400.00,$1185.00,1,
179,NQ JUN26,SimV3C-NQ-4A,,Long,1,27816.00,27833.50,5/4/2026 9:31:23 AM,5/4/2026 9:40:00 AM,LE,SlopeX,$350.00,$2027.16,$0.00,$155.00,$775.00,$425.00,3,
180,NQ JUN26,SimMomo1,,Long,1,27884.50,27864.25,5/4/2026 10:07:52 AM,5/4/2026 10:08:18 AM,LE,Stop loss,($409.36),$1617.80,$4.36,$450.00,$140.00,$549.36,2,
181,NQ JUN26,SimMomo1,,Short,1,27862.00,27850.50,5/4/2026 10:08:19 AM,5/4/2026 10:08:19 AM,SE,Profit target,$225.64,$1843.44,$4.36,$0.00,$310.00,$84.36,1,
182,NQ JUN26,SimMomo1,,Short,1,27854.75,27870.00,5/4/2026 10:08:19 AM,5/4/2026 10:10:39 AM,SE,SlopeX,($309.36),$1534.08,$4.36,$380.00,$215.00,$524.36,3,
183,NQ JUN26,SimMomo1,,Long,1,27893.75,27909.50,5/4/2026 10:11:54 AM,5/4/2026 10:12:42 AM,LE,Profit target,$310.64,$1844.72,$4.36,$80.00,$345.00,$34.36,2,
184,NQ JUN26,SimV3C-NQ-2B,,Long,1,27902.75,27893.75,5/4/2026 10:25:30 AM,5/4/2026 10:26:47 AM,SnipeL,Stop loss,($180.00),$1664.72,$0.00,$200.00,$40.00,$220.00,1,
185,NQ JUN26,SimV3C-NQ-2C,,Long,1,27904.50,27890.00,5/4/2026 10:25:37 AM,5/4/2026 10:28:45 AM,SnipeL,Stop loss,($290.00),$1374.72,$0.00,$290.00,$70.00,$360.00,1,
186,NQ JUN26,SimV3C-NQ-2A,,Long,1,27904.50,27888.00,5/4/2026 10:25:37 AM,5/4/2026 10:28:50 AM,SnipeL,Stop loss,($330.00),$1044.72,$0.00,$330.00,$70.00,$400.00,2,
187,NQ JUN26,SimV3C-NQ-2B,,Long,1,27886.50,27896.00,5/4/2026 10:31:06 AM,5/4/2026 10:32:42 AM,SnipeL,Profit target,$190.00,$1234.72,$0.00,$110.00,$195.00,$5.00,3,
188,NQ JUN26,SimV3C-NQ-2C,,Long,1,27883.25,27899.00,5/4/2026 10:30:21 AM,5/4/2026 10:32:45 AM,SnipeL,Profit target,$315.00,$1549.72,$0.00,$130.00,$315.00,$0.00,3,
189,NQ JUN26,SimV3C-NQ-2A,,Long,1,27883.25,27899.00,5/4/2026 10:30:21 AM,5/4/2026 10:32:45 AM,SnipeL,Profit target,$315.00,$1864.72,$0.00,$130.00,$315.00,$0.00,3,
190,NQ JUN26,SimV1A Kalman Fader 3,,Long,1,27889.50,27889.25,5/4/2026 10:35:01 AM,5/4/2026 10:35:01 AM,KPF_Long1,EnvelopeBreakExit,($5.00),$1859.72,$0.00,$5.00,$5.00,$10.00,1,
191,NQ JUN26,SimV1A Kalman Fader 3,,Long,1,27889.50,27889.00,5/4/2026 10:35:01 AM,5/4/2026 10:35:01 AM,KPF_Long2,EnvelopeBreakExit,($10.00),$1849.72,$0.00,$10.00,$5.00,$15.00,1,
192,NQ JUN26,SimV1A- Kalman Fader 1,,Long,2,27889.50,27888.75,5/4/2026 10:35:01 AM,5/4/2026 10:35:01 AM,KPF_Long1,EnvelopeBreakExit,($30.00),$1819.72,$0.00,$30.00,$10.00,$40.00,1,
193,NQ JUN26,SimV1A- Kalman Fader 1,,Long,8,27889.75,27888.50,5/4/2026 10:35:01 AM,5/4/2026 10:35:01 AM,KPF_Long1,EnvelopeBreakExit,($200.00),$1619.72,$0.00,$200.00,$0.00,$200.00,1,
194,NQ JUN26,SimV1A- Kalman Fader 1,,Long,4,27889.50,27888.50,5/4/2026 10:35:01 AM,5/4/2026 10:35:01 AM,KPF_Long2,EnvelopeBreakExit,($80.00),$1539.72,$0.00,$80.00,$20.00,$100.00,1,
195,NQ JUN26,SimV1A- Kalman Fader 1,,Long,7,27889.75,27888.50,5/4/2026 10:35:01 AM,5/4/2026 10:35:01 AM,KPF_Long2,EnvelopeBreakExit,($175.00),$1364.72,$0.00,$175.00,$0.00,$175.00,1,
196,NQ JUN26,SimV1A - Kalman Fader 2,,Long,1,27889.50,27888.75,5/4/2026 10:35:01 AM,5/4/2026 10:35:01 AM,KPF_Long1,EnvelopeBreakExit,($15.00),$1349.72,$0.00,$15.00,$5.00,$20.00,1,
197,NQ JUN26,SimV1A - Kalman Fader 2,,Long,1,27889.50,27888.50,5/4/2026 10:35:01 AM,5/4/2026 10:35:01 AM,KPF_Long2,EnvelopeBreakExit,($20.00),$1329.72,$0.00,$20.00,$5.00,$25.00,1,
198,NQ JUN26,SimV1A- Kalman Fader 1,,Short,1,27894.75,27896.50,5/4/2026 10:35:13 AM,5/4/2026 10:35:14 AM,KPF_Short1,EnvelopeBreakExit,($35.00),$1294.72,$0.00,$35.00,$25.00,$60.00,1,
199,NQ JUN26,SimV1A- Kalman Fader 1,,Short,2,27894.50,27896.50,5/4/2026 10:35:13 AM,5/4/2026 10:35:14 AM,KPF_Short1,EnvelopeBreakExit,($80.00),$1214.72,$0.00,$90.00,$60.00,$140.00,1,
200,NQ JUN26,SimV1A- Kalman Fader 1,,Short,14,27894.50,27896.75,5/4/2026 10:35:13 AM,5/4/2026 10:35:14 AM,KPF_Short1,EnvelopeBreakExit,($630.00),$584.72,$0.00,$630.00,$420.00,$1050.00,1,
201,NQ JUN26,SimV1A- Kalman Fader 1,,Short,3,27895.00,27896.75,5/4/2026 10:35:13 AM,5/4/2026 10:35:14 AM,KPF_Short2,EnvelopeBreakExit,($105.00),$479.72,$0.00,$105.00,$60.00,$165.00,1,
202,NQ JUN26,SimV1A- Kalman Fader 1,,Short,14,27894.75,27896.75,5/4/2026 10:35:14 AM,5/4/2026 10:35:14 AM,KPF_Short2,EnvelopeBreakExit,($560.00),($80.28),$0.00,$560.00,$350.00,$910.00,1,
203,NQ JUN26,SimV1A- Kalman Fader 1,,Short,1,27895.00,27892.75,5/4/2026 10:35:18 AM,5/4/2026 10:35:23 AM,KPF_Short1,Profit target,$45.00,($35.28),$0.00,$10.00,$60.00,$15.00,1,
204,NQ JUN26,SimV1A- Kalman Fader 1,,Short,1,27894.75,27892.75,5/4/2026 10:35:18 AM,5/4/2026 10:35:23 AM,KPF_Short1,Profit target,$40.00,$4.72,$0.00,$15.00,$55.00,$15.00,1,
205,NQ JUN26,SimV1A- Kalman Fader 1,,Short,2,27894.75,27892.75,5/4/2026 10:35:18 AM,5/4/2026 10:35:23 AM,KPF_Short1,Profit target,$80.00,$84.72,$0.00,$30.00,$110.00,$30.00,1,
206,NQ JUN26,SimV1A- Kalman Fader 1,,Short,3,27894.75,27892.50,5/4/2026 10:35:18 AM,5/4/2026 10:35:23 AM,KPF_Short1,Profit target,$135.00,$219.72,$0.00,$45.00,$165.00,$30.00,1,
207,NQ JUN26,SimV1A- Kalman Fader 1,,Short,1,27894.75,27892.50,5/4/2026 10:35:18 AM,5/4/2026 10:35:23 AM,KPF_Short1,Profit target,$45.00,$264.72,$0.00,$15.00,$55.00,$10.00,2,
208,NQ JUN26,SimV1A- Kalman Fader 1,,Short,1,27894.75,27892.50,5/4/2026 10:35:18 AM,5/4/2026 10:35:23 AM,KPF_Short1,Profit target,$45.00,$309.72,$0.00,$15.00,$55.00,$10.00,2,
209,NQ JUN26,SimV1A- Kalman Fader 1,,Short,2,27894.75,27892.50,5/4/2026 10:35:18 AM,5/4/2026 10:35:23 AM,KPF_Short1,Profit target,$90.00,$399.72,$0.00,$30.00,$110.00,$20.00,2,
210,NQ JUN26,SimV1A- Kalman Fader 1,,Short,1,27894.75,27892.50,5/4/2026 10:35:18 AM,5/4/2026 10:35:23 AM,KPF_Short1,Profit target,$45.00,$444.72,$0.00,$15.00,$55.00,$10.00,2,
211,NQ JUN26,SimV1A- Kalman Fader 1,,Short,2,27894.75,27892.50,5/4/2026 10:35:18 AM,5/4/2026 10:35:23 AM,KPF_Short1,Profit target,$90.00,$534.72,$0.00,$30.00,$110.00,$20.00,2,
212,NQ JUN26,SimV1A- Kalman Fader 1,,Short,2,27894.75,27893.50,5/4/2026 10:35:18 AM,5/4/2026 10:35:24 AM,KPF_Short2,Stop loss,$50.00,$584.72,$0.00,$30.00,$110.00,$60.00,2,
213,NQ JUN26,SimV1A- Kalman Fader 1,,Short,3,27894.50,27893.50,5/4/2026 10:35:18 AM,5/4/2026 10:35:24 AM,KPF_Short2,Stop loss,$60.00,$644.72,$0.00,$60.00,$150.00,$90.00,2,
214,NQ JUN26,SimV1A- Kalman Fader 1,,Short,9,27894.50,27893.75,5/4/2026 10:35:18 AM,5/4/2026 10:35:24 AM,KPF_Short2,Stop loss,$135.00,$779.72,$0.00,$180.00,$450.00,$315.00,2,
215,NQ JUN26,SimV1A- Kalman Fader 1,,Short,2,27894.75,27892.50,5/4/2026 10:35:29 AM,5/4/2026 10:35:35 AM,KPF_Short1,Profit target,$90.00,$869.72,$0.00,$20.00,$190.00,$100.00,2,
216,NQ JUN26,SimV1A- Kalman Fader 1,,Short,2,27894.50,27892.50,5/4/2026 10:35:29 AM,5/4/2026 10:35:35 AM,KPF_Short1,Profit target,$80.00,$949.72,$0.00,$30.00,$180.00,$100.00,2,
217,NQ JUN26,SimV1A- Kalman Fader 1,,Short,3,27894.50,27892.50,5/4/2026 10:35:29 AM,5/4/2026 10:35:35 AM,KPF_Short1,Profit target,$120.00,$1069.72,$0.00,$45.00,$270.00,$150.00,2,
218,NQ JUN26,SimV1A- Kalman Fader 1,,Short,2,27894.50,27892.50,5/4/2026 10:35:29 AM,5/4/2026 10:35:35 AM,KPF_Short1,Profit target,$80.00,$1149.72,$0.00,$30.00,$180.00,$100.00,2,
219,NQ JUN26,SimV1A- Kalman Fader 1,,Short,1,27894.50,27892.50,5/4/2026 10:35:29 AM,5/4/2026 10:35:35 AM,KPF_Short1,Profit target,$40.00,$1189.72,$0.00,$15.00,$90.00,$50.00,2,
220,NQ JUN26,SimV1A- Kalman Fader 1,,Short,1,27894.50,27892.50,5/4/2026 10:35:29 AM,5/4/2026 10:35:35 AM,KPF_Short1,Profit target,$40.00,$1229.72,$0.00,$15.00,$90.00,$50.00,2,
221,NQ JUN26,SimV1A- Kalman Fader 1,,Short,1,27894.50,27892.50,5/4/2026 10:35:29 AM,5/4/2026 10:35:36 AM,KPF_Short1,Profit target,$40.00,$1269.72,$0.00,$15.00,$90.00,$50.00,2,
222,NQ JUN26,SimV1A- Kalman Fader 1,,Short,1,27895.00,27890.00,5/4/2026 10:35:29 AM,5/4/2026 10:35:38 AM,KPF_Short2,Profit target,$100.00,$1369.72,$0.00,$5.00,$100.00,$0.00,3,
223,NQ JUN26,SimV1A- Kalman Fader 1,,Short,1,27895.00,27890.00,5/4/2026 10:35:29 AM,5/4/2026 10:35:38 AM,KPF_Short2,Profit target,$100.00,$1469.72,$0.00,$5.00,$100.00,$0.00,3,
224,NQ JUN26,SimV1A- Kalman Fader 1,,Short,1,27895.00,27890.25,5/4/2026 10:35:29 AM,5/4/2026 10:35:38 AM,KPF_Short2,Profit target,$95.00,$1564.72,$0.00,$5.00,$100.00,$5.00,3,
225,NQ JUN26,SimV1A- Kalman Fader 1,,Short,1,27894.75,27890.25,5/4/2026 10:35:29 AM,5/4/2026 10:35:38 AM,KPF_Short2,Profit target,$90.00,$1654.72,$0.00,$10.00,$100.00,$10.00,3,
226,NQ JUN26,SimV1A- Kalman Fader 1,,Short,2,27894.75,27890.25,5/4/2026 10:35:29 AM,5/4/2026 10:35:38 AM,KPF_Short2,Profit target,$180.00,$1834.72,$0.00,$20.00,$200.00,$20.00,3,
227,NQ JUN26,SimV1A- Kalman Fader 1,,Short,1,27894.75,27890.25,5/4/2026 10:35:29 AM,5/4/2026 10:35:38 AM,KPF_Short2,Profit target,$90.00,$1924.72,$0.00,$10.00,$100.00,$10.00,3,
228,NQ JUN26,SimV1A- Kalman Fader 1,,Short,1,27894.75,27890.00,5/4/2026 10:35:29 AM,5/4/2026 10:35:38 AM,KPF_Short2,Profit target,$95.00,$2019.72,$0.00,$10.00,$100.00,$5.00,3,
229,NQ JUN26,SimV1A- Kalman Fader 1,,Short,1,27894.75,27890.25,5/4/2026 10:35:29 AM,5/4/2026 10:35:38 AM,KPF_Short2,Profit target,$90.00,$2109.72,$0.00,$10.00,$100.00,$10.00,3,
230,NQ JUN26,SimV1A- Kalman Fader 1,,Short,1,27894.75,27890.25,5/4/2026 10:35:29 AM,5/4/2026 10:35:38 AM,KPF_Short2,Profit target,$90.00,$2199.72,$0.00,$10.00,$100.00,$10.00,3,
231,NQ JUN26,SimV1A- Kalman Fader 1,,Short,1,27894.75,27890.00,5/4/2026 10:35:29 AM,5/4/2026 10:35:38 AM,KPF_Short2,Profit target,$95.00,$2294.72,$0.00,$10.00,$100.00,$5.00,3,
232,NQ JUN26,SimV1A- Kalman Fader 1,,Short,1,27894.75,27889.75,5/4/2026 10:35:29 AM,5/4/2026 10:35:38 AM,KPF_Short2,Profit target,$100.00,$2394.72,$0.00,$10.00,$100.00,$0.00,3,
233,NQ JUN26,SimV1A- Kalman Fader 1,,Long,3,27889.25,27887.50,5/4/2026 10:35:42 AM,5/4/2026 10:35:43 AM,KPF_Long1,EnvelopeBreakExit,($105.00),$2289.72,$0.00,$105.00,$0.00,$105.00,1,
234,NQ JUN26,SimV1A- Kalman Fader 1,,Long,1,27889.50,27887.50,5/4/2026 10:35:42 AM,5/4/2026 10:35:43 AM,KPF_Long1,EnvelopeBreakExit,($40.00),$2249.72,$0.00,$45.00,$5.00,$45.00,1,
235,NQ JUN26,SimV1A- Kalman Fader 1,,Long,3,27889.50,27887.25,5/4/2026 10:35:42 AM,5/4/2026 10:35:43 AM,KPF_Long1,EnvelopeBreakExit,($135.00),$2114.72,$0.00,$135.00,$15.00,$150.00,1,
236,NQ JUN26,SimV1A- Kalman Fader 1,,Long,2,27889.25,27887.25,5/4/2026 10:35:42 AM,5/4/2026 10:35:43 AM,KPF_Long2,EnvelopeBreakExit,($80.00),$2034.72,$0.00,$80.00,$0.00,$80.00,1,
237,NQ JUN26,SimV1A- Kalman Fader 1,,Long,5,27889.50,27887.25,5/4/2026 10:35:42 AM,5/4/2026 10:35:43 AM,KPF_Long2,EnvelopeBreakExit,($225.00),$1809.72,$0.00,$225.00,$25.00,$250.00,1,
238,NQ JUN26,SimV1A- Kalman Fader 1,,Long,3,27887.50,27888.00,5/4/2026 10:35:46 AM,5/4/2026 10:35:57 AM,KPF_Long1,EnvelopeBreakExit,$30.00,$1839.72,$0.00,$0.00,$240.00,$210.00,4,
239,NQ JUN26,SimV1A- Kalman Fader 1,,Long,4,27887.75,27887.75,5/4/2026 10:35:46 AM,5/4/2026 10:35:57 AM,KPF_Long1,EnvelopeBreakExit,$0.00,$1839.72,$0.00,$0.00,$300.00,$300.00,4,
240,NQ JUN26,SimV1A- Kalman Fader 1,,Long,2,27888.50,27887.75,5/4/2026 10:35:46 AM,5/4/2026 10:35:57 AM,KPF_Long2,EnvelopeBreakExit,($30.00),$1809.72,$0.00,$30.00,$120.00,$150.00,4,
241,NQ JUN26,SimV1A- Kalman Fader 1,,Long,6,27888.75,27887.75,5/4/2026 10:35:46 AM,5/4/2026 10:35:57 AM,KPF_Long2,EnvelopeBreakExit,($120.00),$1689.72,$0.00,$120.00,$330.00,$450.00,4,
242,NQ JUN26,SimV1A- Kalman Fader 1,,Long,2,27888.25,27886.25,5/4/2026 10:36:07 AM,5/4/2026 10:36:15 AM,KPF_Long2,EnvelopeBreakExit,($80.00),$1609.72,$0.00,$80.00,$80.00,$160.00,3,
243,NQ JUN26,SimV1A- Kalman Fader 1,,Long,1,27888.50,27886.25,5/4/2026 10:36:07 AM,5/4/2026 10:36:15 AM,KPF_Long2,EnvelopeBreakExit,($45.00),$1564.72,$0.00,$50.00,$35.00,$80.00,3,
244,NQ JUN26,SimV1A- Kalman Fader 1,,Long,5,27888.50,27886.00,5/4/2026 10:36:07 AM,5/4/2026 10:36:15 AM,KPF_Long2,EnvelopeBreakExit,($250.00),$1314.72,$0.00,$250.00,$175.00,$425.00,3,
245,NQ JUN26,SimV1A- Kalman Fader 1,,Long,1,27888.25,27886.00,5/4/2026 10:36:07 AM,5/4/2026 10:36:15 AM,KPF_Long1,EnvelopeBreakExit,($45.00),$1269.72,$0.00,$45.00,$40.00,$85.00,3,
246,NQ JUN26,SimV1A- Kalman Fader 1,,Long,7,27888.50,27886.00,5/4/2026 10:36:07 AM,5/4/2026 10:36:15 AM,KPF_Long1,EnvelopeBreakExit,($350.00),$919.72,$0.00,$350.00,$245.00,$595.00,3,
247,NQ JUN26,SimV1A- Kalman Fader 1,,Long,1,27885.75,27885.00,5/4/2026 10:36:44 AM,5/4/2026 10:36:45 AM,KPF_Long1,EnvelopeBreakExit,($15.00),$904.72,$0.00,$15.00,$15.00,$30.00,1,
248,NQ JUN26,SimV1A- Kalman Fader 1,,Long,2,27886.00,27885.00,5/4/2026 10:36:44 AM,5/4/2026 10:36:45 AM,KPF_Long1,EnvelopeBreakExit,($40.00),$864.72,$0.00,$50.00,$40.00,$80.00,1,
249,NQ JUN26,SimV1A- Kalman Fader 1,,Long,4,27886.00,27884.75,5/4/2026 10:36:44 AM,5/4/2026 10:36:45 AM,KPF_Long1,EnvelopeBreakExit,($100.00),$764.72,$0.00,$100.00,$80.00,$180.00,1,
250,NQ JUN26,SimV1A- Kalman Fader 1,,Long,2,27885.00,27884.75,5/4/2026 10:36:44 AM,5/4/2026 10:36:45 AM,KPF_Long2,EnvelopeBreakExit,($10.00),$754.72,$0.00,$10.00,$0.00,$10.00,1,
251,NQ JUN26,SimV1A- Kalman Fader 1,,Long,6,27885.25,27884.75,5/4/2026 10:36:44 AM,5/4/2026 10:36:45 AM,KPF_Long2,EnvelopeBreakExit,($60.00),$694.72,$0.00,$60.00,$30.00,$90.00,1,
252,NQ JUN26,SimV3C-NQ-2B,,Long,1,27895.00,27904.50,5/4/2026 10:37:40 AM,5/4/2026 10:38:12 AM,SnipeL,Profit target,$190.00,$884.72,$0.00,$10.00,$195.00,$5.00,3,
253,NQ JUN26,SimV3C-NQ-2A,,Long,1,27898.00,27914.00,5/4/2026 10:37:44 AM,5/4/2026 10:39:24 AM,SnipeL,Profit target,$320.00,$1204.72,$0.00,$25.00,$325.00,$5.00,3,
254,NQ JUN26,SimV3C-NQ-2C,,Long,1,27899.50,27915.50,5/4/2026 10:37:44 AM,5/4/2026 10:40:51 AM,SnipeL,Profit target,$320.00,$1524.72,$0.00,$55.00,$370.00,$50.00,4,
255,NQ JUN26,SimMomo1,,Short,1,27921.25,27913.50,5/4/2026 10:56:31 AM,5/4/2026 10:56:31 AM,SE,Profit target,$150.64,$1675.36,$4.36,$15.00,$155.00,$4.36,1,
256,NQ JUN26,SimMomo1,,Short,1,27914.75,27905.75,5/4/2026 10:56:31 AM,5/4/2026 10:56:37 AM,SE,Profit target,$175.64,$1851.00,$4.36,$110.00,$180.00,$4.36,1,
257,NQ JUN26,SimMomo1,,Short,1,27907.00,27898.25,5/4/2026 10:56:37 AM,5/4/2026 10:57:06 AM,SE,Profit target,$170.64,$2021.64,$4.36,$180.00,$195.00,$24.36,2,
258,NQ JUN26,SimMomo2,,Short,1,27875.25,27886.50,5/4/2026 10:59:25 AM,5/4/2026 11:10:21 AM,SE,SlopeX,($225.00),$1796.64,$0.00,$780.00,$555.00,$780.00,4,
259,NQ JUN26,SimV3C-NQ-4A,,Short,1,27875.25,27847.25,5/4/2026 10:59:25 AM,5/4/2026 11:14:20 AM,SE,SlopeX,$560.00,$2356.64,$0.00,$780.00,$585.00,$25.00,4,
260,NQ JUN26,SimV3D-NQ-3A,,Long,1,27721.50,27689.00,5/4/2026 12:03:00 PM,5/4/2026 12:07:51 PM,FadeL1,Stop loss,($650.00),$1706.64,$0.00,$725.00,$70.00,$720.00,5,
261,NQ JUN26,SimV3D-NQ-3A,,Long,1,27721.75,27689.00,5/4/2026 12:03:00 PM,5/4/2026 12:07:51 PM,FadeL2,Stop loss,($655.00),$1051.64,$0.00,$730.00,$65.00,$720.00,5,
262,NQ JUN26,SimMomo1,,Long,1,27730.25,27727.25,5/4/2026 12:21:02 PM,5/4/2026 12:23:00 PM,LE,SlopeX,($64.36),$987.28,$4.36,$365.00,$150.00,$214.36,3,
263,NQ JUN26,SimMomo1,,Short,1,27710.50,27712.75,5/4/2026 12:27:40 PM,5/4/2026 12:29:00 PM,SE,SlopeX,($49.36),$937.92,$4.36,$135.00,$110.00,$159.36,3,
264,NQ JUN26,SimMomo1,,Long,1,27730.75,27713.25,5/4/2026 12:31:25 PM,5/4/2026 12:33:00 PM,LE,SlopeX,($354.36),$583.56,$4.36,$375.00,$10.00,$364.36,3,
265,NQ JUN26,SimV3C-NQ-4A,,Long,1,27802.75,27792.75,5/4/2026 1:24:25 PM,5/4/2026 1:30:01 PM,LE,SlopeX,($200.00),$383.56,$0.00,$445.00,$20.00,$220.00,3,
266,NQ JUN26,SimMomo2,,Long,1,27801.00,27774.50,5/4/2026 1:22:14 PM,5/4/2026 1:35:00 PM,LE,SlopeX,($530.00),($146.44),$0.00,$555.00,$55.00,$585.00,4,
267,NQ JUN26,SimMomo1,,Short,1,27775.75,27765.50,5/4/2026 1:34:53 PM,5/4/2026 1:35:22 PM,SE,Profit target,$200.64,$54.20,$4.36,$30.00,$205.00,$4.36,2,
268,NQ JUN26,SimMomo1,,Long,1,27787.00,27779.00,5/4/2026 1:51:34 PM,5/4/2026 1:53:18 PM,LE,SlopeX,($164.36),($110.16),$4.36,$160.00,$115.00,$279.36,3,
269,NQ JUN26,SimV3C-NQ-4A,,Long,1,27796.75,27812.00,5/4/2026 1:55:18 PM,5/4/2026 2:05:01 PM,LE,SlopeX,$305.00,$194.84,$0.00,$140.00,$395.00,$90.00,3,
270,NQ JUN26,SimMomo2,,Long,1,27797.25,27796.00,5/4/2026 1:55:18 PM,5/4/2026 2:10:00 PM,LE,SlopeX,($25.00),$169.84,$0.00,$150.00,$430.00,$455.00,4,
271,NQ JUN26,SimADX1,,Long,1,27798.50,27795.75,5/4/2026 1:57:11 PM,5/4/2026 2:10:00 PM,LE,SlopeX,($55.00),$114.84,$0.00,$175.00,$405.00,$460.00,4,
272,NQ JUN26,SimMomo1,,Short,1,27794.75,27786.25,5/4/2026 2:12:26 PM,5/4/2026 2:15:03 PM,SE,Profit target,$165.64,$280.48,$4.36,$170.00,$170.00,$4.36,4,
273,NQ JUN26,SimMomo1,,Long,1,27758.00,27759.50,5/4/2026 2:57:45 PM,5/4/2026 2:59:01 PM,LE,SlopeX,$25.64,$306.12,$4.36,$75.00,$35.00,$9.36,3,
274,NQ JUN26,SimMomo1,,Short,1,27752.00,27745.25,5/4/2026 3:01:10 PM,5/4/2026 3:03:00 PM,SE,SlopeX,$130.64,$436.76,$4.36,$120.00,$150.00,$19.36,3,
275,NQ JUN26,SimMomo1,,Long,1,27764.00,27772.00,5/4/2026 3:05:56 PM,5/4/2026 3:06:03 PM,LE,Profit target,$155.64,$592.40,$4.36,$100.00,$170.00,$14.36,2,
276,NQ JUN26,SimMomo1,,Short,1,27762.00,27768.00,5/4/2026 3:22:35 PM,5/4/2026 3:24:00 PM,SE,SlopeX,($124.36),$468.04,$4.36,$135.00,$100.00,$224.36,3,
277,NQ JUN26,SimMomo1,,Long,1,27785.00,27781.75,5/4/2026 3:29:04 PM,5/4/2026 3:31:00 PM,LE,SlopeX,($69.36),$398.68,$4.36,$180.00,$25.00,$94.36,3,
278,NQ JUN26,Sim101,..1C ES 24t,Long,1,27823.75,27822.50,5/4/2026 10:08:21 PM,5/4/2026 10:08:36 PM,Entry,Close,($29.36),$369.32,$4.36,$25.00,$20.00,$49.36,0,
279,NQ JUN26,Sim101,1 NQ,Short,1,28089.75,28100.75,5/5/2026 10:06:00 AM,5/5/2026 10:06:37 AM,Entry,Stop1,($224.36),$144.96,$4.36,$220.00,$15.00,$239.36,0,
280,NQ JUN26,Sim101,1 NQ,Short,1,28102.25,28096.00,5/5/2026 10:06:49 AM,5/5/2026 10:07:38 AM,Entry,Close,$120.64,$265.60,$4.36,$5.00,$185.00,$64.36,0,
281,NQ JUN26,Sim101,1 NQ,Short,1,28095.50,28098.25,5/5/2026 10:08:07 AM,5/5/2026 10:08:24 AM,Entry,Stop1,($59.36),$206.24,$4.36,$70.00,$35.00,$94.36,0,
282,NQ JUN26,SimMomo1,,Short,1,28073.50,28060.50,5/5/2026 10:13:34 AM,5/5/2026 10:13:34 AM,SE,Profit target,$255.64,$461.88,$4.36,$25.00,$275.00,$19.36,1,
283,NQ JUN26,SimMomo1,,Short,1,28059.50,28046.25,5/5/2026 10:13:35 AM,5/5/2026 10:14:34 AM,SE,Profit target,$260.64,$722.52,$4.36,$365.00,$280.00,$19.36,2,
284,NQ JUN26,SimMomo1,,Long,1,28088.50,28092.75,5/5/2026 10:22:53 AM,5/5/2026 10:24:00 AM,LE,SlopeX,$80.64,$803.16,$4.36,$35.00,$290.00,$209.36,3,
285,NQ JUN26,SimV3D-NQ-5A,,Long,1,28131.50,28121.50,5/5/2026 10:25:15 AM,5/5/2026 10:27:01 AM,AdxDiL,Stop loss,($200.00),$603.16,$0.00,$235.00,$25.00,$225.00,2,
286,NQ JUN26,SimV1A- Kalman Fader 1,,Short,1,28128.25,28128.25,5/5/2026 10:35:13 AM,5/5/2026 10:35:14 AM,KPF_Short1,EnvelopeBreakExit,$0.00,$603.16,$0.00,$5.00,$10.00,$10.00,1,
287,NQ JUN26,SimV1A- Kalman Fader 1,,Short,1,28128.25,28128.25,5/5/2026 10:35:13 AM,5/5/2026 10:35:14 AM,KPF_Short2,EnvelopeBreakExit,$0.00,$603.16,$0.00,$5.00,$10.00,$10.00,1,
288,NQ JUN26,SimV1A - Kalman Fader 2,,Short,1,28128.25,28128.25,5/5/2026 10:35:13 AM,5/5/2026 10:35:14 AM,KPF_Short1,EnvelopeBreakExit,$0.00,$603.16,$0.00,$5.00,$10.00,$10.00,1,
289,NQ JUN26,SimV1A - Kalman Fader 2,,Short,1,28128.25,28128.25,5/5/2026 10:35:13 AM,5/5/2026 10:35:14 AM,KPF_Short2,EnvelopeBreakExit,$0.00,$603.16,$0.00,$5.00,$10.00,$10.00,1,
290,NQ JUN26,SimV1A- Kalman Fader 1,,Short,1,28129.50,28130.50,5/5/2026 10:35:44 AM,5/5/2026 10:35:44 AM,KPF_Short1,EnvelopeBreakExit,($20.00),$583.16,$0.00,$30.00,$5.00,$25.00,1,
291,NQ JUN26,SimV1A- Kalman Fader 1,,Short,1,28129.50,28130.50,5/5/2026 10:35:44 AM,5/5/2026 10:35:44 AM,KPF_Short2,EnvelopeBreakExit,($20.00),$563.16,$0.00,$30.00,$10.00,$30.00,1,
292,NQ JUN26,SimV1A - Kalman Fader 2,,Short,1,28129.50,28130.75,5/5/2026 10:35:44 AM,5/5/2026 10:35:44 AM,KPF_Short1,EnvelopeBreakExit,($25.00),$538.16,$0.00,$30.00,$10.00,$35.00,1,
293,NQ JUN26,SimV1A - Kalman Fader 2,,Short,1,28129.50,28130.75,5/5/2026 10:35:44 AM,5/5/2026 10:35:44 AM,KPF_Short2,EnvelopeBreakExit,($25.00),$513.16,$0.00,$30.00,$10.00,$35.00,1,
294,NQ JUN26,SimV1A - Kalman Fader 2,,Short,1,28129.75,28131.50,5/5/2026 10:36:03 AM,5/5/2026 10:36:04 AM,KPF_Short1,EnvelopeBreakExit,($35.00),$478.16,$0.00,$35.00,$20.00,$55.00,1,
295,NQ JUN26,SimV1A - Kalman Fader 2,,Short,1,28129.50,28131.50,5/5/2026 10:36:04 AM,5/5/2026 10:36:04 AM,KPF_Short2,EnvelopeBreakExit,($40.00),$438.16,$0.00,$40.00,$25.00,$65.00,1,
296,NQ JUN26,SimV1A- Kalman Fader 1,,Short,1,28130.25,28132.75,5/5/2026 10:36:15 AM,5/5/2026 10:36:17 AM,KPF_Short1,EnvelopeBreakExit,($50.00),$388.16,$0.00,$50.00,$5.00,$55.00,1,
297,NQ JUN26,SimV1A- Kalman Fader 1,,Short,1,28130.25,28132.75,5/5/2026 10:36:15 AM,5/5/2026 10:36:17 AM,KPF_Short2,EnvelopeBreakExit,($50.00),$338.16,$0.00,$50.00,$5.00,$55.00,1,
298,NQ JUN26,SimMomo1,,Short,1,28094.50,28093.50,5/5/2026 10:39:16 AM,5/5/2026 10:40:59 AM,SE,SlopeX,$15.64,$353.80,$4.36,$100.00,$145.00,$129.36,3,
299,NQ JUN26,SimMomo1,,Long,1,28108.25,28090.50,5/5/2026 10:43:12 AM,5/5/2026 10:44:38 AM,LE,Stop loss,($359.36),($5.56),$4.36,$355.00,$125.00,$484.36,2,
300,NQ JUN26,SimMomo1,,Short,1,28090.50,28101.25,5/5/2026 10:44:38 AM,5/5/2026 10:46:03 AM,SE,SlopeX,($219.36),($224.92),$4.36,$215.00,$150.00,$369.36,3,
301,NQ JUN26,SimMomo1,,Short,1,28130.50,28122.00,5/5/2026 11:57:16 AM,5/5/2026 11:57:38 AM,SE,Profit target,$165.64,($59.28),$4.36,$0.00,$180.00,$14.36,1,
302,NQ JUN26,SimMomo1,,Short,1,28121.25,28124.25,5/5/2026 11:57:38 AM,5/5/2026 11:59:53 AM,SE,SlopeX,($64.36),($123.64),$4.36,$195.00,$25.00,$89.36,3,
303,NQ JUN26,SimV3C-NQ-2B,,Long,1,28132.25,28122.75,5/5/2026 12:00:06 PM,5/5/2026 12:01:11 PM,SnipeL,Stop loss,($190.00),($313.64),$0.00,$225.00,$10.00,$200.00,1,
304,NQ JUN26,SimMomo1,,Long,1,28139.00,28147.50,5/5/2026 12:05:04 PM,5/5/2026 12:11:03 PM,LE,Profit target,$165.64,($148.00),$4.36,$95.00,$175.00,$9.36,7,
305,NQ JUN26,SimV3C-NQ-2A,,Long,1,28139.00,28123.00,5/5/2026 12:05:04 PM,5/5/2026 12:27:28 PM,SnipeL,Stop loss,($320.00),($468.00),$0.00,$330.00,$270.00,$590.00,8,
306,NQ JUN26,SimV3D-NQ-3B,,Short,1,28139.50,28113.50,5/5/2026 12:20:00 PM,5/5/2026 12:27:44 PM,FadeBS1,Profit target,$520.00,$52.00,$0.00,$205.00,$985.00,$465.00,2,
307,NQ JUN26,SimV3C-NQ-5A,,Short,1,28108.00,28097.75,5/5/2026 12:27:45 PM,5/5/2026 12:28:07 PM,SE,Profit target,$205.00,$257.00,$0.00,$45.00,$205.00,$0.00,1,
308,NQ JUN26,SimV3C-NQ-5A,,Short,1,28098.00,28119.75,5/5/2026 12:28:08 PM,5/5/2026 12:30:48 PM,SE,Stop loss,($435.00),($178.00),$0.00,$440.00,$155.00,$590.00,2,
309,NQ JUN26,SimV3C-NQ-2B,,Long,1,28113.75,28104.25,5/5/2026 12:28:53 PM,5/5/2026 12:31:30 PM,SnipeL,Stop loss,($190.00),($368.00),$0.00,$190.00,$125.00,$315.00,3,
310,NQ JUN26,SimV3C-NQ-4A,,Short,1,28108.00,28109.75,5/5/2026 12:27:45 PM,5/5/2026 12:35:01 PM,SE,SlopeX,($35.00),($403.00),$0.00,$240.00,$355.00,$390.00,3,
311,NQ JUN26,SimV3C-NQ-2B,,Long,1,28112.75,28122.25,5/5/2026 12:32:50 PM,5/5/2026 12:35:54 PM,SnipeL,Profit target,$190.00,($213.00),$0.00,$145.00,$190.00,$0.00,3,
312,NQ JUN26,SimV3C-NQ-2C,,Long,1,28128.75,28099.50,5/5/2026 12:36:29 PM,5/5/2026 12:39:46 PM,SnipeL,Stop loss,($585.00),($798.00),$0.00,$590.00,$0.00,$585.00,1,
313,NQ JUN26,SimV3C-NQ-2A,,Long,1,28113.75,28098.00,5/5/2026 12:28:53 PM,5/5/2026 12:39:59 PM,SnipeL,Stop loss,($315.00),($1113.00),$0.00,$315.00,$305.00,$620.00,10,
314,NQ JUN26,SimV3D-NQ-3B,,Short,1,28139.50,28098.00,5/5/2026 12:20:00 PM,5/5/2026 12:39:59 PM,FadeBS2,TransitionExit,$830.00,($283.00),$0.00,$205.00,$985.00,$155.00,5,
315,NQ JUN26,SimMomo2,,Short,1,28100.00,28098.00,5/5/2026 12:28:01 PM,5/5/2026 12:39:59 PM,SE,SlopeX,$40.00,($243.00),$0.00,$580.00,$195.00,$155.00,4,
316,NQ JUN26,SimV3C-NQ-2B,,Long,1,28113.00,28122.50,5/5/2026 12:45:32 PM,5/5/2026 12:47:28 PM,SnipeL,Profit target,$190.00,($53.00),$0.00,$55.00,$190.00,$0.00,3,
317,NQ JUN26,SimV3C-NQ-2A,,Long,1,28108.75,28124.50,5/5/2026 12:44:48 PM,5/5/2026 12:47:29 PM,SnipeL,Profit target,$315.00,$262.00,$0.00,$125.00,$315.00,$0.00,4,
318,NQ JUN26,SimV3C-NQ-4B,,Long,1,28120.75,28123.00,5/5/2026 12:47:12 PM,5/5/2026 12:55:00 PM,LE,SlopeX,$45.00,$307.00,$0.00,$135.00,$165.00,$120.00,3,
319,NQ JUN26,SimV3C-NQ-4A,,Long,1,28120.75,28123.00,5/5/2026 12:47:12 PM,5/5/2026 12:55:00 PM,LE,SlopeX,$45.00,$352.00,$0.00,$135.00,$165.00,$120.00,3,
320,NQ JUN26,SimV3C-NQ-5A,,Long,1,28120.75,28131.25,5/5/2026 12:47:13 PM,5/5/2026 12:55:42 PM,LE,Profit target,$210.00,$562.00,$0.00,$135.00,$280.00,$70.00,3,
321,NQ JUN26,SimMomo1,,Long,1,28132.75,28133.00,5/5/2026 12:55:42 PM,5/5/2026 12:57:00 PM,LE,SlopeX,$0.64,$562.64,$4.36,$60.00,$60.00,$59.36,3,
322,NQ JUN26,SimMomo2,,Long,1,28124.50,28125.75,5/5/2026 12:47:29 PM,5/5/2026 12:59:59 PM,LE,SlopeX,$25.00,$587.64,$0.00,$210.00,$225.00,$200.00,4,
323,NQ JUN26,SimMomo1,,Short,1,28124.25,28129.25,5/5/2026 12:59:49 PM,5/5/2026 1:03:34 PM,SE,SlopeX,($104.36),$483.28,$4.36,$100.00,$130.00,$234.36,5,
324,NQ JUN26,SimV3C-NQ-2A,,Long,1,28134.50,28118.75,5/5/2026 1:04:20 PM,5/5/2026 1:08:56 PM,SnipeL,Stop loss,($315.00),$168.28,$0.00,$315.00,$20.00,$335.00,1,
325,NQ JUN26,SimV3C-NQ-2D,,Long,1,28127.50,28111.00,5/5/2026 12:47:59 PM,5/5/2026 1:10:11 PM,SnipeL,Stop loss,($330.00),($161.72),$0.00,$335.00,$165.00,$495.00,8,
326,NQ JUN26,SimV3C-NQ-2B,,Long,1,28121.50,28131.25,5/5/2026 1:12:10 PM,5/5/2026 1:18:18 PM,SnipeL,Profit target,$195.00,$33.28,$0.00,$140.00,$275.00,$80.00,3,
327,NQ JUN26,SimV3C-NQ-2A,,Long,1,28124.00,28139.75,5/5/2026 1:15:01 PM,5/5/2026 1:18:33 PM,SnipeL,Profit target,$315.00,$348.28,$0.00,$20.00,$320.00,$5.00,4,
328,NQ JUN26,SimV3C-NQ-2D,,Long,1,28128.50,28143.25,5/5/2026 1:18:00 PM,5/5/2026 1:28:57 PM,SnipeL,Profit target,$295.00,$643.28,$0.00,$65.00,$295.00,$0.00,4,
329,NQ JUN26,SimV3D-NQ-3A,,Short,1,28152.00,28159.50,5/5/2026 1:49:59 PM,5/5/2026 1:51:40 PM,FadeS1,Stop loss,($150.00),$493.28,$0.00,$150.00,$40.00,$190.00,2,
330,NQ JUN26,SimV3D-NQ-3A,,Short,1,28151.75,28159.50,5/5/2026 1:49:59 PM,5/5/2026 1:51:40 PM,FadeS1,Stop loss,($155.00),$338.28,$0.00,$155.00,$35.00,$190.00,2,
331,NQ JUN26,SimV3D-NQ-3A,,Short,1,28152.00,28159.50,5/5/2026 1:49:59 PM,5/5/2026 1:51:40 PM,FadeS2,Stop loss,($150.00),$188.28,$0.00,$150.00,$40.00,$190.00,2,
332,NQ JUN26,SimV3D-NQ-3A,,Short,1,28151.75,28159.50,5/5/2026 1:50:00 PM,5/5/2026 1:51:40 PM,FadeS2,Stop loss,($155.00),$33.28,$0.00,$155.00,$35.00,$190.00,2,
333,NQ JUN26,SimV3C-NQ-2C,,Long,1,28129.00,28161.50,5/5/2026 12:47:55 PM,5/5/2026 1:51:40 PM,SnipeL,Profit target,$650.00,$683.28,$0.00,$425.00,$655.00,$5.00,4,
334,NQ JUN26,SimMomo1,,Short,1,28171.25,28174.00,5/5/2026 2:39:15 PM,5/5/2026 2:41:00 PM,SE,SlopeX,($59.36),$623.92,$4.36,$105.00,$20.00,$79.36,3,
335,NQ JUN26,SimMomo1,,Long,1,28177.00,28176.50,5/5/2026 2:42:05 PM,5/5/2026 2:44:00 PM,LE,SlopeX,($14.36),$609.56,$4.36,$60.00,$35.00,$49.36,3,
336,NQ JUN26,SimMomo1,,Short,1,28173.00,28174.00,5/5/2026 2:45:31 PM,5/5/2026 2:47:00 PM,SE,SlopeX,($24.36),$585.20,$4.36,$100.00,$5.00,$29.36,3,
337,NQ JUN26,SimMomo1,,Long,1,28173.75,28163.25,5/5/2026 3:01:16 PM,5/5/2026 3:03:51 PM,LE,SlopeX,($214.36),$370.84,$4.36,$210.00,$10.00,$224.36,3,
338,NQ JUN26,SimV3C-NQ-2D,,Long,1,28167.00,28156.75,5/5/2026 3:38:59 PM,5/5/2026 3:41:50 PM,SnipeL,Stop loss,($205.00),$165.84,$0.00,$205.00,$30.00,$235.00,1,
339,NQ JUN26,SimV3C-NQ-2B,,Long,1,28133.00,28135.25,5/5/2026 3:58:17 PM,5/5/2026 4:00:03 PM,SnipeL,Close,$45.00,$210.84,$0.00,$40.00,$155.00,$110.00,0,
340,NQ JUN26,SimV3C-NQ-2A,,Long,1,28133.00,28135.25,5/5/2026 3:58:17 PM,5/5/2026 4:00:04 PM,SnipeL,Close,$45.00,$255.84,$0.00,$40.00,$155.00,$110.00,0,
341,NQ JUN26,SimADX Pine,,Short,1,28334.75,28326.50,5/5/2026 8:10:00 PM,5/5/2026 8:10:07 PM,Short,Profit target,$165.00,$420.84,$0.00,$0.00,$170.00,$5.00,1,
342,NQ JUN26,SimV3C-NQ-2B,,Long,1,28434.50,28424.75,5/6/2026 10:05:23 AM,5/6/2026 10:05:27 AM,SnipeL,Stop loss,($195.00),$225.84,$0.00,$215.00,$5.00,$200.00,1,
343,NQ JUN26,SimV3C-NQ-2A,NQ VC3-A Compression Fast ,Long,1,28435.75,28420.00,5/6/2026 10:05:44 AM,5/6/2026 10:06:13 AM,SnipeL,Stop loss,($315.00),($89.16),$0.00,$325.00,$100.00,$415.00,3,
344,NQ JUN26,SimV3C-NQ-2B,,Long,1,28421.50,28412.00,5/6/2026 10:06:42 AM,5/6/2026 10:06:45 AM,SnipeL,Stop loss,($190.00),($279.16),$0.00,$190.00,$15.00,$205.00,1,
345,NQ JUN26,SimV3C-NQ-2B,,Long,1,28406.25,28415.50,5/6/2026 10:07:09 AM,5/6/2026 10:07:29 AM,SnipeL,Profit target,$185.00,($94.16),$0.00,$85.00,$190.00,$5.00,3,
346,NQ JUN26,SimV3C-NQ-2A,NQ VC3-A Compression Fast ,Long,1,28410.50,28426.25,5/6/2026 10:07:10 AM,5/6/2026 10:07:43 AM,SnipeL,Profit target,$315.00,$220.84,$0.00,$170.00,$320.00,$5.00,4,
347,NQ JUN26,SimV3C-NQ-2C,NQ V3C Compression Sniper C 20-40-60,Long,1,28429.75,28461.25,5/6/2026 10:07:44 AM,5/6/2026 10:09:32 AM,SnipeL,Profit target,$630.00,$850.84,$0.00,$60.00,$630.00,$0.00,4,
348,NQ JUN26,SimMomo1,NQ Momo OG 1m HA,Long,1,28466.00,28487.50,5/6/2026 10:09:39 AM,5/6/2026 10:10:26 AM,LE,Profit target,$425.64,$1276.48,$4.36,$35.00,$450.00,$24.36,2,
349,NQ JUN26,SimV3C-NQ-2B,,Long,1,28477.25,28468.00,5/6/2026 10:14:09 AM,5/6/2026 10:14:21 AM,SnipeL,Stop loss,($185.00),$1091.48,$0.00,$210.00,$0.00,$185.00,1,
350,NQ JUN26,SimV3C-NQ-2B,,Long,1,28477.00,28467.50,5/6/2026 10:14:41 AM,5/6/2026 10:16:00 AM,SnipeL,Stop loss,($190.00),$901.48,$0.00,$190.00,$155.00,$345.00,3,
351,NQ JUN26,SimV3C-NQ-2A,NQ VC3-A Compression Fast ,Long,1,28482.25,28466.50,5/6/2026 10:14:49 AM,5/6/2026 10:16:00 AM,SnipeL,Stop loss,($315.00),$586.48,$0.00,$330.00,$50.00,$365.00,3,
352,NQ JUN26,SimV3C-NQ-2B,,Long,1,28445.50,28435.75,5/6/2026 10:18:17 AM,5/6/2026 10:18:18 AM,SnipeL,Stop loss,($195.00),$391.48,$0.00,$195.00,$10.00,$205.00,1,
353,NQ JUN26,SimV3C-NQ-2A,NQ VC3-A Compression Fast ,Long,1,28444.75,28429.25,5/6/2026 10:18:16 AM,5/6/2026 10:18:30 AM,SnipeL,Stop loss,($310.00),$81.48,$0.00,$340.00,$20.00,$330.00,2,
354,NQ JUN26,SimMomo1,NQ Momo OG 1m HA,Short,1,28438.25,28418.50,5/6/2026 10:17:38 AM,5/6/2026 10:18:34 AM,SE,Profit target,$390.64,$472.12,$4.36,$150.00,$435.00,$44.36,2,
355,NQ JUN26,SimV3C-NQ-2B,,Long,1,28434.00,28424.75,5/6/2026 10:19:22 AM,5/6/2026 10:19:41 AM,SnipeL,Stop loss,($185.00),$287.12,$0.00,$185.00,$50.00,$235.00,1,
356,NQ JUN26,SimV3C-NQ-2A,NQ VC3-A Compression Fast ,Long,1,28436.25,28420.50,5/6/2026 10:19:24 AM,5/6/2026 10:19:44 AM,SnipeL,Stop loss,($315.00),($27.88),$0.00,$320.00,$5.00,$320.00,1,
357,NQ JUN26,SimV3C-NQ-2B,,Long,1,28420.50,28429.75,5/6/2026 10:20:13 AM,5/6/2026 10:21:13 AM,SnipeL,Profit target,$185.00,$157.12,$0.00,$135.00,$185.00,$0.00,3,
358,NQ JUN26,SimV3C-NQ-2A,NQ VC3-A Compression Fast ,Long,1,28424.50,28440.50,5/6/2026 10:20:21 AM,5/6/2026 10:21:18 AM,SnipeL,Profit target,$320.00,$477.12,$0.00,$215.00,$340.00,$20.00,4,
359,NQ JUN26,SimV3C-NQ-2B,,Long,1,28440.00,28430.25,5/6/2026 10:22:01 AM,5/6/2026 10:22:14 AM,SnipeL,Stop loss,($195.00),$282.12,$0.00,$200.00,$10.00,$205.00,1,
360,NQ JUN26,SimV3C-NQ-2A,NQ VC3-A Compression Fast ,Long,1,28439.25,28423.00,5/6/2026 10:22:01 AM,5/6/2026 10:22:23 AM,SnipeL,Stop loss,($325.00),($42.88),$0.00,$330.00,$25.00,$350.00,2,
361,NQ JUN26,SimV3C-NQ-2B,,Long,1,28429.00,28419.50,5/6/2026 10:22:50 AM,5/6/2026 10:23:00 AM,SnipeL,Stop loss,($190.00),($232.88),$0.00,$200.00,$20.00,$210.00,1,
362,NQ JUN26,SimV3C-NQ-2C,NQ V3C Compression Sniper C 20-40-60,Long,1,28439.75,28411.75,5/6/2026 10:21:18 AM,5/6/2026 10:23:05 AM,SnipeL,Stop loss,($560.00),($792.88),$0.00,$595.00,$90.00,$650.00,1,
363,NQ JUN26,SimV3C-NQ-2B,,Long,1,28426.00,28416.50,5/6/2026 10:23:21 AM,5/6/2026 10:24:37 AM,SnipeL,Stop loss,($190.00),($982.88),$0.00,$210.00,$140.00,$330.00,3,
364,NQ JUN26,SimV3C-NQ-2B,,Long,1,28426.00,28436.25,5/6/2026 10:24:49 AM,5/6/2026 10:24:55 AM,SnipeL,Profit target,$205.00,($777.88),$0.00,$25.00,$210.00,$5.00,3,
365,NQ JUN26,SimV3C-NQ-2A,NQ VC3-A Compression Fast ,Long,1,28424.75,28440.75,5/6/2026 10:23:19 AM,5/6/2026 10:25:06 AM,SnipeL,Profit target,$320.00,($457.88),$0.00,$275.00,$320.00,$0.00,6,
366,NQ JUN26,SimMomo1,NQ Momo OG 1m HA,Long,1,28451.75,28449.00,5/6/2026 10:25:16 AM,5/6/2026 10:29:24 AM,LE,SlopeX,($59.36),($517.24),$4.36,$330.00,$350.00,$409.36,5,
367,NQ JUN26,SimV3C-NQ-2C,NQ V3C Compression Sniper C 20-40-60,Long,1,28439.75,28471.50,5/6/2026 10:25:03 AM,5/6/2026 10:33:18 AM,SnipeL,Profit target,$635.00,$117.76,$0.00,$515.00,$645.00,$10.00,8,
368,NQ JUN26,SimV1A - Kalman Fader 2,,Short,1,28487.25,28488.25,5/6/2026 10:35:33 AM,5/6/2026 10:35:33 AM,KPF_Short1,EnvelopeBreakExit,($20.00),$97.76,$0.00,$25.00,$0.00,$20.00,1,
369,NQ JUN26,SimV1A - Kalman Fader 2,,Short,1,28487.25,28488.50,5/6/2026 10:35:33 AM,5/6/2026 10:35:34 AM,KPF_Short2,EnvelopeBreakExit,($25.00),$72.76,$0.00,$25.00,$0.00,$25.00,1,
370,NQ JUN26,SimV1A Kalman Fader 3,,Short,1,28487.50,28487.25,5/6/2026 10:35:33 AM,5/6/2026 10:35:34 AM,KPF_Short1,EnvelopeBreakExit,$5.00,$77.76,$0.00,$20.00,$5.00,$0.00,1,
371,NQ JUN26,SimV1A Kalman Fader 3,,Short,1,28487.50,28487.25,5/6/2026 10:35:33 AM,5/6/2026 10:35:34 AM,KPF_Short2,EnvelopeBreakExit,$5.00,$82.76,$0.00,$15.00,$5.00,$0.00,1,
372,NQ JUN26,SimV1A- Kalman Fader 1,,Short,1,28487.50,28487.25,5/6/2026 10:35:33 AM,5/6/2026 10:35:34 AM,KPF_Short1,EnvelopeBreakExit,$5.00,$87.76,$0.00,$15.00,$15.00,$10.00,1,
373,NQ JUN26,SimV1A- Kalman Fader 1,,Short,1,28487.50,28487.25,5/6/2026 10:35:33 AM,5/6/2026 10:35:34 AM,KPF_Short2,EnvelopeBreakExit,$5.00,$92.76,$0.00,$15.00,$15.00,$10.00,1,
374,NQ JUN26,SimV1A Kalman Fader 3,,Long,1,28482.25,28483.25,5/6/2026 10:35:36 AM,5/6/2026 10:35:39 AM,KPF_Long1,EnvelopeBreakExit,$20.00,$112.76,$0.00,$15.00,$70.00,$50.00,2,
375,NQ JUN26,SimV1A Kalman Fader 3,,Long,1,28484.00,28483.25,5/6/2026 10:35:36 AM,5/6/2026 10:35:39 AM,KPF_Long2,EnvelopeBreakExit,($15.00),$97.76,$0.00,$20.00,$35.00,$50.00,2,
376,NQ JUN26,SimV1A Kalman Fader 3,,Long,1,28486.25,28487.25,5/6/2026 10:35:47 AM,5/6/2026 10:35:49 AM,KPF_Long1,Profit target,$20.00,$117.76,$0.00,$25.00,$70.00,$50.00,1,
377,NQ JUN26,SimV1A Kalman Fader 3,,Long,1,28486.25,28489.50,5/6/2026 10:35:47 AM,5/6/2026 10:35:52 AM,KPF_Long2,Profit target,$65.00,$182.76,$0.00,$25.00,$70.00,$5.00,2,
378,NQ JUN26,SimV1A Kalman Fader 3,,Short,1,28493.00,28494.00,5/6/2026 10:36:08 AM,5/6/2026 10:36:08 AM,KPF_Short1,EnvelopeBreakExit,($20.00),$162.76,$0.00,$20.00,$240.00,$260.00,2,
379,NQ JUN26,SimV1A Kalman Fader 3,,Short,1,28493.00,28494.00,5/6/2026 10:36:08 AM,5/6/2026 10:36:08 AM,KPF_Short2,EnvelopeBreakExit,($20.00),$142.76,$0.00,$20.00,$240.00,$260.00,2,
380,NQ JUN26,SimV1A Kalman Fader 3,,Short,1,28492.50,28494.00,5/6/2026 10:36:09 AM,5/6/2026 10:36:09 AM,KPF_Short1,Stop loss,($30.00),$112.76,$0.00,$30.00,$45.00,$75.00,2,
381,NQ JUN26,SimV1A Kalman Fader 3,,Short,1,28492.50,28494.00,5/6/2026 10:36:09 AM,5/6/2026 10:36:09 AM,KPF_Short2,Stop loss,($30.00),$82.76,$0.00,$30.00,$45.00,$75.00,2,
382,NQ JUN26,SimV1A- Kalman Fader 1,,Short,1,28491.50,28492.50,5/6/2026 10:36:11 AM,5/6/2026 10:36:11 AM,KPF_Short1,EnvelopeBreakExit,($20.00),$62.76,$0.00,$30.00,$0.00,$20.00,1,
383,NQ JUN26,SimV1A- Kalman Fader 1,,Short,1,28491.75,28492.50,5/6/2026 10:36:11 AM,5/6/2026 10:36:11 AM,KPF_Short2,EnvelopeBreakExit,($15.00),$47.76,$0.00,$25.00,$5.00,$20.00,1,
384,NQ JUN26,SimV1A- Kalman Fader 1,,Long,1,28487.00,28489.50,5/6/2026 10:36:44 AM,5/6/2026 10:36:50 AM,KPF_Long1,Profit target,$50.00,$97.76,$0.00,$30.00,$100.00,$50.00,1,
385,NQ JUN26,SimV1A- Kalman Fader 1,,Long,1,28487.00,28491.75,5/6/2026 10:36:44 AM,5/6/2026 10:36:54 AM,KPF_Long2,Profit target,$95.00,$192.76,$0.00,$30.00,$100.00,$5.00,3,
386,NQ JUN26,SimV1A- Kalman Fader 1,,Short,1,28489.50,28487.25,5/6/2026 10:37:25 AM,5/6/2026 10:37:26 AM,KPF_Short1,Profit target,$45.00,$237.76,$0.00,$0.00,$80.00,$35.00,1,
387,NQ JUN26,SimV1A- Kalman Fader 1,,Short,1,28489.00,28485.50,5/6/2026 10:37:25 AM,5/6/2026 10:37:28 AM,KPF_Short2,Profit target,$70.00,$307.76,$0.00,$0.00,$70.00,$0.00,2,
388,NQ JUN26,SimV1A- Kalman Fader 1,,Long,1,28481.00,28480.00,5/6/2026 10:38:20 AM,5/6/2026 10:38:20 AM,KPF_Long1,EnvelopeBreakExit,($20.00),$287.76,$0.00,$20.00,$5.00,$25.00,1,
389,NQ JUN26,SimV1A- Kalman Fader 1,,Long,1,28481.00,28480.00,5/6/2026 10:38:20 AM,5/6/2026 10:38:20 AM,KPF_Long2,EnvelopeBreakExit,($20.00),$267.76,$0.00,$20.00,$5.00,$25.00,1,
390,NQ JUN26,SimV1A- Kalman Fader 1,,Short,1,28486.25,28488.25,5/6/2026 10:38:52 AM,5/6/2026 10:38:52 AM,KPF_Short1,EnvelopeBreakExit,($40.00),$227.76,$0.00,$55.00,$35.00,$75.00,1,
391,NQ JUN26,SimV1A- Kalman Fader 1,,Short,1,28486.25,28488.50,5/6/2026 10:38:52 AM,5/6/2026 10:38:52 AM,KPF_Short2,EnvelopeBreakExit,($45.00),$182.76,$0.00,$55.00,$35.00,$80.00,1,
392,NQ JUN26,SimV1A - Kalman Fader 2,,Short,1,28535.25,28537.50,5/6/2026 10:56:26 AM,5/6/2026 10:57:00 AM,KPF_Short1,EnvelopeBreakExit,($45.00),$137.76,$0.00,$75.00,$65.00,$110.00,2,
393,NQ JUN26,SimV1A - Kalman Fader 2,,Short,1,28535.25,28537.75,5/6/2026 10:56:26 AM,5/6/2026 10:57:00 AM,KPF_Short2,EnvelopeBreakExit,($50.00),$87.76,$0.00,$75.00,$65.00,$115.00,2,
394,NQ JUN26,SimV1A- Kalman Fader 1,,Short,1,28535.25,28537.50,5/6/2026 10:56:26 AM,5/6/2026 10:57:00 AM,KPF_Short1,EnvelopeBreakExit,($45.00),$42.76,$0.00,$75.00,$65.00,$110.00,2,
395,NQ JUN26,SimV1A- Kalman Fader 1,,Short,1,28535.25,28537.50,5/6/2026 10:56:26 AM,5/6/2026 10:57:00 AM,KPF_Short2,EnvelopeBreakExit,($45.00),($2.24),$0.00,$75.00,$65.00,$110.00,2,
396,NQ JUN26,SimMomo1,NQ Momo OG 1m HA,Short,1,28530.75,28521.75,5/6/2026 11:13:17 AM,5/6/2026 11:13:34 AM,SE,Profit target,$175.64,$173.40,$4.36,$70.00,$185.00,$9.36,1,
397,NQ JUN26,SimMomo1,NQ Momo OG 1m HA,Short,1,28523.25,28537.50,5/6/2026 11:13:34 AM,5/6/2026 11:14:53 AM,SE,Stop loss,($289.36),($115.96),$4.36,$285.00,$105.00,$394.36,2,
398,NQ JUN26,SimV3C-NQ-2A,NQ VC3-A Compression Fast ,Long,1,28534.00,28550.00,5/6/2026 11:14:51 AM,5/6/2026 11:16:50 AM,SnipeL,Profit target,$320.00,$204.04,$0.00,$35.00,$320.00,$0.00,4,
399,NQ JUN26,SimMomo1,NQ Momo OG 1m HA,Long,1,28550.00,28559.75,5/6/2026 11:16:50 AM,5/6/2026 11:17:34 AM,LE,Profit target,$190.64,$394.68,$4.36,$10.00,$220.00,$29.36,2,
400,NQ JUN26,SimV1A- Kalman Fader 1,KalmanPulse_Fader_V2 Mode A,Short,1,28575.50,28575.50,5/6/2026 11:30:46 AM,5/6/2026 11:31:00 AM,KPF_Short1,EnvelopeBreakExit,$0.00,$394.68,$0.00,$65.00,$50.00,$50.00,2,
401,NQ JUN26,SimV1A- Kalman Fader 1,KalmanPulse_Fader_V2 Mode A,Short,1,28575.50,28575.50,5/6/2026 11:30:47 AM,5/6/2026 11:31:00 AM,KPF_Short2,EnvelopeBreakExit,$0.00,$394.68,$0.00,$65.00,$50.00,$50.00,2,
402,NQ JUN26,SimV1A- Kalman Fader 1,KalmanPulse_Fader_V2 Mode A,Short,1,28574.25,28576.00,5/6/2026 11:34:21 AM,5/6/2026 11:34:26 AM,KPF_Short1,EnvelopeBreakExit,($35.00),$359.68,$0.00,$75.00,$20.00,$55.00,1,
403,NQ JUN26,SimV1A- Kalman Fader 1,KalmanPulse_Fader_V2 Mode A,Short,1,28574.25,28576.00,5/6/2026 11:34:21 AM,5/6/2026 11:34:26 AM,KPF_Short2,EnvelopeBreakExit,($35.00),$324.68,$0.00,$75.00,$20.00,$55.00,1,
404,NQ JUN26,SimMomo1,NQ Momo OG 1m HA,Short,1,28568.00,28559.50,5/6/2026 11:36:33 AM,5/6/2026 11:37:39 AM,SE,Profit target,$165.64,$490.32,$4.36,$110.00,$180.00,$14.36,2,
405,NQ JUN26,SimV1A- Kalman Fader 1,KalmanPulse_Fader_V2 Mode A,Long,1,28558.00,28557.25,5/6/2026 11:38:01 AM,5/6/2026 11:38:01 AM,KPF_Long1,EnvelopeBreakExit,($15.00),$475.32,$0.00,$15.00,$5.00,$20.00,1,
406,NQ JUN26,SimV1A- Kalman Fader 1,KalmanPulse_Fader_V2 Mode A,Long,1,28557.75,28557.00,5/6/2026 11:38:01 AM,5/6/2026 11:38:01 AM,KPF_Long2,EnvelopeBreakExit,($15.00),$460.32,$0.00,$15.00,$15.00,$30.00,1,
