trade_date,entry_time,exit_time,model_version,account,strategy_name,bot_name,ab_mode,symbol,instrument,direction,contracts,entry_price,exit_price,gross_pnl,net_pnl,ticks,win_loss,exit_reason,initial_stop_price,initial_stop_distance,entry_regime,entry_macro,entry_hmm,entry_phase,entry_confidence,entry_reason_code,broad_agree,v3c_regime_at_entry,trade_duration_min,r_multiple,risk_reward_actual,session_trade_rank,daily_pnl_running,export_timestamp,data_quality_flag,source_path,entry_dt,family,exported_strategy_name,exported_bot_name,registry_strategy_name,registry_bot_name,registry_tab_name,registry_chart_location,source_file,is_compression_candidate,is_kalman_candidate,audit_family,entry_regime_norm,v3c_regime_norm
2026-05-04,2026-05-04 10:25:37,2026-05-04 10:26:47,V3C,SimV3C-NQ-2B,NQ V3C Compression Clean B,NQ Expansion A,,NQ,NQ JUN26,LONG,1,27904.5,27893.75,-215.0,-215.0,-43.0,LOSS,STOP_HIT,,,TREND_COMPRESSION,BRACKET_MACRO,TrendUp,PRE_IB_MATURATION,65,DEVELOPING_INITIATIVE_PHASE_AWARE,0.0,TREND_COMPRESSION,1.17,,,1,-215.0,2026-05-04 22:22:41,OK,C:\Users\Valued Customer\NT8_Regimes\V3C\History\V3C_TradeLog_20260504.csv,2026-05-04 10:25:37,V3C Daily Export,,,,,,,,True,False,V3C Compression,TREND_COMPRESSION,TREND_COMPRESSION
2026-05-04,2026-05-04 10:31:06,2026-05-04 10:32:42,V3C,SimV3C-NQ-2B,NQ V3C Compression Clean B,NQ Expansion A,,NQ,NQ JUN26,LONG,1,27886.5,27896.0,190.0,190.0,38.0,WIN,TARGET_HIT,,,TREND_COMPRESSION,BRACKET_MACRO,TrendUp,NEAR_IB_CONDITION,62,COMPRESSED_BALANCE_LOW_EDGE,0.0,TREND_COMPRESSION,1.6,,,2,-25.0,2026-05-04 22:22:41,OK,C:\Users\Valued Customer\NT8_Regimes\V3C\History\V3C_TradeLog_20260504.csv,2026-05-04 10:31:06,V3C Daily Export,,,,,,,,True,False,V3C Compression,TREND_COMPRESSION,TREND_COMPRESSION
2026-05-04,2026-05-04 10:37:44,2026-05-04 10:38:12,V3C,SimV3C-NQ-2B,NQ V3C Compression Clean B,NQ Expansion A,,NQ,NQ JUN26,LONG,1,27898.0,27904.5,130.0,130.0,26.0,WIN,TARGET_HIT,,,TRANSITION,BRACKET_MACRO,TrendUp,POST_IB_MACRO,50,NO_CLEAR_STAGE_C_ALIGNMENT,0.0,TRANSITION,0.47,,,3,105.0,2026-05-04 22:22:41,OK,C:\Users\Valued Customer\NT8_Regimes\V3C\History\V3C_TradeLog_20260504.csv,2026-05-04 10:37:44,V3C Daily Export,,,,,,,,True,False,V3C Compression,TRANSITION,TRANSITION
2026-05-05,2026-05-05 12:05:04,2026-05-05 12:27:28,V3C,SimV3C-NQ-2A,NQ VC3-A Compression Fast,NQ VC3-A Compression Fast,,NQ,NQ JUN26,LONG,1,28139.0,28123.0,-320.0,-320.0,-64.0,LOSS,STOP_HIT,28123.0,320.0,TREND_COMPRESSION,BRACKET_MACRO,TrendUp,MID_MORNING_DISCOVERY,70,DEVELOPING_INITIATIVE_PHASE_AWARE,0.0,TREND_COMPRESSION,22.4,-1.0,-1.0,1,-320.0,2026-05-05 18:45:00,OK,C:\Users\Valued Customer\NT8_Regimes\V3C\History\V3C_TradeLog_20260505.csv,2026-05-05 12:05:04,V3C Daily Export,NQ VC3-A Compression Fast,NQ VC3-A Compression Fast,NQ VC3-A Compression Fast,,Compression Fast A,Top Middle,C:\Users\Valued Customer\NT8_Regimes\V3C\TradeLog\SimV3C_NQ_2A_TradeLog.csv,True,False,V3C Compression,TREND_COMPRESSION,TREND_COMPRESSION
2026-05-05,2026-05-05 12:20:00,2026-05-05 12:27:28,V3C,SimV3C-NQ-2A,NQ VC3-A Compression Fast,Compression Fast A,,NQ,NQ JUN26,SHORT,1,28139.5,28123.0,330.0,330.0,66.0,WIN,STOP_HIT,,,TREND_COMPRESSION,BRACKET_MACRO,TrendUp,LUNCH_AUCTION,66,MICRO_TREND_INSIDE_MACRO_STRUCTURE,0.0,TREND_COMPRESSION,7.47,,,2,10.0,2026-05-05 18:45:00,SHARED_EXPORTER_LABEL,C:\Users\Valued Customer\NT8_Regimes\V3C\History\V3C_TradeLog_20260505.csv,2026-05-05 12:20:00,V3C Daily Export,,15 Range Momentum V1A,NQ VC3-A Compression Fast,,Compression Fast A,Top Middle,C:\Users\Valued Customer\NT8_Regimes\V1A\TradeLog\V1A_TradeLog.csv,True,False,V3C Compression,TREND_COMPRESSION,TREND_COMPRESSION
2026-05-05,2026-05-05 12:28:53,2026-05-05 12:39:59,V3C,SimV3C-NQ-2A,NQ VC3-A Compression Fast,NQ VC3-A Compression Fast,,NQ,NQ JUN26,LONG,1,28113.75,28098.0,-315.0,-315.0,-63.0,LOSS,STOP_HIT,28098.0,315.0,TREND_COMPRESSION,BRACKET_MACRO,TrendUp,LUNCH_AUCTION,66,MICRO_TREND_INSIDE_MACRO_STRUCTURE,0.0,TREND_COMPRESSION,11.1,-1.0,-1.0,3,-305.0,2026-05-05 18:45:00,OK,C:\Users\Valued Customer\NT8_Regimes\V3C\History\V3C_TradeLog_20260505.csv,2026-05-05 12:28:53,V3C Daily Export,NQ VC3-A Compression Fast,NQ VC3-A Compression Fast,NQ VC3-A Compression Fast,,Compression Fast A,Top Middle,C:\Users\Valued Customer\NT8_Regimes\V3C\TradeLog\SimV3C_NQ_2A_TradeLog.csv,True,False,V3C Compression,TREND_COMPRESSION,TREND_COMPRESSION
2026-05-05,2026-05-05 12:44:48,2026-05-05 12:47:28,V3C,SimV3C-NQ-2A,NQ VC3-A Compression Fast,NQ VC3-A Compression Fast,,NQ,NQ JUN26,LONG,1,28108.75,28124.5,315.0,315.0,63.0,WIN,TARGET_HIT,,,TREND_COMPRESSION,BRACKET_MACRO,TrendUp,LUNCH_AUCTION,66,MICRO_TREND_INSIDE_MACRO_STRUCTURE,0.0,TREND_COMPRESSION,2.67,,,4,10.0,2026-05-05 18:45:00,OK,C:\Users\Valued Customer\NT8_Regimes\V3C\History\V3C_TradeLog_20260505.csv,2026-05-05 12:44:48,V3C Daily Export,NQ VC3-A Compression Fast,NQ VC3-A Compression Fast,NQ VC3-A Compression Fast,,Compression Fast A,Top Middle,C:\Users\Valued Customer\NT8_Regimes\V3C\TradeLog\SimV3C_NQ_2A_TradeLog.csv,True,False,V3C Compression,TREND_COMPRESSION,TREND_COMPRESSION
2026-05-05,2026-05-05 13:04:20,2026-05-05 13:08:56,V3C,SimV3C-NQ-2A,NQ VC3-A Compression Fast,Compression Fast A,,NQ,NQ JUN26,LONG,1,28134.5,28118.75,-315.0,-315.0,-63.0,LOSS,STOP_HIT,,,TREND_COMPRESSION,BRACKET_MACRO,TrendUp,LUNCH_AUCTION,66,MICRO_TREND_INSIDE_MACRO_STRUCTURE,0.0,TREND_COMPRESSION,4.6,,,5,-305.0,2026-05-05 18:45:00,SHARED_EXPORTER_LABEL,C:\Users\Valued Customer\NT8_Regimes\V3C\History\V3C_TradeLog_20260505.csv,2026-05-05 13:04:20,V3C Daily Export,,15 Range Momentum V1A,NQ VC3-A Compression Fast,,Compression Fast A,Top Middle,C:\Users\Valued Customer\NT8_Regimes\V1A\TradeLog\V1A_TradeLog.csv,True,False,V3C Compression,TREND_COMPRESSION,TREND_COMPRESSION
2026-05-05,2026-05-05 13:04:20,2026-05-05 13:04:20,V3C,SimV3C-NQ-2A,NQ VC3-A Compression Fast,NQ VC3-A Compression Fast,,NQ,NQ JUN26,LONG,1,28134.5,28118.75,-315.0,-315.0,-63.0,LOSS,STOP_HIT,28118.75,315.0,TREND_COMPRESSION,BRACKET_MACRO,TrendUp,LUNCH_AUCTION,66,MICRO_TREND_INSIDE_MACRO_STRUCTURE,0.0,TREND_COMPRESSION,0.0,-1.0,-1.0,6,-620.0,2026-05-05 18:45:00,OK,C:\Users\Valued Customer\NT8_Regimes\V3C\History\V3C_TradeLog_20260505.csv,2026-05-05 13:04:20,V3C Daily Export,NQ VC3-A Compression Fast,NQ VC3-A Compression Fast,NQ VC3-A Compression Fast,,Compression Fast A,Top Middle,C:\Users\Valued Customer\NT8_Regimes\V3C\TradeLog\SimV3C_NQ_2A_TradeLog.csv,True,False,V3C Compression,TREND_COMPRESSION,TREND_COMPRESSION
2026-05-05,2026-05-05 13:15:01,2026-05-05 13:18:33,V3C,SimV3C-NQ-2A,NQ VC3-A Compression Fast,NQ VC3-A Compression Fast,,NQ,NQ JUN26,LONG,1,28124.0,28139.75,315.0,315.0,63.0,WIN,TARGET_HIT,,,TREND_COMPRESSION,BRACKET_MACRO,TrendUp,POST_LUNCH_ROTATION,66,MICRO_TREND_INSIDE_MACRO_STRUCTURE,0.0,TREND_COMPRESSION,3.53,,,7,-305.0,2026-05-05 18:45:00,OK,C:\Users\Valued Customer\NT8_Regimes\V3C\History\V3C_TradeLog_20260505.csv,2026-05-05 13:15:01,V3C Daily Export,NQ VC3-A Compression Fast,NQ VC3-A Compression Fast,NQ VC3-A Compression Fast,,Compression Fast A,Top Middle,C:\Users\Valued Customer\NT8_Regimes\V3C\TradeLog\SimV3C_NQ_2A_TradeLog.csv,True,False,V3C Compression,TREND_COMPRESSION,TREND_COMPRESSION
2026-05-05,2026-05-05 12:00:06,2026-05-05 12:01:11,V3C,SimV3C-NQ-2B,NQ V3C Compression Clean B,Compression Clean B,,NQ,NQ JUN26,LONG,1,28132.25,28122.75,-190.0,-190.0,-38.0,LOSS,STOP_HIT,,,TREND_COMPRESSION,BRACKET_MACRO,TrendUp,MID_MORNING_DISCOVERY,70,DEVELOPING_INITIATIVE_PHASE_AWARE,0.0,TREND_COMPRESSION,1.08,,,1,-190.0,2026-05-05 18:45:00,SHARED_EXPORTER_LABEL,C:\Users\Valued Customer\NT8_Regimes\V3C\History\V3C_TradeLog_20260505.csv,2026-05-05 12:00:06,V3C Daily Export,,15 Range Momentum V1A,NQ V3C Compression Clean B,,Compression Clean B,Top Middle,C:\Users\Valued Customer\NT8_Regimes\V1A\TradeLog\V1A_TradeLog.csv,True,False,V3C Compression,TREND_COMPRESSION,TREND_COMPRESSION
2026-05-05,2026-05-05 12:00:06,2026-05-05 12:00:06,V3C,SimV3C-NQ-2B,NQ V3C Compression Clean B,NQ V3C Compression Clean B,,NQ,NQ JUN26,LONG,1,28132.25,28122.75,-190.0,-190.0,-38.0,LOSS,STOP_HIT,28122.75,190.0,TREND_COMPRESSION,BRACKET_MACRO,TrendUp,MID_MORNING_DISCOVERY,70,DEVELOPING_INITIATIVE_PHASE_AWARE,0.0,TREND_COMPRESSION,0.0,-1.0,-1.0,2,-380.0,2026-05-05 18:45:00,OK,C:\Users\Valued Customer\NT8_Regimes\V3C\History\V3C_TradeLog_20260505.csv,2026-05-05 12:00:06,V3C Daily Export,NQ V3C Compression Clean B,NQ V3C Compression Clean B,NQ V3C Compression Clean B,,Compression Clean B,Top Middle,C:\Users\Valued Customer\NT8_Regimes\V3C\TradeLog\SimV3C_NQ_2B_TradeLog.csv,True,False,V3C Compression,TREND_COMPRESSION,TREND_COMPRESSION
2026-05-05,2026-05-05 12:28:53,2026-05-05 12:31:30,V3C,SimV3C-NQ-2B,NQ V3C Compression Clean B,NQ V3C Compression Clean B,,NQ,NQ JUN26,LONG,1,28113.75,28104.25,-190.0,-190.0,-38.0,LOSS,STOP_HIT,28104.25,190.0,TREND_COMPRESSION,BRACKET_MACRO,TrendUp,LUNCH_AUCTION,66,MICRO_TREND_INSIDE_MACRO_STRUCTURE,0.0,TREND_COMPRESSION,2.62,-1.0,-1.0,3,-570.0,2026-05-05 18:45:00,OK,C:\Users\Valued Customer\NT8_Regimes\V3C\History\V3C_TradeLog_20260505.csv,2026-05-05 12:28:53,V3C Daily Export,NQ V3C Compression Clean B,NQ V3C Compression Clean B,NQ V3C Compression Clean B,,Compression Clean B,Top Middle,C:\Users\Valued Customer\NT8_Regimes\V3C\TradeLog\SimV3C_NQ_2B_TradeLog.csv,True,False,V3C Compression,TREND_COMPRESSION,TREND_COMPRESSION
2026-05-05,2026-05-05 12:32:50,2026-05-05 12:35:53,V3C,SimV3C-NQ-2B,NQ V3C Compression Clean B,NQ V3C Compression Clean B,,NQ,NQ JUN26,LONG,1,28112.75,28122.25,190.0,190.0,38.0,WIN,TARGET_HIT,,,TREND_COMPRESSION,BRACKET_MACRO,TrendUp,LUNCH_AUCTION,66,MICRO_TREND_INSIDE_MACRO_STRUCTURE,0.0,TREND_COMPRESSION,3.05,,,4,-380.0,2026-05-05 18:45:00,OK,C:\Users\Valued Customer\NT8_Regimes\V3C\History\V3C_TradeLog_20260505.csv,2026-05-05 12:32:50,V3C Daily Export,NQ V3C Compression Clean B,NQ V3C Compression Clean B,NQ V3C Compression Clean B,,Compression Clean B,Top Middle,C:\Users\Valued Customer\NT8_Regimes\V3C\TradeLog\SimV3C_NQ_2B_TradeLog.csv,True,False,V3C Compression,TREND_COMPRESSION,TREND_COMPRESSION
2026-05-05,2026-05-05 12:45:33,2026-05-05 12:47:12,V3C,SimV3C-NQ-2B,NQ V3C Compression Clean B,NQ V3C Compression Clean B,,NQ,NQ JUN26,LONG,1,28113.0,28122.5,190.0,190.0,38.0,WIN,TARGET_HIT,,,TREND_COMPRESSION,BRACKET_MACRO,TrendUp,LUNCH_AUCTION,66,MICRO_TREND_INSIDE_MACRO_STRUCTURE,0.0,TREND_COMPRESSION,1.65,,,5,-190.0,2026-05-05 18:45:00,OK,C:\Users\Valued Customer\NT8_Regimes\V3C\History\V3C_TradeLog_20260505.csv,2026-05-05 12:45:33,V3C Daily Export,NQ V3C Compression Clean B,NQ V3C Compression Clean B,NQ V3C Compression Clean B,,Compression Clean B,Top Middle,C:\Users\Valued Customer\NT8_Regimes\V3C\TradeLog\SimV3C_NQ_2B_TradeLog.csv,True,False,V3C Compression,TREND_COMPRESSION,TREND_COMPRESSION
2026-05-05,2026-05-05 12:47:13,2026-05-05 12:47:28,V3C,SimV3C-NQ-2B,NQ V3C Compression Clean B,Compression Clean B,,NQ,NQ JUN26,LONG,1,28120.75,28122.5,35.0,35.0,7.0,WIN,TARGET_HIT,,,TREND_COMPRESSION,BRACKET_MACRO,TrendUp,LUNCH_AUCTION,66,MICRO_TREND_INSIDE_MACRO_STRUCTURE,0.0,TREND_COMPRESSION,0.25,,,6,-155.0,2026-05-05 18:45:00,SHARED_EXPORTER_LABEL,C:\Users\Valued Customer\NT8_Regimes\V3C\History\V3C_TradeLog_20260505.csv,2026-05-05 12:47:13,V3C Daily Export,,15 Range Momentum V1A,NQ V3C Compression Clean B,,Compression Clean B,Top Middle,C:\Users\Valued Customer\NT8_Regimes\V1A\TradeLog\V1A_TradeLog.csv,True,False,V3C Compression,TREND_COMPRESSION,TREND_COMPRESSION
2026-05-05,2026-05-05 13:12:11,2026-05-05 13:15:29,V3C,SimV3C-NQ-2B,NQ V3C Compression Clean B,NQ V3C Compression Clean B,,NQ,NQ JUN26,LONG,1,28121.5,28131.25,195.0,195.0,39.0,WIN,TARGET_HIT,,,TREND_COMPRESSION,BRACKET_MACRO,TrendUp,POST_LUNCH_ROTATION,66,MICRO_TREND_INSIDE_MACRO_STRUCTURE,0.0,TREND_COMPRESSION,3.3,,,7,40.0,2026-05-05 18:45:00,OK,C:\Users\Valued Customer\NT8_Regimes\V3C\History\V3C_TradeLog_20260505.csv,2026-05-05 13:12:11,V3C Daily Export,NQ V3C Compression Clean B,NQ V3C Compression Clean B,NQ V3C Compression Clean B,,Compression Clean B,Top Middle,C:\Users\Valued Customer\NT8_Regimes\V3C\TradeLog\SimV3C_NQ_2B_TradeLog.csv,True,False,V3C Compression,TREND_COMPRESSION,TREND_COMPRESSION
2026-05-05,2026-05-05 13:18:00,2026-05-05 13:18:18,V3C,SimV3C-NQ-2B,NQ V3C Compression Clean B,Compression Clean B,,NQ,NQ JUN26,LONG,1,28128.5,28131.25,55.0,55.0,11.0,WIN,TARGET_HIT,,,TREND_COMPRESSION,BRACKET_MACRO,TrendUp,POST_LUNCH_ROTATION,66,MICRO_TREND_INSIDE_MACRO_STRUCTURE,0.0,TREND_COMPRESSION,0.3,,,8,95.0,2026-05-05 18:45:00,SHARED_EXPORTER_LABEL,C:\Users\Valued Customer\NT8_Regimes\V3C\History\V3C_TradeLog_20260505.csv,2026-05-05 13:18:00,V3C Daily Export,,15 Range Momentum V1A,NQ V3C Compression Clean B,,Compression Clean B,Top Middle,C:\Users\Valued Customer\NT8_Regimes\V1A\TradeLog\V1A_TradeLog.csv,True,False,V3C Compression,TREND_COMPRESSION,TREND_COMPRESSION
2026-05-05,2026-05-05 15:58:17,2026-05-05 16:00:03,V3C,SimV3C-NQ-2B,NQ V3C Compression Clean B,Compression Clean B,,NQ,NQ JUN26,LONG,1,28133.0,28135.25,45.0,45.0,9.0,WIN,SESSION_CLOSE,,,TRANSITION,BRACKET_MACRO,TrendDown,LATE_DAY_CONVICTION,50,NO_CLEAR_STAGE_C_ALIGNMENT,0.0,TREND_COMPRESSION,1.77,,,9,140.0,2026-05-05 18:45:00,SHARED_EXPORTER_LABEL,C:\Users\Valued Customer\NT8_Regimes\V3C\History\V3C_TradeLog_20260505.csv,2026-05-05 15:58:17,V3C Daily Export,,15 Range Momentum V1A,NQ V3C Compression Clean B,,Compression Clean B,Top Middle,C:\Users\Valued Customer\NT8_Regimes\V1A\TradeLog\V1A_TradeLog.csv,True,False,V3C Compression,TRANSITION,TREND_COMPRESSION
2026-05-05,2026-05-05 12:36:29,2026-05-05 12:36:29,V3C,SimV3C-NQ-2C,NQ V3C Compression Sniper C 20-40-60,NQ V3C Compression Sniper C 20-40-60,,NQ,NQ JUN26,LONG,1,28128.75,28099.5,-585.0,-585.0,-117.0,LOSS,STOP_HIT,28099.5,585.0,TREND_COMPRESSION,BRACKET_MACRO,TrendUp,LUNCH_AUCTION,66,MICRO_TREND_INSIDE_MACRO_STRUCTURE,0.0,TREND_COMPRESSION,0.0,-1.0,-1.0,1,-585.0,2026-05-05 18:45:00,OK,C:\Users\Valued Customer\NT8_Regimes\V3C\History\V3C_TradeLog_20260505.csv,2026-05-05 12:36:29,V3C Daily Export,NQ V3C Compression Sniper C 20-40-60,NQ V3C Compression Sniper C 20-40-60,V3_Compression_Sniper_V3C,,Compression Sniper C,Top Middle,C:\Users\Valued Customer\NT8_Regimes\V3C\TradeLog\SimV3C_NQ_2C_TradeLog.csv,True,False,V3C Compression,TREND_COMPRESSION,TREND_COMPRESSION
2026-05-05,2026-05-05 12:36:29,2026-05-05 12:39:46,V3C,SimV3C-NQ-2C,V3_Compression_Sniper_V3C,Compression Sniper C,,NQ,NQ JUN26,LONG,1,28128.75,28099.5,-585.0,-585.0,-117.0,LOSS,STOP_HIT,,,TREND_COMPRESSION,BRACKET_MACRO,TrendUp,LUNCH_AUCTION,66,MICRO_TREND_INSIDE_MACRO_STRUCTURE,0.0,TREND_COMPRESSION,3.28,,,2,-1170.0,2026-05-05 18:45:00,SHARED_EXPORTER_LABEL,C:\Users\Valued Customer\NT8_Regimes\V3C\History\V3C_TradeLog_20260505.csv,2026-05-05 12:36:29,V3C Daily Export,,15 Range Momentum V1A,V3_Compression_Sniper_V3C,,Compression Sniper C,Top Middle,C:\Users\Valued Customer\NT8_Regimes\V1A\TradeLog\V1A_TradeLog.csv,True,False,V3C Compression,TREND_COMPRESSION,TREND_COMPRESSION
2026-05-05,2026-05-05 12:47:55,2026-05-05 13:51:40,V3C,SimV3C-NQ-2C,NQ V3C Compression Sniper C 20-40-60,NQ V3C Compression Sniper C 20-40-60,,NQ,NQ JUN26,LONG,1,28129.0,28161.5,650.0,650.0,130.0,WIN,TARGET_HIT,,,TREND_COMPRESSION,BRACKET_MACRO,TrendUp,LUNCH_AUCTION,66,MICRO_TREND_INSIDE_MACRO_STRUCTURE,0.0,TREND_COMPRESSION,63.75,,,3,-520.0,2026-05-05 18:45:00,OK,C:\Users\Valued Customer\NT8_Regimes\V3C\History\V3C_TradeLog_20260505.csv,2026-05-05 12:47:55,V3C Daily Export,NQ V3C Compression Sniper C 20-40-60,NQ V3C Compression Sniper C 20-40-60,V3_Compression_Sniper_V3C,,Compression Sniper C,Top Middle,C:\Users\Valued Customer\NT8_Regimes\V3C\TradeLog\SimV3C_NQ_2C_TradeLog.csv,True,False,V3C Compression,TREND_COMPRESSION,TREND_COMPRESSION
2026-05-05,2026-05-05 12:48:00,2026-05-05 13:09:00,V3C,,V3_Compression_Sniper_V3C,V3_Compression_Sniper_V3C,,NQ,NQ JUN26,LONG,1,28127.5,28111.0,-330.0,-330.0,-66.0,LOSS,STOP_HIT,28111.0,330.0,TREND_COMPRESSION,BRACKET_MACRO,TrendUp,LUNCH_AUCTION,66,MICRO_TREND_INSIDE_MACRO_STRUCTURE,0.0,TREND_COMPRESSION,21.0,-1.0,-1.0,1,-330.0,2026-05-05 18:45:00,MISSING_ACCOUNT,C:\Users\Valued Customer\NT8_Regimes\V3C\History\V3C_TradeLog_20260505.csv,2026-05-05 12:48:00,V3C Daily Export,V3_Compression_Sniper_V3C,V3_Compression_Sniper_V3C,UNKNOWN,,,,C:\Users\Valued Customer\NT8_Regimes\V3C\TradeLog\V3C_UNFILTERED_TradeLog.csv,True,False,V3C Compression,TREND_COMPRESSION,TREND_COMPRESSION
2026-05-05,2026-05-05 13:18:00,2026-05-05 13:27:00,V3C,,V3_Compression_Sniper_V3C,V3_Compression_Sniper_V3C,,NQ,NQ JUN26,LONG,1,28128.5,28143.25,295.0,295.0,59.0,WIN,TARGET_HIT,,,TREND_COMPRESSION,BRACKET_MACRO,TrendUp,POST_LUNCH_ROTATION,66,MICRO_TREND_INSIDE_MACRO_STRUCTURE,0.0,TREND_COMPRESSION,9.0,,,2,-35.0,2026-05-05 18:45:00,MISSING_ACCOUNT,C:\Users\Valued Customer\NT8_Regimes\V3C\History\V3C_TradeLog_20260505.csv,2026-05-05 13:18:00,V3C Daily Export,V3_Compression_Sniper_V3C,V3_Compression_Sniper_V3C,UNKNOWN,,,,C:\Users\Valued Customer\NT8_Regimes\V3C\TradeLog\V3C_UNFILTERED_TradeLog.csv,True,False,V3C Compression,TREND_COMPRESSION,TREND_COMPRESSION
2026-05-05,2026-05-05 15:39:00,2026-05-05 15:39:00,V3C,,V3_Compression_Sniper_V3C,V3_Compression_Sniper_V3C,,NQ,NQ JUN26,LONG,1,28167.0,28156.75,-205.0,-205.0,-41.0,LOSS,STOP_HIT,28156.75,205.0,TREND_COMPRESSION,BRACKET_MACRO,TrendUp,LATE_DAY_CONVICTION,66,MICRO_TREND_INSIDE_MACRO_STRUCTURE,0.0,TREND_COMPRESSION,0.0,-1.0,-1.0,3,-240.0,2026-05-05 18:45:00,MISSING_ACCOUNT,C:\Users\Valued Customer\NT8_Regimes\V3C\History\V3C_TradeLog_20260505.csv,2026-05-05 15:39:00,V3C Daily Export,V3_Compression_Sniper_V3C,V3_Compression_Sniper_V3C,UNKNOWN,,,,C:\Users\Valued Customer\NT8_Regimes\V3C\TradeLog\V3C_UNFILTERED_TradeLog.csv,True,False,V3C Compression,TREND_COMPRESSION,TREND_COMPRESSION
2026-05-06,2026-05-06 09:38:44,2026-05-06 09:38:59,V3C,SimV3C-NQ-2A,NQ VC3-A Compression Fast,NQ VC3-A Compression Fast,,NQ,NQ JUN26,LONG,1,28404.5,28420.5,320.0,320.0,64.0,WIN,TARGET_HIT,,,TRANSITION,OPENING_AUCTION,TrendUp,OPENING_AUCTION,55,OPENING_OR_UNRESOLVED_OPENING_AUCTION,0.0,TRANSITION,0.25,,,1,320.0,2026-05-06 16:21:14,OK,C:\Users\Valued Customer\NT8_Regimes\V3C\History\V3C_TradeLog_20260506.csv,2026-05-06 09:38:44,V3C Daily Export,NQ VC3-A Compression Fast,NQ VC3-A Compression Fast,NQ VC3-A Compression Fast,,Compression Fast A,Top Middle,C:\Users\Valued Customer\NT8_Regimes\V3C\TradeLog\SimV3C_NQ_2A_TradeLog.csv,True,False,V3C Compression,TRANSITION,TRANSITION
2026-05-06,2026-05-06 09:43:40,2026-05-06 09:43:41,V3C,SimV3C-NQ-2A,NQ VC3-A Compression Fast,NQ VC3-A Compression Fast,,NQ,NQ JUN26,LONG,1,28439.5,28455.5,320.0,320.0,64.0,WIN,TARGET_HIT,,,TREND_COMPRESSION,BALANCE_STRUCTURE,TrendUp,EARLY_TEST,66,MICRO_TREND_INSIDE_MACRO_STRUCTURE,0.0,TRANSITION,0.02,,,2,640.0,2026-05-06 16:21:14,OK,C:\Users\Valued Customer\NT8_Regimes\V3C\History\V3C_TradeLog_20260506.csv,2026-05-06 09:43:40,V3C Daily Export,NQ VC3-A Compression Fast,NQ VC3-A Compression Fast,NQ VC3-A Compression Fast,,Compression Fast A,Top Middle,C:\Users\Valued Customer\NT8_Regimes\V3C\TradeLog\SimV3C_NQ_2A_TradeLog.csv,True,False,V3C Compression,TREND_COMPRESSION,TRANSITION
2026-05-06,2026-05-06 09:47:23,2026-05-06 09:48:10,V3C,SimV3C-NQ-2A,NQ VC3-A Compression Fast,NQ VC3-A Compression Fast,,NQ,NQ JUN26,LONG,1,28464.5,28480.25,315.0,315.0,63.0,WIN,TARGET_HIT,,,TRANSITION,BALANCE_STRUCTURE,TrendDown,FIRST_ACCEPTANCE,50,NO_CLEAR_STAGE_C_ALIGNMENT,0.0,TREND_COMPRESSION,0.78,,,3,955.0,2026-05-06 16:21:14,OK,C:\Users\Valued Customer\NT8_Regimes\V3C\History\V3C_TradeLog_20260506.csv,2026-05-06 09:47:23,V3C Daily Export,NQ VC3-A Compression Fast,NQ VC3-A Compression Fast,NQ VC3-A Compression Fast,,Compression Fast A,Top Middle,C:\Users\Valued Customer\NT8_Regimes\V3C\TradeLog\SimV3C_NQ_2A_TradeLog.csv,True,False,V3C Compression,TRANSITION,TREND_COMPRESSION
2026-05-06,2026-05-06 09:49:06,2026-05-06 09:50:30,V3C,SimV3C-NQ-2A,NQ VC3-A Compression Fast,NQ VC3-A Compression Fast,,NQ,NQ JUN26,LONG,1,28464.5,28448.75,-315.0,-315.0,-63.0,LOSS,STOP_HIT,,,TRANSITION,BALANCE_STRUCTURE,TrendDown,FIRST_ACCEPTANCE,50,NO_CLEAR_STAGE_C_ALIGNMENT,0.0,TREND_COMPRESSION,1.4,,,4,640.0,2026-05-06 16:21:14,OK,C:\Users\Valued Customer\NT8_Regimes\V3C\History\V3C_TradeLog_20260506.csv,2026-05-06 09:49:06,V3C Daily Export,NQ VC3-A Compression Fast,NQ VC3-A Compression Fast,NQ VC3-A Compression Fast,,Compression Fast A,Top Middle,C:\Users\Valued Customer\NT8_Regimes\V3C\TradeLog\SimV3C_NQ_2A_TradeLog.csv,True,False,V3C Compression,TRANSITION,TREND_COMPRESSION
2026-05-06,2026-05-06 09:51:07,2026-05-06 09:51:10,V3C,SimV3C-NQ-2A,NQ VC3-A Compression Fast,NQ VC3-A Compression Fast,,NQ,NQ JUN26,LONG,1,28429.5,28445.5,320.0,320.0,64.0,WIN,TARGET_HIT,,,TRANSITION,BALANCE_STRUCTURE,TrendDown,FIRST_ACCEPTANCE,50,NO_CLEAR_STAGE_C_ALIGNMENT,0.0,TREND_COMPRESSION,0.05,,,5,960.0,2026-05-06 16:21:14,OK,C:\Users\Valued Customer\NT8_Regimes\V3C\History\V3C_TradeLog_20260506.csv,2026-05-06 09:51:07,V3C Daily Export,NQ VC3-A Compression Fast,NQ VC3-A Compression Fast,NQ VC3-A Compression Fast,,Compression Fast A,Top Middle,C:\Users\Valued Customer\NT8_Regimes\V3C\TradeLog\SimV3C_NQ_2A_TradeLog.csv,True,False,V3C Compression,TRANSITION,TREND_COMPRESSION
2026-05-06,2026-05-06 09:56:48,2026-05-06 09:57:13,V3C,SimV3C-NQ-2A,NQ VC3-A Compression Fast,NQ VC3-A Compression Fast,,NQ,NQ JUN26,LONG,1,28469.5,28485.0,310.0,310.0,62.0,WIN,TARGET_HIT,,,TREND_COMPRESSION,BALANCE_STRUCTURE,TrendUp,EARLY_CONTINUATION,66,MICRO_TREND_INSIDE_MACRO_STRUCTURE,0.0,TREND_COMPRESSION,0.42,,,6,1270.0,2026-05-06 16:21:14,OK,C:\Users\Valued Customer\NT8_Regimes\V3C\History\V3C_TradeLog_20260506.csv,2026-05-06 09:56:48,V3C Daily Export,NQ VC3-A Compression Fast,NQ VC3-A Compression Fast,NQ VC3-A Compression Fast,,Compression Fast A,Top Middle,C:\Users\Valued Customer\NT8_Regimes\V3C\TradeLog\SimV3C_NQ_2A_TradeLog.csv,True,False,V3C Compression,TREND_COMPRESSION,TREND_COMPRESSION
2026-05-06,2026-05-06 09:58:04,2026-05-06 10:01:00,V3C,SimV3C-NQ-2A,NQ VC3-A Compression Fast,NQ VC3-A Compression Fast,,NQ,NQ JUN26,LONG,1,28474.5,28459.0,-310.0,-310.0,-62.0,LOSS,STOP_HIT,,,TREND_COMPRESSION,BALANCE_STRUCTURE,TrendUp,EARLY_CONTINUATION,66,MICRO_TREND_INSIDE_MACRO_STRUCTURE,0.0,TREND_COMPRESSION,2.93,,,7,960.0,2026-05-06 16:21:14,OK,C:\Users\Valued Customer\NT8_Regimes\V3C\History\V3C_TradeLog_20260506.csv,2026-05-06 09:58:04,V3C Daily Export,NQ VC3-A Compression Fast,NQ VC3-A Compression Fast,NQ VC3-A Compression Fast,,Compression Fast A,Top Middle,C:\Users\Valued Customer\NT8_Regimes\V3C\TradeLog\SimV3C_NQ_2A_TradeLog.csv,True,False,V3C Compression,TREND_COMPRESSION,TREND_COMPRESSION
2026-05-06,2026-05-06 10:01:22,2026-05-06 10:01:26,V3C,SimV3C-NQ-2A,NQ VC3-A Compression Fast,NQ VC3-A Compression Fast,,NQ,NQ JUN26,LONG,1,28459.5,28475.25,315.0,315.0,63.0,WIN,TARGET_HIT,,,TREND_COMPRESSION,BALANCE_STRUCTURE,TrendUp,EARLY_CONTINUATION,66,MICRO_TREND_INSIDE_MACRO_STRUCTURE,0.0,TREND_COMPRESSION,0.07,,,8,1275.0,2026-05-06 16:21:14,OK,C:\Users\Valued Customer\NT8_Regimes\V3C\History\V3C_TradeLog_20260506.csv,2026-05-06 10:01:22,V3C Daily Export,NQ VC3-A Compression Fast,NQ VC3-A Compression Fast,NQ VC3-A Compression Fast,,Compression Fast A,Top Middle,C:\Users\Valued Customer\NT8_Regimes\V3C\TradeLog\SimV3C_NQ_2A_TradeLog.csv,True,False,V3C Compression,TREND_COMPRESSION,TREND_COMPRESSION
2026-05-06,2026-05-06 10:05:44,2026-05-06 10:06:13,V3C,SimV3C-NQ-2A,NQ VC3-A Compression Fast,Compression Fast A,,NQ,NQ JUN26,LONG,1,28435.75,28420.0,-315.0,-315.0,-63.0,LOSS,STOP_HIT,,,TREND_COMPRESSION,BALANCE_STRUCTURE,TrendUp,PRE_DECISION,66,MICRO_TREND_INSIDE_MACRO_STRUCTURE,0.0,TREND_COMPRESSION,0.48,,,9,960.0,2026-05-06 16:21:14,SHARED_EXPORTER_LABEL,C:\Users\Valued Customer\NT8_Regimes\V3C\History\V3C_TradeLog_20260506.csv,2026-05-06 10:05:44,V3C Daily Export,,NQ_ADX_C,NQ VC3-A Compression Fast,,Compression Fast A,Top Middle,C:\Users\Valued Customer\NT8_Regimes\V3D\TradeLog\V3D_TradeLog.csv,True,False,V3C Compression,TREND_COMPRESSION,TREND_COMPRESSION
2026-05-06,2026-05-06 10:05:44,2026-05-06 10:06:08,V3C,SimV3C-NQ-2A,NQ VC3-A Compression Fast,NQ VC3-A Compression Fast,,NQ,NQ JUN26,LONG,1,28435.75,28420.0,-315.0,-315.0,-63.0,LOSS,STOP_HIT,28420.0,315.0,TREND_COMPRESSION,BALANCE_STRUCTURE,TrendUp,PRE_DECISION,66,MICRO_TREND_INSIDE_MACRO_STRUCTURE,0.0,TREND_COMPRESSION,0.4,-1.0,-1.0,10,645.0,2026-05-06 16:21:14,OK,C:\Users\Valued Customer\NT8_Regimes\V3C\History\V3C_TradeLog_20260506.csv,2026-05-06 10:05:44,V3C Daily Export,NQ VC3-A Compression Fast,NQ VC3-A Compression Fast,NQ VC3-A Compression Fast,,Compression Fast A,Top Middle,C:\Users\Valued Customer\NT8_Regimes\V3C\TradeLog\SimV3C_NQ_2A_TradeLog.csv,True,False,V3C Compression,TREND_COMPRESSION,TREND_COMPRESSION
2026-05-06,2026-05-06 10:07:10,2026-05-06 10:07:42,V3C,SimV3C-NQ-2A,NQ VC3-A Compression Fast,NQ VC3-A Compression Fast,,NQ,NQ JUN26,LONG,1,28410.5,28426.25,315.0,315.0,63.0,WIN,TARGET_HIT,,,ROTATION_ILLIQUID,REVERSION_STRUCTURE,TrendUp,END_FIRST_WINDOW,62,COMPRESSED_BALANCE_LOW_EDGE,0.0,TREND_COMPRESSION,0.53,,,11,960.0,2026-05-06 16:21:14,OK,C:\Users\Valued Customer\NT8_Regimes\V3C\History\V3C_TradeLog_20260506.csv,2026-05-06 10:07:10,V3C Daily Export,NQ VC3-A Compression Fast,NQ VC3-A Compression Fast,NQ VC3-A Compression Fast,,Compression Fast A,Top Middle,C:\Users\Valued Customer\NT8_Regimes\V3C\TradeLog\SimV3C_NQ_2A_TradeLog.csv,True,False,V3C Compression,ROTATION_ILLIQUID,TREND_COMPRESSION
2026-05-06,2026-05-06 10:14:48,2026-05-06 10:15:17,V3C,SimV3C-NQ-2A,NQ VC3-A Compression Fast,NQ VC3-A Compression Fast,,NQ,NQ JUN26,LONG,1,28482.25,28466.5,-315.0,-315.0,-63.0,LOSS,STOP_HIT,28466.5,315.0,TREND_COMPRESSION,BRACKET_MACRO,TrendUp,PRE_IB_MATURATION,66,MICRO_TREND_INSIDE_MACRO_STRUCTURE,0.0,TREND_COMPRESSION,0.48,-1.0,-1.0,12,645.0,2026-05-06 16:21:14,OK,C:\Users\Valued Customer\NT8_Regimes\V3C\History\V3C_TradeLog_20260506.csv,2026-05-06 10:14:48,V3C Daily Export,NQ VC3-A Compression Fast,NQ VC3-A Compression Fast,NQ VC3-A Compression Fast,,Compression Fast A,Top Middle,C:\Users\Valued Customer\NT8_Regimes\V3C\TradeLog\SimV3C_NQ_2A_TradeLog.csv,True,False,V3C Compression,TREND_COMPRESSION,TREND_COMPRESSION
2026-05-06,2026-05-06 10:18:16,2026-05-06 10:18:30,V3C,SimV3C-NQ-2A,NQ VC3-A Compression Fast,NQ VC3-A Compression Fast,,NQ,NQ JUN26,LONG,1,28444.75,28429.25,-310.0,-310.0,-62.0,LOSS,STOP_HIT,28429.0,315.0,TREND_COMPRESSION,BRACKET_MACRO,TrendUp,PRE_IB_MATURATION,66,MICRO_TREND_INSIDE_MACRO_STRUCTURE,0.0,TREND_COMPRESSION,0.23,-0.98,-0.98,13,335.0,2026-05-06 16:21:14,OK,C:\Users\Valued Customer\NT8_Regimes\V3C\History\V3C_TradeLog_20260506.csv,2026-05-06 10:18:16,V3C Daily Export,NQ VC3-A Compression Fast,NQ VC3-A Compression Fast,NQ VC3-A Compression Fast,,Compression Fast A,Top Middle,C:\Users\Valued Customer\NT8_Regimes\V3C\TradeLog\SimV3C_NQ_2A_TradeLog.csv,True,False,V3C Compression,TREND_COMPRESSION,TREND_COMPRESSION
2026-05-06,2026-05-06 10:19:24,2026-05-06 10:19:24,V3C,SimV3C-NQ-2A,NQ VC3-A Compression Fast,NQ VC3-A Compression Fast,,NQ,NQ JUN26,LONG,1,28436.25,28420.5,-315.0,-315.0,-63.0,LOSS,STOP_HIT,28420.5,315.0,TREND_COMPRESSION,BRACKET_MACRO,TrendUp,PRE_IB_MATURATION,66,MICRO_TREND_INSIDE_MACRO_STRUCTURE,0.0,TREND_COMPRESSION,0.0,-1.0,-1.0,14,20.0,2026-05-06 16:21:14,OK,C:\Users\Valued Customer\NT8_Regimes\V3C\History\V3C_TradeLog_20260506.csv,2026-05-06 10:19:24,V3C Daily Export,NQ VC3-A Compression Fast,NQ VC3-A Compression Fast,NQ VC3-A Compression Fast,,Compression Fast A,Top Middle,C:\Users\Valued Customer\NT8_Regimes\V3C\TradeLog\SimV3C_NQ_2A_TradeLog.csv,True,False,V3C Compression,TREND_COMPRESSION,TREND_COMPRESSION
2026-05-06,2026-05-06 10:20:21,2026-05-06 10:21:17,V3C,SimV3C-NQ-2A,NQ VC3-A Compression Fast,NQ VC3-A Compression Fast,,NQ,NQ JUN26,LONG,1,28424.5,28440.5,320.0,320.0,64.0,WIN,TARGET_HIT,,,TREND_COMPRESSION,BRACKET_MACRO,TrendUp,PRE_IB_MATURATION,66,MICRO_TREND_INSIDE_MACRO_STRUCTURE,0.0,TREND_COMPRESSION,0.93,,,15,340.0,2026-05-06 16:21:14,OK,C:\Users\Valued Customer\NT8_Regimes\V3C\History\V3C_TradeLog_20260506.csv,2026-05-06 10:20:21,V3C Daily Export,NQ VC3-A Compression Fast,NQ VC3-A Compression Fast,NQ VC3-A Compression Fast,,Compression Fast A,Top Middle,C:\Users\Valued Customer\NT8_Regimes\V3C\TradeLog\SimV3C_NQ_2A_TradeLog.csv,True,False,V3C Compression,TREND_COMPRESSION,TREND_COMPRESSION
2026-05-06,2026-05-06 10:21:18,2026-05-06 10:21:18,V3C,SimV3C-NQ-2A,NQ VC3-A Compression Fast,Compression Fast A,,NQ,NQ JUN26,LONG,1,28439.75,28440.5,15.0,15.0,3.0,WIN,TARGET_HIT,,,TREND_COMPRESSION,BRACKET_MACRO,TrendUp,PRE_IB_MATURATION,66,MICRO_TREND_INSIDE_MACRO_STRUCTURE,0.0,TREND_COMPRESSION,0.0,,,16,355.0,2026-05-06 16:21:14,SHARED_EXPORTER_LABEL,C:\Users\Valued Customer\NT8_Regimes\V3C\History\V3C_TradeLog_20260506.csv,2026-05-06 10:21:18,V3C Daily Export,,NQ_ADX_C,NQ VC3-A Compression Fast,,Compression Fast A,Top Middle,C:\Users\Valued Customer\NT8_Regimes\V3D\TradeLog\V3D_TradeLog.csv,True,False,V3C Compression,TREND_COMPRESSION,TREND_COMPRESSION
2026-05-06,2026-05-06 10:22:01,2026-05-06 10:22:23,V3C,SimV3C-NQ-2A,NQ VC3-A Compression Fast,NQ VC3-A Compression Fast,,NQ,NQ JUN26,LONG,1,28439.25,28423.0,-325.0,-325.0,-65.0,LOSS,STOP_HIT,28423.25,320.0,TREND_COMPRESSION,BRACKET_MACRO,TrendUp,PRE_IB_MATURATION,66,MICRO_TREND_INSIDE_MACRO_STRUCTURE,0.0,TREND_COMPRESSION,0.37,-1.02,-1.02,17,30.0,2026-05-06 16:21:14,OK,C:\Users\Valued Customer\NT8_Regimes\V3C\History\V3C_TradeLog_20260506.csv,2026-05-06 10:22:01,V3C Daily Export,NQ VC3-A Compression Fast,NQ VC3-A Compression Fast,NQ VC3-A Compression Fast,,Compression Fast A,Top Middle,C:\Users\Valued Customer\NT8_Regimes\V3C\TradeLog\SimV3C_NQ_2A_TradeLog.csv,True,False,V3C Compression,TREND_COMPRESSION,TREND_COMPRESSION
2026-05-06,2026-05-06 10:23:19,2026-05-06 10:25:03,V3C,SimV3C-NQ-2A,NQ VC3-A Compression Fast,NQ VC3-A Compression Fast,,NQ,NQ JUN26,LONG,1,28424.75,28440.75,320.0,320.0,64.0,WIN,TARGET_HIT,,,TRANSITION,MEAN_REVERSION_MACRO,TrendUp,PRE_IB_MATURATION,55,HIGH_CONFLICT_STAGE_A_B_OR_PRICE_ACTION,0.0,TREND_COMPRESSION,1.73,,,18,350.0,2026-05-06 16:21:14,OK,C:\Users\Valued Customer\NT8_Regimes\V3C\History\V3C_TradeLog_20260506.csv,2026-05-06 10:23:19,V3C Daily Export,NQ VC3-A Compression Fast,NQ VC3-A Compression Fast,NQ VC3-A Compression Fast,,Compression Fast A,Top Middle,C:\Users\Valued Customer\NT8_Regimes\V3C\TradeLog\SimV3C_NQ_2A_TradeLog.csv,True,False,V3C Compression,TRANSITION,TREND_COMPRESSION
2026-05-06,2026-05-06 10:25:03,2026-05-06 10:25:06,V3C,SimV3C-NQ-2A,NQ VC3-A Compression Fast,Compression Fast A,,NQ,NQ JUN26,LONG,1,28439.75,28440.75,20.0,20.0,4.0,WIN,TARGET_HIT,,,TRANSITION,MEAN_REVERSION_MACRO,TrendUp,PRE_IB_MATURATION,55,HIGH_CONFLICT_STAGE_A_B_OR_PRICE_ACTION,0.0,TRANSITION,0.05,,,19,370.0,2026-05-06 16:21:14,SHARED_EXPORTER_LABEL,C:\Users\Valued Customer\NT8_Regimes\V3C\History\V3C_TradeLog_20260506.csv,2026-05-06 10:25:03,V3C Daily Export,,NQ_ADX_C,NQ VC3-A Compression Fast,,Compression Fast A,Top Middle,C:\Users\Valued Customer\NT8_Regimes\V3D\TradeLog\V3D_TradeLog.csv,True,False,V3C Compression,TRANSITION,TRANSITION
2026-05-06,2026-05-06 11:14:51,2026-05-06 11:16:50,V3C,SimV3C-NQ-2A,NQ VC3-A Compression Fast,NQ VC3-A Compression Fast,,NQ,NQ JUN26,LONG,1,28534.0,28550.0,320.0,320.0,64.0,WIN,TARGET_HIT,,,TREND_COMPRESSION,BRACKET_MACRO,TrendUp,MID_MORNING_DISCOVERY,75,DEVELOPING_INITIATIVE_PHASE_AWARE,0.0,TREND_COMPRESSION,1.98,,,20,690.0,2026-05-06 16:21:14,OK,C:\Users\Valued Customer\NT8_Regimes\V3C\History\V3C_TradeLog_20260506.csv,2026-05-06 11:14:51,V3C Daily Export,NQ VC3-A Compression Fast,NQ VC3-A Compression Fast,NQ VC3-A Compression Fast,,Compression Fast A,Top Middle,C:\Users\Valued Customer\NT8_Regimes\V3C\TradeLog\SimV3C_NQ_2A_TradeLog.csv,True,False,V3C Compression,TREND_COMPRESSION,TREND_COMPRESSION
2026-05-06,2026-05-06 12:56:46,2026-05-06 12:57:51,V3C,SimV3C-NQ-2A,NQ VC3-A Compression Fast,NQ VC3-A Compression Fast,,NQ,NQ JUN26,LONG,1,28544.75,28529.25,-310.0,-310.0,-62.0,LOSS,STOP_HIT,28529.0,315.0,TREND_COMPRESSION,BRACKET_MACRO,TrendUp,LUNCH_AUCTION,66,MICRO_TREND_INSIDE_MACRO_STRUCTURE,0.0,TREND_COMPRESSION,1.08,-0.98,-0.98,21,380.0,2026-05-06 16:21:14,OK,C:\Users\Valued Customer\NT8_Regimes\V3C\History\V3C_TradeLog_20260506.csv,2026-05-06 12:56:46,V3C Daily Export,NQ VC3-A Compression Fast,NQ VC3-A Compression Fast,NQ VC3-A Compression Fast,,Compression Fast A,Top Middle,C:\Users\Valued Customer\NT8_Regimes\V3C\TradeLog\SimV3C_NQ_2A_TradeLog.csv,True,False,V3C Compression,TREND_COMPRESSION,TREND_COMPRESSION
2026-05-06,2026-05-06 12:58:31,2026-05-06 13:02:30,V3C,SimV3C-NQ-2A,NQ VC3-A Compression Fast,Compression Fast A,,NQ,NQ JUN26,LONG,1,28529.25,28545.25,320.0,320.0,64.0,WIN,TARGET_HIT,,,TREND_COMPRESSION,BRACKET_MACRO,TrendUp,LUNCH_AUCTION,66,MICRO_TREND_INSIDE_MACRO_STRUCTURE,0.0,TREND_COMPRESSION,3.98,,,22,700.0,2026-05-06 16:21:14,OK,C:\Users\Valued Customer\NT8_Regimes\V3C\History\V3C_TradeLog_20260506.csv,2026-05-06 12:58:31,V3C Daily Export,,Sniper_V3D,NQ VC3-A Compression Fast,,Compression Fast A,Top Middle,C:\Users\Valued Customer\NT8_Regimes\V3D\TradeLog\V3D_TradeLog.csv,True,False,V3C Compression,TREND_COMPRESSION,TREND_COMPRESSION
2026-05-06,2026-05-06 09:38:16,2026-05-06 09:38:16,V3C,SimV3C-NQ-2B,NQ V3C Compression Clean B,NQ V3C Compression Clean B,,NQ,NQ JUN26,LONG,1,28413.5,28422.75,185.0,185.0,37.0,WIN,TARGET_HIT,,,TRANSITION,OPENING_AUCTION,TrendUp,OPENING_AUCTION,55,OPENING_OR_UNRESOLVED_OPENING_AUCTION,0.0,TRANSITION,0.0,,,1,185.0,2026-05-06 16:21:14,OK,C:\Users\Valued Customer\NT8_Regimes\V3C\History\V3C_TradeLog_20260506.csv,2026-05-06 09:38:16,V3C Daily Export,NQ V3C Compression Clean B,NQ V3C Compression Clean B,NQ V3C Compression Clean B,,Compression Clean B,Top Middle,C:\Users\Valued Customer\NT8_Regimes\V3C\TradeLog\SimV3C_NQ_2B_TradeLog.csv,True,False,V3C Compression,TRANSITION,TRANSITION
2026-05-06,2026-05-06 09:38:43,2026-05-06 09:38:43,V3C,SimV3C-NQ-2B,NQ V3C Compression Clean B,NQ V3C Compression Clean B,,NQ,NQ JUN26,LONG,1,28405.5,28415.0,190.0,190.0,38.0,WIN,TARGET_HIT,,,TRANSITION,OPENING_AUCTION,TrendUp,OPENING_AUCTION,55,OPENING_OR_UNRESOLVED_OPENING_AUCTION,0.0,TRANSITION,0.0,,,2,375.0,2026-05-06 16:21:14,OK,C:\Users\Valued Customer\NT8_Regimes\V3C\History\V3C_TradeLog_20260506.csv,2026-05-06 09:38:43,V3C Daily Export,NQ V3C Compression Clean B,NQ V3C Compression Clean B,NQ V3C Compression Clean B,,Compression Clean B,Top Middle,C:\Users\Valued Customer\NT8_Regimes\V3C\TradeLog\SimV3C_NQ_2B_TradeLog.csv,True,False,V3C Compression,TRANSITION,TRANSITION
2026-05-06,2026-05-06 09:39:17,2026-05-06 09:39:17,V3C,SimV3C-NQ-2B,NQ V3C Compression Clean B,NQ V3C Compression Clean B,,NQ,NQ JUN26,LONG,1,28413.5,28423.0,190.0,190.0,38.0,WIN,TARGET_HIT,,,TRANSITION,OPENING_AUCTION,TrendUp,OPENING_AUCTION,55,OPENING_OR_UNRESOLVED_OPENING_AUCTION,0.0,TRANSITION,0.0,,,3,565.0,2026-05-06 16:21:14,OK,C:\Users\Valued Customer\NT8_Regimes\V3C\History\V3C_TradeLog_20260506.csv,2026-05-06 09:39:17,V3C Daily Export,NQ V3C Compression Clean B,NQ V3C Compression Clean B,NQ V3C Compression Clean B,,Compression Clean B,Top Middle,C:\Users\Valued Customer\NT8_Regimes\V3C\TradeLog\SimV3C_NQ_2B_TradeLog.csv,True,False,V3C Compression,TRANSITION,TRANSITION
2026-05-06,2026-05-06 09:42:53,2026-05-06 09:43:18,V3C,SimV3C-NQ-2B,NQ V3C Compression Clean B,NQ V3C Compression Clean B,,NQ,NQ JUN26,LONG,1,28437.5,28447.0,190.0,190.0,38.0,WIN,TARGET_HIT,,,TREND_COMPRESSION,BALANCE_STRUCTURE,TrendUp,EARLY_TEST,66,MICRO_TREND_INSIDE_MACRO_STRUCTURE,0.0,TRANSITION,0.42,,,4,755.0,2026-05-06 16:21:14,OK,C:\Users\Valued Customer\NT8_Regimes\V3C\History\V3C_TradeLog_20260506.csv,2026-05-06 09:42:53,V3C Daily Export,NQ V3C Compression Clean B,NQ V3C Compression Clean B,NQ V3C Compression Clean B,,Compression Clean B,Top Middle,C:\Users\Valued Customer\NT8_Regimes\V3C\TradeLog\SimV3C_NQ_2B_TradeLog.csv,True,False,V3C Compression,TREND_COMPRESSION,TRANSITION
2026-05-06,2026-05-06 09:47:23,2026-05-06 09:47:23,V3C,SimV3C-NQ-2B,NQ V3C Compression Clean B,NQ V3C Compression Clean B,,NQ,NQ JUN26,LONG,1,28465.5,28475.0,190.0,190.0,38.0,WIN,TARGET_HIT,,,TRANSITION,BALANCE_STRUCTURE,TrendDown,FIRST_ACCEPTANCE,50,NO_CLEAR_STAGE_C_ALIGNMENT,0.0,TREND_COMPRESSION,0.0,,,5,945.0,2026-05-06 16:21:14,OK,C:\Users\Valued Customer\NT8_Regimes\V3C\History\V3C_TradeLog_20260506.csv,2026-05-06 09:47:23,V3C Daily Export,NQ V3C Compression Clean B,NQ V3C Compression Clean B,NQ V3C Compression Clean B,,Compression Clean B,Top Middle,C:\Users\Valued Customer\NT8_Regimes\V3C\TradeLog\SimV3C_NQ_2B_TradeLog.csv,True,False,V3C Compression,TRANSITION,TREND_COMPRESSION
2026-05-06,2026-05-06 09:47:58,2026-05-06 09:47:58,V3C,SimV3C-NQ-2B,NQ V3C Compression Clean B,NQ V3C Compression Clean B,,NQ,NQ JUN26,LONG,1,28465.5,28475.0,190.0,190.0,38.0,WIN,TARGET_HIT,,,TRANSITION,BALANCE_STRUCTURE,TrendDown,FIRST_ACCEPTANCE,50,NO_CLEAR_STAGE_C_ALIGNMENT,0.0,TREND_COMPRESSION,0.0,,,6,1135.0,2026-05-06 16:21:14,OK,C:\Users\Valued Customer\NT8_Regimes\V3C\History\V3C_TradeLog_20260506.csv,2026-05-06 09:47:58,V3C Daily Export,NQ V3C Compression Clean B,NQ V3C Compression Clean B,NQ V3C Compression Clean B,,Compression Clean B,Top Middle,C:\Users\Valued Customer\NT8_Regimes\V3C\TradeLog\SimV3C_NQ_2B_TradeLog.csv,True,False,V3C Compression,TRANSITION,TREND_COMPRESSION
2026-05-06,2026-05-06 09:49:04,2026-05-06 09:50:14,V3C,SimV3C-NQ-2B,NQ V3C Compression Clean B,NQ V3C Compression Clean B,,NQ,NQ JUN26,LONG,1,28465.5,28456.0,-190.0,-190.0,-38.0,LOSS,STOP_HIT,,,TRANSITION,BALANCE_STRUCTURE,TrendDown,FIRST_ACCEPTANCE,50,NO_CLEAR_STAGE_C_ALIGNMENT,0.0,TREND_COMPRESSION,1.17,,,7,945.0,2026-05-06 16:21:14,OK,C:\Users\Valued Customer\NT8_Regimes\V3C\History\V3C_TradeLog_20260506.csv,2026-05-06 09:49:04,V3C Daily Export,NQ V3C Compression Clean B,NQ V3C Compression Clean B,NQ V3C Compression Clean B,,Compression Clean B,Top Middle,C:\Users\Valued Customer\NT8_Regimes\V3C\TradeLog\SimV3C_NQ_2B_TradeLog.csv,True,False,V3C Compression,TRANSITION,TREND_COMPRESSION
2026-05-06,2026-05-06 09:51:08,2026-05-06 09:51:08,V3C,SimV3C-NQ-2B,NQ V3C Compression Clean B,NQ V3C Compression Clean B,,NQ,NQ JUN26,LONG,1,28433.5,28443.0,190.0,190.0,38.0,WIN,TARGET_HIT,,,TRANSITION,BALANCE_STRUCTURE,TrendDown,FIRST_ACCEPTANCE,50,NO_CLEAR_STAGE_C_ALIGNMENT,0.0,TREND_COMPRESSION,0.0,,,8,1135.0,2026-05-06 16:21:14,OK,C:\Users\Valued Customer\NT8_Regimes\V3C\History\V3C_TradeLog_20260506.csv,2026-05-06 09:51:08,V3C Daily Export,NQ V3C Compression Clean B,NQ V3C Compression Clean B,NQ V3C Compression Clean B,,Compression Clean B,Top Middle,C:\Users\Valued Customer\NT8_Regimes\V3C\TradeLog\SimV3C_NQ_2B_TradeLog.csv,True,False,V3C Compression,TRANSITION,TREND_COMPRESSION
2026-05-06,2026-05-06 09:57:12,2026-05-06 09:57:12,V3C,SimV3C-NQ-2B,NQ V3C Compression Clean B,NQ V3C Compression Clean B,,NQ,NQ JUN26,LONG,1,28473.5,28482.75,185.0,185.0,37.0,WIN,TARGET_HIT,,,TREND_COMPRESSION,BALANCE_STRUCTURE,TrendUp,EARLY_CONTINUATION,66,MICRO_TREND_INSIDE_MACRO_STRUCTURE,0.0,TREND_COMPRESSION,0.0,,,9,1320.0,2026-05-06 16:21:14,OK,C:\Users\Valued Customer\NT8_Regimes\V3C\History\V3C_TradeLog_20260506.csv,2026-05-06 09:57:12,V3C Daily Export,NQ V3C Compression Clean B,NQ V3C Compression Clean B,NQ V3C Compression Clean B,,Compression Clean B,Top Middle,C:\Users\Valued Customer\NT8_Regimes\V3C\TradeLog\SimV3C_NQ_2B_TradeLog.csv,True,False,V3C Compression,TREND_COMPRESSION,TREND_COMPRESSION
2026-05-06,2026-05-06 09:58:02,2026-05-06 09:58:02,V3C,SimV3C-NQ-2B,NQ V3C Compression Clean B,NQ V3C Compression Clean B,,NQ,NQ JUN26,LONG,1,28473.5,28482.75,185.0,185.0,37.0,WIN,TARGET_HIT,,,TREND_COMPRESSION,BALANCE_STRUCTURE,TrendUp,EARLY_CONTINUATION,66,MICRO_TREND_INSIDE_MACRO_STRUCTURE,0.0,TREND_COMPRESSION,0.0,,,10,1505.0,2026-05-06 16:21:14,OK,C:\Users\Valued Customer\NT8_Regimes\V3C\History\V3C_TradeLog_20260506.csv,2026-05-06 09:58:02,V3C Daily Export,NQ V3C Compression Clean B,NQ V3C Compression Clean B,NQ V3C Compression Clean B,,Compression Clean B,Top Middle,C:\Users\Valued Customer\NT8_Regimes\V3C\TradeLog\SimV3C_NQ_2B_TradeLog.csv,True,False,V3C Compression,TREND_COMPRESSION,TREND_COMPRESSION
2026-05-06,2026-05-06 09:59:08,2026-05-06 09:59:08,V3C,SimV3C-NQ-2B,NQ V3C Compression Clean B,NQ V3C Compression Clean B,,NQ,NQ JUN26,LONG,1,28477.5,28487.0,190.0,190.0,38.0,WIN,TARGET_HIT,,,TREND_COMPRESSION,BALANCE_STRUCTURE,TrendUp,EARLY_CONTINUATION,66,MICRO_TREND_INSIDE_MACRO_STRUCTURE,0.0,TREND_COMPRESSION,0.0,,,11,1695.0,2026-05-06 16:21:14,OK,C:\Users\Valued Customer\NT8_Regimes\V3C\History\V3C_TradeLog_20260506.csv,2026-05-06 09:59:08,V3C Daily Export,NQ V3C Compression Clean B,NQ V3C Compression Clean B,NQ V3C Compression Clean B,,Compression Clean B,Top Middle,C:\Users\Valued Customer\NT8_Regimes\V3C\TradeLog\SimV3C_NQ_2B_TradeLog.csv,True,False,V3C Compression,TREND_COMPRESSION,TREND_COMPRESSION
2026-05-06,2026-05-06 10:00:19,2026-05-06 10:00:19,V3C,SimV3C-NQ-2B,NQ V3C Compression Clean B,NQ V3C Compression Clean B,,NQ,NQ JUN26,LONG,1,28469.5,28479.0,190.0,190.0,38.0,WIN,TARGET_HIT,,,TREND_COMPRESSION,BALANCE_STRUCTURE,TrendUp,EARLY_CONTINUATION,66,MICRO_TREND_INSIDE_MACRO_STRUCTURE,0.0,TREND_COMPRESSION,0.0,,,12,1885.0,2026-05-06 16:21:14,OK,C:\Users\Valued Customer\NT8_Regimes\V3C\History\V3C_TradeLog_20260506.csv,2026-05-06 10:00:19,V3C Daily Export,NQ V3C Compression Clean B,NQ V3C Compression Clean B,NQ V3C Compression Clean B,,Compression Clean B,Top Middle,C:\Users\Valued Customer\NT8_Regimes\V3C\TradeLog\SimV3C_NQ_2B_TradeLog.csv,True,False,V3C Compression,TREND_COMPRESSION,TREND_COMPRESSION
2026-05-06,2026-05-06 10:00:40,2026-05-06 10:00:40,V3C,SimV3C-NQ-2B,NQ V3C Compression Clean B,NQ V3C Compression Clean B,,NQ,NQ JUN26,LONG,1,28469.5,28479.0,190.0,190.0,38.0,WIN,TARGET_HIT,,,TREND_COMPRESSION,BALANCE_STRUCTURE,TrendUp,EARLY_CONTINUATION,66,MICRO_TREND_INSIDE_MACRO_STRUCTURE,0.0,TREND_COMPRESSION,0.0,,,13,2075.0,2026-05-06 16:21:14,OK,C:\Users\Valued Customer\NT8_Regimes\V3C\History\V3C_TradeLog_20260506.csv,2026-05-06 10:00:40,V3C Daily Export,NQ V3C Compression Clean B,NQ V3C Compression Clean B,NQ V3C Compression Clean B,,Compression Clean B,Top Middle,C:\Users\Valued Customer\NT8_Regimes\V3C\TradeLog\SimV3C_NQ_2B_TradeLog.csv,True,False,V3C Compression,TREND_COMPRESSION,TREND_COMPRESSION
2026-05-06,2026-05-06 10:01:24,2026-05-06 10:01:24,V3C,SimV3C-NQ-2B,NQ V3C Compression Clean B,NQ V3C Compression Clean B,,NQ,NQ JUN26,LONG,1,28465.5,28475.0,190.0,190.0,38.0,WIN,TARGET_HIT,,,TREND_COMPRESSION,BALANCE_STRUCTURE,TrendUp,EARLY_CONTINUATION,66,MICRO_TREND_INSIDE_MACRO_STRUCTURE,0.0,TREND_COMPRESSION,0.0,,,14,2265.0,2026-05-06 16:21:14,OK,C:\Users\Valued Customer\NT8_Regimes\V3C\History\V3C_TradeLog_20260506.csv,2026-05-06 10:01:24,V3C Daily Export,NQ V3C Compression Clean B,NQ V3C Compression Clean B,NQ V3C Compression Clean B,,Compression Clean B,Top Middle,C:\Users\Valued Customer\NT8_Regimes\V3C\TradeLog\SimV3C_NQ_2B_TradeLog.csv,True,False,V3C Compression,TREND_COMPRESSION,TREND_COMPRESSION
2026-05-06,2026-05-06 10:05:22,2026-05-06 10:05:22,V3C,SimV3C-NQ-2B,NQ V3C Compression Clean B,NQ V3C Compression Clean B,,NQ,NQ JUN26,LONG,1,28434.5,28424.75,-195.0,-195.0,-39.0,LOSS,STOP_HIT,28425.0,190.0,TREND_COMPRESSION,BALANCE_STRUCTURE,TrendUp,PRE_DECISION,66,MICRO_TREND_INSIDE_MACRO_STRUCTURE,0.0,TREND_COMPRESSION,0.0,-1.03,-1.03,15,2070.0,2026-05-06 16:21:14,OK,C:\Users\Valued Customer\NT8_Regimes\V3C\History\V3C_TradeLog_20260506.csv,2026-05-06 10:05:22,V3C Daily Export,NQ V3C Compression Clean B,NQ V3C Compression Clean B,NQ V3C Compression Clean B,,Compression Clean B,Top Middle,C:\Users\Valued Customer\NT8_Regimes\V3C\TradeLog\SimV3C_NQ_2B_TradeLog.csv,True,False,V3C Compression,TREND_COMPRESSION,TREND_COMPRESSION
2026-05-06,2026-05-06 10:05:23,2026-05-06 10:05:27,V3C,SimV3C-NQ-2B,NQ V3C Compression Clean B,Compression Clean B,,NQ,NQ JUN26,LONG,1,28434.5,28424.75,-195.0,-195.0,-39.0,LOSS,STOP_HIT,,,TREND_COMPRESSION,BALANCE_STRUCTURE,TrendUp,PRE_DECISION,66,MICRO_TREND_INSIDE_MACRO_STRUCTURE,0.0,TREND_COMPRESSION,0.07,,,16,1875.0,2026-05-06 16:21:14,SHARED_EXPORTER_LABEL,C:\Users\Valued Customer\NT8_Regimes\V3C\History\V3C_TradeLog_20260506.csv,2026-05-06 10:05:23,V3C Daily Export,,NQ_ADX_C,NQ V3C Compression Clean B,,Compression Clean B,Top Middle,C:\Users\Valued Customer\NT8_Regimes\V3D\TradeLog\V3D_TradeLog.csv,True,False,V3C Compression,TREND_COMPRESSION,TREND_COMPRESSION
2026-05-06,2026-05-06 10:06:42,2026-05-06 10:06:42,V3C,SimV3C-NQ-2B,NQ V3C Compression Clean B,NQ V3C Compression Clean B,,NQ,NQ JUN26,LONG,1,28421.5,28412.0,-190.0,-190.0,-38.0,LOSS,STOP_HIT,28412.0,190.0,ROTATION_ILLIQUID,REVERSION_STRUCTURE,TrendUp,END_FIRST_WINDOW,62,COMPRESSED_BALANCE_LOW_EDGE,0.0,TREND_COMPRESSION,0.0,-1.0,-1.0,17,1685.0,2026-05-06 16:21:14,OK,C:\Users\Valued Customer\NT8_Regimes\V3C\History\V3C_TradeLog_20260506.csv,2026-05-06 10:06:42,V3C Daily Export,NQ V3C Compression Clean B,NQ V3C Compression Clean B,NQ V3C Compression Clean B,,Compression Clean B,Top Middle,C:\Users\Valued Customer\NT8_Regimes\V3C\TradeLog\SimV3C_NQ_2B_TradeLog.csv,True,False,V3C Compression,ROTATION_ILLIQUID,TREND_COMPRESSION
2026-05-06,2026-05-06 10:06:42,2026-05-06 10:06:45,V3C,SimV3C-NQ-2B,NQ V3C Compression Clean B,Compression Clean B,,NQ,NQ JUN26,LONG,1,28421.5,28412.0,-190.0,-190.0,-38.0,LOSS,STOP_HIT,,,ROTATION_ILLIQUID,REVERSION_STRUCTURE,TrendUp,END_FIRST_WINDOW,62,COMPRESSED_BALANCE_LOW_EDGE,0.0,TREND_COMPRESSION,0.05,,,18,1495.0,2026-05-06 16:21:14,SHARED_EXPORTER_LABEL,C:\Users\Valued Customer\NT8_Regimes\V3C\History\V3C_TradeLog_20260506.csv,2026-05-06 10:06:42,V3C Daily Export,,NQ_ADX_C,NQ V3C Compression Clean B,,Compression Clean B,Top Middle,C:\Users\Valued Customer\NT8_Regimes\V3D\TradeLog\V3D_TradeLog.csv,True,False,V3C Compression,ROTATION_ILLIQUID,TREND_COMPRESSION
2026-05-06,2026-05-06 10:07:09,2026-05-06 10:07:29,V3C,SimV3C-NQ-2B,NQ V3C Compression Clean B,NQ V3C Compression Clean B,,NQ,NQ JUN26,LONG,1,28406.25,28415.5,185.0,185.0,37.0,WIN,TARGET_HIT,,,ROTATION_ILLIQUID,REVERSION_STRUCTURE,TrendUp,END_FIRST_WINDOW,62,COMPRESSED_BALANCE_LOW_EDGE,0.0,TREND_COMPRESSION,0.33,,,19,1680.0,2026-05-06 16:21:14,OK,C:\Users\Valued Customer\NT8_Regimes\V3C\History\V3C_TradeLog_20260506.csv,2026-05-06 10:07:09,V3C Daily Export,NQ V3C Compression Clean B,NQ V3C Compression Clean B,NQ V3C Compression Clean B,,Compression Clean B,Top Middle,C:\Users\Valued Customer\NT8_Regimes\V3C\TradeLog\SimV3C_NQ_2B_TradeLog.csv,True,False,V3C Compression,ROTATION_ILLIQUID,TREND_COMPRESSION
2026-05-06,2026-05-06 10:07:10,2026-05-06 10:07:29,V3C,SimV3C-NQ-2B,NQ V3C Compression Clean B,Compression Clean B,,NQ,NQ JUN26,LONG,1,28410.5,28415.5,100.0,100.0,20.0,WIN,TARGET_HIT,,,ROTATION_ILLIQUID,REVERSION_STRUCTURE,TrendUp,END_FIRST_WINDOW,62,COMPRESSED_BALANCE_LOW_EDGE,0.0,TREND_COMPRESSION,0.32,,,20,1780.0,2026-05-06 16:21:14,SHARED_EXPORTER_LABEL,C:\Users\Valued Customer\NT8_Regimes\V3C\History\V3C_TradeLog_20260506.csv,2026-05-06 10:07:10,V3C Daily Export,,NQ_ADX_C,NQ V3C Compression Clean B,,Compression Clean B,Top Middle,C:\Users\Valued Customer\NT8_Regimes\V3D\TradeLog\V3D_TradeLog.csv,True,False,V3C Compression,ROTATION_ILLIQUID,TREND_COMPRESSION
2026-05-06,2026-05-06 10:14:09,2026-05-06 10:14:09,V3C,SimV3C-NQ-2B,NQ V3C Compression Clean B,NQ V3C Compression Clean B,,NQ,NQ JUN26,LONG,1,28477.25,28468.0,-185.0,-185.0,-37.0,LOSS,STOP_HIT,28468.0,185.0,TREND_COMPRESSION,BRACKET_MACRO,TrendUp,PRE_IB_MATURATION,66,MICRO_TREND_INSIDE_MACRO_STRUCTURE,0.0,TREND_COMPRESSION,0.0,-1.0,-1.0,21,1595.0,2026-05-06 16:21:14,OK,C:\Users\Valued Customer\NT8_Regimes\V3C\History\V3C_TradeLog_20260506.csv,2026-05-06 10:14:09,V3C Daily Export,NQ V3C Compression Clean B,NQ V3C Compression Clean B,NQ V3C Compression Clean B,,Compression Clean B,Top Middle,C:\Users\Valued Customer\NT8_Regimes\V3C\TradeLog\SimV3C_NQ_2B_TradeLog.csv,True,False,V3C Compression,TREND_COMPRESSION,TREND_COMPRESSION
2026-05-06,2026-05-06 10:14:09,2026-05-06 10:14:21,V3C,SimV3C-NQ-2B,NQ V3C Compression Clean B,Compression Clean B,,NQ,NQ JUN26,LONG,1,28477.25,28468.0,-185.0,-185.0,-37.0,LOSS,STOP_HIT,,,TREND_COMPRESSION,BRACKET_MACRO,TrendUp,PRE_IB_MATURATION,66,MICRO_TREND_INSIDE_MACRO_STRUCTURE,0.0,TREND_COMPRESSION,0.2,,,22,1410.0,2026-05-06 16:21:14,SHARED_EXPORTER_LABEL,C:\Users\Valued Customer\NT8_Regimes\V3C\History\V3C_TradeLog_20260506.csv,2026-05-06 10:14:09,V3C Daily Export,,NQ_ADX_C,NQ V3C Compression Clean B,,Compression Clean B,Top Middle,C:\Users\Valued Customer\NT8_Regimes\V3D\TradeLog\V3D_TradeLog.csv,True,False,V3C Compression,TREND_COMPRESSION,TREND_COMPRESSION
2026-05-06,2026-05-06 10:14:41,2026-05-06 10:15:17,V3C,SimV3C-NQ-2B,NQ V3C Compression Clean B,NQ V3C Compression Clean B,,NQ,NQ JUN26,LONG,1,28477.0,28467.5,-190.0,-190.0,-38.0,LOSS,STOP_HIT,28467.5,190.0,TREND_COMPRESSION,BRACKET_MACRO,TrendUp,PRE_IB_MATURATION,66,MICRO_TREND_INSIDE_MACRO_STRUCTURE,0.0,TREND_COMPRESSION,0.6,-1.0,-1.0,23,1220.0,2026-05-06 16:21:14,OK,C:\Users\Valued Customer\NT8_Regimes\V3C\History\V3C_TradeLog_20260506.csv,2026-05-06 10:14:41,V3C Daily Export,NQ V3C Compression Clean B,NQ V3C Compression Clean B,NQ V3C Compression Clean B,,Compression Clean B,Top Middle,C:\Users\Valued Customer\NT8_Regimes\V3C\TradeLog\SimV3C_NQ_2B_TradeLog.csv,True,False,V3C Compression,TREND_COMPRESSION,TREND_COMPRESSION
2026-05-06,2026-05-06 10:14:49,2026-05-06 10:16:00,V3C,SimV3C-NQ-2B,NQ V3C Compression Clean B,Compression Clean B,,NQ,NQ JUN26,LONG,1,28482.25,28467.5,-295.0,-295.0,-59.0,LOSS,STOP_HIT,,,TREND_COMPRESSION,BRACKET_MACRO,TrendUp,PRE_IB_MATURATION,66,MICRO_TREND_INSIDE_MACRO_STRUCTURE,0.0,TREND_COMPRESSION,1.18,,,24,925.0,2026-05-06 16:21:14,SHARED_EXPORTER_LABEL,C:\Users\Valued Customer\NT8_Regimes\V3C\History\V3C_TradeLog_20260506.csv,2026-05-06 10:14:49,V3C Daily Export,,NQ_ADX_C,NQ V3C Compression Clean B,,Compression Clean B,Top Middle,C:\Users\Valued Customer\NT8_Regimes\V3D\TradeLog\V3D_TradeLog.csv,True,False,V3C Compression,TREND_COMPRESSION,TREND_COMPRESSION
2026-05-06,2026-05-06 10:18:16,2026-05-06 10:18:16,V3C,SimV3C-NQ-2B,NQ V3C Compression Clean B,NQ V3C Compression Clean B,,NQ,NQ JUN26,LONG,1,28445.5,28435.75,-195.0,-195.0,-39.0,LOSS,STOP_HIT,28436.0,190.0,TREND_COMPRESSION,BRACKET_MACRO,TrendUp,PRE_IB_MATURATION,66,MICRO_TREND_INSIDE_MACRO_STRUCTURE,0.0,TREND_COMPRESSION,0.0,-1.03,-1.03,25,730.0,2026-05-06 16:21:14,OK,C:\Users\Valued Customer\NT8_Regimes\V3C\History\V3C_TradeLog_20260506.csv,2026-05-06 10:18:16,V3C Daily Export,NQ V3C Compression Clean B,NQ V3C Compression Clean B,NQ V3C Compression Clean B,,Compression Clean B,Top Middle,C:\Users\Valued Customer\NT8_Regimes\V3C\TradeLog\SimV3C_NQ_2B_TradeLog.csv,True,False,V3C Compression,TREND_COMPRESSION,TREND_COMPRESSION
2026-05-06,2026-05-06 10:18:17,2026-05-06 10:18:18,V3C,SimV3C-NQ-2B,NQ V3C Compression Clean B,Compression Clean B,,NQ,NQ JUN26,LONG,1,28445.5,28435.75,-195.0,-195.0,-39.0,LOSS,STOP_HIT,,,TREND_COMPRESSION,BRACKET_MACRO,TrendUp,PRE_IB_MATURATION,66,MICRO_TREND_INSIDE_MACRO_STRUCTURE,0.0,TREND_COMPRESSION,0.02,,,26,535.0,2026-05-06 16:21:14,SHARED_EXPORTER_LABEL,C:\Users\Valued Customer\NT8_Regimes\V3C\History\V3C_TradeLog_20260506.csv,2026-05-06 10:18:17,V3C Daily Export,,NQ_ADX_C,NQ V3C Compression Clean B,,Compression Clean B,Top Middle,C:\Users\Valued Customer\NT8_Regimes\V3D\TradeLog\V3D_TradeLog.csv,True,False,V3C Compression,TREND_COMPRESSION,TREND_COMPRESSION
2026-05-06,2026-05-06 10:19:22,2026-05-06 10:19:22,V3C,SimV3C-NQ-2B,NQ V3C Compression Clean B,NQ V3C Compression Clean B,,NQ,NQ JUN26,LONG,1,28434.0,28424.75,-185.0,-185.0,-37.0,LOSS,STOP_HIT,28424.75,185.0,TREND_COMPRESSION,BRACKET_MACRO,TrendUp,PRE_IB_MATURATION,66,MICRO_TREND_INSIDE_MACRO_STRUCTURE,0.0,TREND_COMPRESSION,0.0,-1.0,-1.0,27,350.0,2026-05-06 16:21:14,OK,C:\Users\Valued Customer\NT8_Regimes\V3C\History\V3C_TradeLog_20260506.csv,2026-05-06 10:19:22,V3C Daily Export,NQ V3C Compression Clean B,NQ V3C Compression Clean B,NQ V3C Compression Clean B,,Compression Clean B,Top Middle,C:\Users\Valued Customer\NT8_Regimes\V3C\TradeLog\SimV3C_NQ_2B_TradeLog.csv,True,False,V3C Compression,TREND_COMPRESSION,TREND_COMPRESSION
2026-05-06,2026-05-06 10:19:24,2026-05-06 10:19:41,V3C,SimV3C-NQ-2B,NQ V3C Compression Clean B,Compression Clean B,,NQ,NQ JUN26,LONG,1,28436.25,28424.75,-230.0,-230.0,-46.0,LOSS,STOP_HIT,,,TREND_COMPRESSION,BRACKET_MACRO,TrendUp,PRE_IB_MATURATION,66,MICRO_TREND_INSIDE_MACRO_STRUCTURE,0.0,TREND_COMPRESSION,0.28,,,28,120.0,2026-05-06 16:21:14,SHARED_EXPORTER_LABEL,C:\Users\Valued Customer\NT8_Regimes\V3C\History\V3C_TradeLog_20260506.csv,2026-05-06 10:19:24,V3C Daily Export,,NQ_ADX_C,NQ V3C Compression Clean B,,Compression Clean B,Top Middle,C:\Users\Valued Customer\NT8_Regimes\V3D\TradeLog\V3D_TradeLog.csv,True,False,V3C Compression,TREND_COMPRESSION,TREND_COMPRESSION
2026-05-06,2026-05-06 10:20:13,2026-05-06 10:21:13,V3C,SimV3C-NQ-2B,NQ V3C Compression Clean B,NQ V3C Compression Clean B,,NQ,NQ JUN26,LONG,1,28420.5,28429.75,185.0,185.0,37.0,WIN,TARGET_HIT,,,TREND_COMPRESSION,BRACKET_MACRO,TrendUp,PRE_IB_MATURATION,66,MICRO_TREND_INSIDE_MACRO_STRUCTURE,0.0,TREND_COMPRESSION,1.0,,,29,305.0,2026-05-06 16:21:14,OK,C:\Users\Valued Customer\NT8_Regimes\V3C\History\V3C_TradeLog_20260506.csv,2026-05-06 10:20:13,V3C Daily Export,NQ V3C Compression Clean B,NQ V3C Compression Clean B,NQ V3C Compression Clean B,,Compression Clean B,Top Middle,C:\Users\Valued Customer\NT8_Regimes\V3C\TradeLog\SimV3C_NQ_2B_TradeLog.csv,True,False,V3C Compression,TREND_COMPRESSION,TREND_COMPRESSION
2026-05-06,2026-05-06 10:20:21,2026-05-06 10:21:13,V3C,SimV3C-NQ-2B,NQ V3C Compression Clean B,Compression Clean B,,NQ,NQ JUN26,LONG,1,28424.5,28429.75,105.0,105.0,21.0,WIN,TARGET_HIT,,,TREND_COMPRESSION,BRACKET_MACRO,TrendUp,PRE_IB_MATURATION,66,MICRO_TREND_INSIDE_MACRO_STRUCTURE,0.0,TREND_COMPRESSION,0.87,,,30,410.0,2026-05-06 16:21:14,SHARED_EXPORTER_LABEL,C:\Users\Valued Customer\NT8_Regimes\V3C\History\V3C_TradeLog_20260506.csv,2026-05-06 10:20:21,V3C Daily Export,,NQ_ADX_C,NQ V3C Compression Clean B,,Compression Clean B,Top Middle,C:\Users\Valued Customer\NT8_Regimes\V3D\TradeLog\V3D_TradeLog.csv,True,False,V3C Compression,TREND_COMPRESSION,TREND_COMPRESSION
2026-05-06,2026-05-06 10:22:01,2026-05-06 10:22:01,V3C,SimV3C-NQ-2B,NQ V3C Compression Clean B,NQ V3C Compression Clean B,,NQ,NQ JUN26,LONG,1,28440.0,28430.25,-195.0,-195.0,-39.0,LOSS,STOP_HIT,28430.5,190.0,TREND_COMPRESSION,BRACKET_MACRO,TrendUp,PRE_IB_MATURATION,66,MICRO_TREND_INSIDE_MACRO_STRUCTURE,0.0,TREND_COMPRESSION,0.0,-1.03,-1.03,31,215.0,2026-05-06 16:21:14,OK,C:\Users\Valued Customer\NT8_Regimes\V3C\History\V3C_TradeLog_20260506.csv,2026-05-06 10:22:01,V3C Daily Export,NQ V3C Compression Clean B,NQ V3C Compression Clean B,NQ V3C Compression Clean B,,Compression Clean B,Top Middle,C:\Users\Valued Customer\NT8_Regimes\V3C\TradeLog\SimV3C_NQ_2B_TradeLog.csv,True,False,V3C Compression,TREND_COMPRESSION,TREND_COMPRESSION
2026-05-06,2026-05-06 10:22:01,2026-05-06 10:22:14,V3C,SimV3C-NQ-2B,NQ V3C Compression Clean B,Compression Clean B,,NQ,NQ JUN26,LONG,1,28439.25,28430.25,-180.0,-180.0,-36.0,LOSS,STOP_HIT,,,TREND_COMPRESSION,BRACKET_MACRO,TrendUp,PRE_IB_MATURATION,66,MICRO_TREND_INSIDE_MACRO_STRUCTURE,0.0,TREND_COMPRESSION,0.22,,,32,35.0,2026-05-06 16:21:14,SHARED_EXPORTER_LABEL,C:\Users\Valued Customer\NT8_Regimes\V3C\History\V3C_TradeLog_20260506.csv,2026-05-06 10:22:01,V3C Daily Export,,NQ_ADX_C,NQ V3C Compression Clean B,,Compression Clean B,Top Middle,C:\Users\Valued Customer\NT8_Regimes\V3D\TradeLog\V3D_TradeLog.csv,True,False,V3C Compression,TREND_COMPRESSION,TREND_COMPRESSION
2026-05-06,2026-05-06 10:22:49,2026-05-06 10:22:49,V3C,SimV3C-NQ-2B,NQ V3C Compression Clean B,NQ V3C Compression Clean B,,NQ,NQ JUN26,LONG,1,28429.0,28419.5,-190.0,-190.0,-38.0,LOSS,STOP_HIT,28419.5,190.0,TRANSITION,MEAN_REVERSION_MACRO,TrendUp,PRE_IB_MATURATION,55,HIGH_CONFLICT_STAGE_A_B_OR_PRICE_ACTION,0.0,TREND_COMPRESSION,0.0,-1.0,-1.0,33,-155.0,2026-05-06 16:21:14,OK,C:\Users\Valued Customer\NT8_Regimes\V3C\History\V3C_TradeLog_20260506.csv,2026-05-06 10:22:49,V3C Daily Export,NQ V3C Compression Clean B,NQ V3C Compression Clean B,NQ V3C Compression Clean B,,Compression Clean B,Top Middle,C:\Users\Valued Customer\NT8_Regimes\V3C\TradeLog\SimV3C_NQ_2B_TradeLog.csv,True,False,V3C Compression,TRANSITION,TREND_COMPRESSION
2026-05-06,2026-05-06 10:22:50,2026-05-06 10:23:00,V3C,SimV3C-NQ-2B,NQ V3C Compression Clean B,Compression Clean B,,NQ,NQ JUN26,LONG,1,28429.0,28419.5,-190.0,-190.0,-38.0,LOSS,STOP_HIT,,,TRANSITION,MEAN_REVERSION_MACRO,TrendUp,PRE_IB_MATURATION,55,HIGH_CONFLICT_STAGE_A_B_OR_PRICE_ACTION,0.0,TREND_COMPRESSION,0.17,,,34,-345.0,2026-05-06 16:21:14,SHARED_EXPORTER_LABEL,C:\Users\Valued Customer\NT8_Regimes\V3C\History\V3C_TradeLog_20260506.csv,2026-05-06 10:22:50,V3C Daily Export,,NQ_ADX_C,NQ V3C Compression Clean B,,Compression Clean B,Top Middle,C:\Users\Valued Customer\NT8_Regimes\V3D\TradeLog\V3D_TradeLog.csv,True,False,V3C Compression,TRANSITION,TREND_COMPRESSION
2026-05-06,2026-05-06 10:23:21,2026-05-06 10:24:37,V3C,SimV3C-NQ-2B,NQ V3C Compression Clean B,NQ V3C Compression Clean B,,NQ,NQ JUN26,LONG,1,28426.0,28416.5,-190.0,-190.0,-38.0,LOSS,STOP_HIT,28416.5,190.0,TRANSITION,MEAN_REVERSION_MACRO,TrendUp,PRE_IB_MATURATION,55,HIGH_CONFLICT_STAGE_A_B_OR_PRICE_ACTION,0.0,TREND_COMPRESSION,1.27,-1.0,-1.0,35,-535.0,2026-05-06 16:21:14,OK,C:\Users\Valued Customer\NT8_Regimes\V3C\History\V3C_TradeLog_20260506.csv,2026-05-06 10:23:21,V3C Daily Export,NQ V3C Compression Clean B,NQ V3C Compression Clean B,NQ V3C Compression Clean B,,Compression Clean B,Top Middle,C:\Users\Valued Customer\NT8_Regimes\V3C\TradeLog\SimV3C_NQ_2B_TradeLog.csv,True,False,V3C Compression,TRANSITION,TREND_COMPRESSION
2026-05-06,2026-05-06 10:24:49,2026-05-06 10:24:55,V3C,SimV3C-NQ-2B,NQ V3C Compression Clean B,Compression Clean B,,NQ,NQ JUN26,LONG,1,28426.0,28436.25,205.0,205.0,41.0,WIN,TARGET_HIT,,,TRANSITION,MEAN_REVERSION_MACRO,TrendUp,PRE_IB_MATURATION,55,HIGH_CONFLICT_STAGE_A_B_OR_PRICE_ACTION,0.0,TREND_COMPRESSION,0.1,,,36,-330.0,2026-05-06 16:21:14,SHARED_EXPORTER_LABEL,C:\Users\Valued Customer\NT8_Regimes\V3C\History\V3C_TradeLog_20260506.csv,2026-05-06 10:24:49,V3C Daily Export,,NQ_ADX_C,NQ V3C Compression Clean B,,Compression Clean B,Top Middle,C:\Users\Valued Customer\NT8_Regimes\V3D\TradeLog\V3D_TradeLog.csv,True,False,V3C Compression,TRANSITION,TREND_COMPRESSION
2026-05-06,2026-05-06 09:52:00,2026-05-06 09:52:08,V3C,SimV3C-NQ-2C,NQ V3C Compression Sniper C 20-40-60,NQ V3C Compression Sniper C 20-40-60,,NQ,NQ JUN26,LONG,1,28439.5,28472.5,660.0,660.0,132.0,WIN,TARGET_HIT,,,TREND_COMPRESSION,BALANCE_STRUCTURE,TrendUp,EARLY_CONTINUATION,66,MICRO_TREND_INSIDE_MACRO_STRUCTURE,0.0,TREND_COMPRESSION,0.13,,,1,660.0,2026-05-06 16:21:14,OK,C:\Users\Valued Customer\NT8_Regimes\V3C\History\V3C_TradeLog_20260506.csv,2026-05-06 09:52:00,V3C Daily Export,NQ V3C Compression Sniper C 20-40-60,NQ V3C Compression Sniper C 20-40-60,V3_Compression_Sniper_V3C,,Compression Sniper C,Top Middle,C:\Users\Valued Customer\NT8_Regimes\V3C\TradeLog\SimV3C_NQ_2C_TradeLog.csv,True,False,V3C Compression,TREND_COMPRESSION,TREND_COMPRESSION
2026-05-06,2026-05-06 10:07:44,2026-05-06 10:09:32,V3C,SimV3C-NQ-2C,V3_Compression_Sniper_V3C,Compression Sniper C,,NQ,NQ JUN26,LONG,1,28429.75,28461.25,630.0,630.0,126.0,WIN,TARGET_HIT,,,ROTATION_ILLIQUID,REVERSION_STRUCTURE,TrendUp,END_FIRST_WINDOW,62,COMPRESSED_BALANCE_LOW_EDGE,0.0,TREND_COMPRESSION,1.8,,,2,1290.0,2026-05-06 16:21:14,SHARED_EXPORTER_LABEL,C:\Users\Valued Customer\NT8_Regimes\V3C\History\V3C_TradeLog_20260506.csv,2026-05-06 10:07:44,V3C Daily Export,,NQ_ADX_C,V3_Compression_Sniper_V3C,,Compression Sniper C,Top Middle,C:\Users\Valued Customer\NT8_Regimes\V3D\TradeLog\V3D_TradeLog.csv,True,False,V3C Compression,ROTATION_ILLIQUID,TREND_COMPRESSION
2026-05-06,2026-05-06 10:07:44,2026-05-06 10:09:31,V3C,SimV3C-NQ-2C,NQ V3C Compression Sniper C 20-40-60,NQ V3C Compression Sniper C 20-40-60,,NQ,NQ JUN26,LONG,1,28429.75,28461.25,630.0,630.0,126.0,WIN,TARGET_HIT,,,ROTATION_ILLIQUID,REVERSION_STRUCTURE,TrendUp,END_FIRST_WINDOW,62,COMPRESSED_BALANCE_LOW_EDGE,0.0,TREND_COMPRESSION,1.78,,,3,1920.0,2026-05-06 16:21:14,OK,C:\Users\Valued Customer\NT8_Regimes\V3C\History\V3C_TradeLog_20260506.csv,2026-05-06 10:07:44,V3C Daily Export,NQ V3C Compression Sniper C 20-40-60,NQ V3C Compression Sniper C 20-40-60,V3_Compression_Sniper_V3C,,Compression Sniper C,Top Middle,C:\Users\Valued Customer\NT8_Regimes\V3C\TradeLog\SimV3C_NQ_2C_TradeLog.csv,True,False,V3C Compression,ROTATION_ILLIQUID,TREND_COMPRESSION
2026-05-06,2026-05-06 10:21:17,2026-05-06 10:21:17,V3C,SimV3C-NQ-2C,NQ V3C Compression Sniper C 20-40-60,NQ V3C Compression Sniper C 20-40-60,,NQ,NQ JUN26,LONG,1,28439.75,28411.75,-560.0,-560.0,-112.0,LOSS,STOP_HIT,28411.5,565.0,TREND_COMPRESSION,BRACKET_MACRO,TrendUp,PRE_IB_MATURATION,66,MICRO_TREND_INSIDE_MACRO_STRUCTURE,0.0,TREND_COMPRESSION,0.0,-0.99,-0.99,4,1360.0,2026-05-06 16:21:14,OK,C:\Users\Valued Customer\NT8_Regimes\V3C\History\V3C_TradeLog_20260506.csv,2026-05-06 10:21:17,V3C Daily Export,NQ V3C Compression Sniper C 20-40-60,NQ V3C Compression Sniper C 20-40-60,V3_Compression_Sniper_V3C,,Compression Sniper C,Top Middle,C:\Users\Valued Customer\NT8_Regimes\V3C\TradeLog\SimV3C_NQ_2C_TradeLog.csv,True,False,V3C Compression,TREND_COMPRESSION,TREND_COMPRESSION
2026-05-06,2026-05-06 10:25:03,2026-05-06 10:33:18,V3C,SimV3C-NQ-2C,NQ V3C Compression Sniper C 20-40-60,NQ V3C Compression Sniper C 20-40-60,,NQ,NQ JUN26,LONG,1,28439.75,28471.5,635.0,635.0,127.0,WIN,TARGET_HIT,,,TRANSITION,MEAN_REVERSION_MACRO,TrendUp,PRE_IB_MATURATION,55,HIGH_CONFLICT_STAGE_A_B_OR_PRICE_ACTION,0.0,TRANSITION,8.25,,,5,1995.0,2026-05-06 16:21:14,OK,C:\Users\Valued Customer\NT8_Regimes\V3C\History\V3C_TradeLog_20260506.csv,2026-05-06 10:25:03,V3C Daily Export,NQ V3C Compression Sniper C 20-40-60,NQ V3C Compression Sniper C 20-40-60,V3_Compression_Sniper_V3C,,Compression Sniper C,Top Middle,C:\Users\Valued Customer\NT8_Regimes\V3C\TradeLog\SimV3C_NQ_2C_TradeLog.csv,True,False,V3C Compression,TRANSITION,TRANSITION
2026-05-01,2026-05-01 10:35:01,2026-05-01 10:35:01,V1A,SimV1A- Kalman Fader 1,KalmanPulse_Fader,Kalman Fader Mode A,A,NQ,NQ JUN26,SHORT,1,27811.0,27812.25,-25.0,-25.0,-5.0,LOSS,EnvelopeBreakExit,,,ROTATION_LIQUID,ROTATION,TrendDown,POST_IB_MACRO,70,TWO_SIDED_CONFIRMED,0.0,TREND_COMPRESSION,0.0,,,1,-25.0,2026-05-02 19:39:27,OK,C:\Users\Valued Customer\NT8_Regimes\V1A\History\V1A_TradeLog_20260501.csv,2026-05-01 10:35:01,V1A Daily Export,,,,,,,,False,True,Kalman Faders,ROTATION_LIQUID,TREND_COMPRESSION
2026-05-01,2026-05-01 10:35:02,2026-05-01 10:35:02,V1A,SimV1A- Kalman Fader 1,KalmanPulse_Fader,Kalman Fader Mode A,A,NQ,NQ JUN26,SHORT,1,27812.0,27814.75,-55.0,-55.0,-11.0,LOSS,EnvelopeBreakExit,,,ROTATION_LIQUID,ROTATION,TrendDown,POST_IB_MACRO,70,TWO_SIDED_CONFIRMED,0.0,TREND_COMPRESSION,0.0,,,2,-80.0,2026-05-02 19:39:27,OK,C:\Users\Valued Customer\NT8_Regimes\V1A\History\V1A_TradeLog_20260501.csv,2026-05-01 10:35:02,V1A Daily Export,,,,,,,,False,True,Kalman Faders,ROTATION_LIQUID,TREND_COMPRESSION
2026-05-04,2026-05-04 10:35:01,2026-05-04 10:35:01,V1A,SimV1A - Kalman Fader 2,KalmanPulse_Fader,KalmanPulse_Fader_B,A+,NQ,NQ JUN26,LONG,2,27889.5,27888.5,-35.0,-35.0,-7.0,LOSS,ENVELOPE_BREAK_EXIT,27887.5,80.0,ROTATION_LIQUID,ROTATION,Transition,POST_IB_MACRO,70,TWO_SIDED_CONFIRMED,0.0,TRANSITION,0.0,-0.44,-0.44,1,-35.0,2026-05-04 22:22:41,OK,C:\Users\Valued Customer\NT8_Regimes\V1A\History\V1A_TradeLog_20260504.csv,2026-05-04 10:35:01,V1A Daily Export,,,,,,,,False,True,Kalman Faders,ROTATION_LIQUID,TRANSITION
2026-05-04,2026-05-04 10:35:01,2026-05-04 10:35:01,V1A,SimV1A- Kalman Fader 1,KalmanPulse_Fader_V2,Kalman Fader Mode A,A,NQ,NQ JUN26,LONG,7,27889.75,27888.75,-140.0,-140.0,-4.0,LOSS,EnvelopeBreakExit,,,ROTATION_LIQUID,ROTATION,Transition,POST_IB_MACRO,70,TWO_SIDED_CONFIRMED,0.0,TRANSITION,0.0,,,1,-140.0,2026-05-04 22:22:41,OK,C:\Users\Valued Customer\NT8_Regimes\V1A\History\V1A_TradeLog_20260504.csv,2026-05-04 10:35:01,V1A Daily Export,,,,,,,,False,True,Kalman Faders,ROTATION_LIQUID,TRANSITION
2026-05-04,2026-05-04 10:35:01,2026-05-04 10:35:01,V1A,SimV1A- Kalman Fader 1,KalmanPulse_Fader_V2,KalmanPulse_Fader_A,A,NQ,NQ JUN26,LONG,21,27889.68,27888.5,-485.0,-485.0,-97.0,LOSS,ENVELOPE_BREAK_EXIT,27887.5,915.0,ROTATION_LIQUID,ROTATION,Transition,POST_IB_MACRO,70,TWO_SIDED_CONFIRMED,0.0,TRANSITION,0.0,-0.53,-0.53,2,-625.0,2026-05-04 22:22:41,OK,C:\Users\Valued Customer\NT8_Regimes\V1A\History\V1A_TradeLog_20260504.csv,2026-05-04 10:35:01,V1A Daily Export,,,,,,,,False,True,Kalman Faders,ROTATION_LIQUID,TRANSITION
2026-05-04,2026-05-04 10:35:13,2026-05-04 10:35:14,V1A,SimV1A- Kalman Fader 1,KalmanPulse_Fader_V2,KalmanPulse_Fader_A,A,NQ,NQ JUN26,SHORT,34,27894.65,27896.75,-1410.0,-1410.0,-282.0,LOSS,ENVELOPE_BREAK_EXIT,27897.5,1935.0,ROTATION_LIQUID,ROTATION,Transition,POST_IB_MACRO,70,TWO_SIDED_CONFIRMED,0.0,TRANSITION,0.02,-0.73,-0.73,3,-2035.0,2026-05-04 22:22:41,OK,C:\Users\Valued Customer\NT8_Regimes\V1A\History\V1A_TradeLog_20260504.csv,2026-05-04 10:35:13,V1A Daily Export,,,,,,,,False,True,Kalman Faders,ROTATION_LIQUID,TRANSITION
2026-05-04,2026-05-04 10:35:14,2026-05-04 10:35:14,V1A,SimV1A- Kalman Fader 1,KalmanPulse_Fader_V2,Kalman Fader Mode A,A,NQ,NQ JUN26,SHORT,14,27894.75,27896.5,-490.0,-490.0,-7.0,LOSS,EnvelopeBreakExit,,,ROTATION_LIQUID,ROTATION,Transition,POST_IB_MACRO,70,TWO_SIDED_CONFIRMED,0.0,TRANSITION,0.0,,,4,-2525.0,2026-05-04 22:22:41,OK,C:\Users\Valued Customer\NT8_Regimes\V1A\History\V1A_TradeLog_20260504.csv,2026-05-04 10:35:14,V1A Daily Export,,,,,,,,False,True,Kalman Faders,ROTATION_LIQUID,TRANSITION
2026-05-04,2026-05-04 10:35:18,2026-05-04 10:35:24,V1A,SimV1A- Kalman Fader 1,KalmanPulse_Fader_V2,KalmanPulse_Fader_A,A,NQ,NQ JUN26,SHORT,28,27894.65,27893.75,860.0,860.0,172.0,WIN,STOP_HIT,27897.5,1595.0,ROTATION_LIQUID,ROTATION,Transition,POST_IB_MACRO,70,TWO_SIDED_CONFIRMED,0.0,TRANSITION,0.1,0.54,0.54,5,-1665.0,2026-05-04 22:22:41,OK,C:\Users\Valued Customer\NT8_Regimes\V1A\History\V1A_TradeLog_20260504.csv,2026-05-04 10:35:18,V1A Daily Export,,,,,,,,False,True,Kalman Faders,ROTATION_LIQUID,TRANSITION
2026-05-04,2026-05-04 10:35:18,2026-05-04 10:35:23,V1A,SimV1A- Kalman Fader 1,KalmanPulse_Fader_V2,Kalman Fader Mode A,A,NQ,NQ JUN26,SHORT,12,27894.5,27892.75,420.0,420.0,7.0,WIN,TARGET_HIT,,,ROTATION_LIQUID,ROTATION,Transition,POST_IB_MACRO,70,TWO_SIDED_CONFIRMED,0.0,TRANSITION,0.08,,,6,-1245.0,2026-05-04 22:22:41,OK,C:\Users\Valued Customer\NT8_Regimes\V1A\History\V1A_TradeLog_20260504.csv,2026-05-04 10:35:18,V1A Daily Export,,,,,,,,False,True,Kalman Faders,ROTATION_LIQUID,TRANSITION
2026-05-04,2026-05-04 10:35:29,2026-05-04 10:35:35,V1A,SimV1A- Kalman Fader 1,KalmanPulse_Fader_V2,Kalman Fader Mode A,A,NQ,NQ JUN26,SHORT,9,27894.75,27892.5,405.0,405.0,9.0,WIN,TARGET_HIT,,,ROTATION_LIQUID,ROTATION,Transition,POST_IB_MACRO,70,TWO_SIDED_CONFIRMED,0.0,TRANSITION,0.1,,,7,-840.0,2026-05-04 22:22:41,OK,C:\Users\Valued Customer\NT8_Regimes\V1A\History\V1A_TradeLog_20260504.csv,2026-05-04 10:35:29,V1A Daily Export,,,,,,,,False,True,Kalman Faders,ROTATION_LIQUID,TRANSITION
2026-05-04,2026-05-04 10:35:29,2026-05-04 10:35:38,V1A,SimV1A- Kalman Fader 1,KalmanPulse_Fader_V2,KalmanPulse_Fader_A,A,NQ,NQ JUN26,SHORT,24,27894.68,27889.75,1615.0,1615.0,323.0,WIN,TARGET_HIT,27898.25,1715.0,ROTATION_LIQUID,ROTATION,Transition,POST_IB_MACRO,70,TWO_SIDED_CONFIRMED,0.0,TRANSITION,0.15,0.94,0.94,8,775.0,2026-05-04 22:22:41,OK,C:\Users\Valued Customer\NT8_Regimes\V1A\History\V1A_TradeLog_20260504.csv,2026-05-04 10:35:29,V1A Daily Export,,,,,,,,False,True,Kalman Faders,ROTATION_LIQUID,TRANSITION
2026-05-04,2026-05-04 10:35:42,2026-05-04 10:35:43,V1A,SimV1A- Kalman Fader 1,KalmanPulse_Fader_V2,KalmanPulse_Fader_A,A,NQ,NQ JUN26,LONG,14,27889.41,27887.25,-585.0,-585.0,-117.0,LOSS,ENVELOPE_BREAK_EXIT,27883.0,1795.0,ROTATION_LIQUID,ROTATION,Transition,POST_IB_MACRO,70,TWO_SIDED_CONFIRMED,0.0,TRANSITION,0.02,-0.33,-0.33,9,190.0,2026-05-04 22:22:41,OK,C:\Users\Valued Customer\NT8_Regimes\V1A\History\V1A_TradeLog_20260504.csv,2026-05-04 10:35:42,V1A Daily Export,,,,,,,,False,True,Kalman Faders,ROTATION_LIQUID,TRANSITION
2026-05-04,2026-05-04 10:35:42,2026-05-04 10:35:43,V1A,SimV1A- Kalman Fader 1,KalmanPulse_Fader_V2,Kalman Fader Mode A,A,NQ,NQ JUN26,LONG,5,27889.5,27887.5,-200.0,-200.0,-8.0,LOSS,EnvelopeBreakExit,,,ROTATION_LIQUID,ROTATION,Transition,POST_IB_MACRO,70,TWO_SIDED_CONFIRMED,0.0,TRANSITION,0.02,,,10,-10.0,2026-05-04 22:22:41,OK,C:\Users\Valued Customer\NT8_Regimes\V1A\History\V1A_TradeLog_20260504.csv,2026-05-04 10:35:42,V1A Daily Export,,,,,,,,False,True,Kalman Faders,ROTATION_LIQUID,TRANSITION
2026-05-04,2026-05-04 10:35:46,2026-05-04 10:35:57,V1A,SimV1A- Kalman Fader 1,KalmanPulse_Fader_V2,Kalman Fader Mode A,A,NQ,NQ JUN26,LONG,6,27888.75,27888.0,-90.0,-90.0,-3.0,LOSS,EnvelopeBreakExit,,,ROTATION_LIQUID,ROTATION,Transition,POST_IB_MACRO,70,TWO_SIDED_CONFIRMED,0.0,TRANSITION,0.18,,,11,-100.0,2026-05-04 22:22:41,OK,C:\Users\Valued Customer\NT8_Regimes\V1A\History\V1A_TradeLog_20260504.csv,2026-05-04 10:35:46,V1A Daily Export,,,,,,,,False,True,Kalman Faders,ROTATION_LIQUID,TRANSITION
2026-05-04,2026-05-04 10:35:46,2026-05-04 10:35:57,V1A,SimV1A- Kalman Fader 1,KalmanPulse_Fader_V2,KalmanPulse_Fader_A,A,NQ,NQ JUN26,LONG,15,27888.2,27887.75,-120.0,-120.0,-24.0,LOSS,ENVELOPE_BREAK_EXIT,27882.75,1635.0,ROTATION_LIQUID,ROTATION,Transition,POST_IB_MACRO,70,TWO_SIDED_CONFIRMED,0.0,TRANSITION,0.18,-0.07,-0.07,12,-220.0,2026-05-04 22:22:41,OK,C:\Users\Valued Customer\NT8_Regimes\V1A\History\V1A_TradeLog_20260504.csv,2026-05-04 10:35:46,V1A Daily Export,,,,,,,,False,True,Kalman Faders,ROTATION_LIQUID,TRANSITION
2026-05-04,2026-05-04 10:36:07,2026-05-04 10:36:15,V1A,SimV1A- Kalman Fader 1,KalmanPulse_Fader_V2,Kalman Fader Mode A,A,NQ,NQ JUN26,LONG,7,27888.5,27886.25,-315.0,-315.0,-9.0,LOSS,EnvelopeBreakExit,,,ROTATION_LIQUID,ROTATION,Transition,POST_IB_MACRO,70,TWO_SIDED_CONFIRMED,0.0,TRANSITION,0.13,,,13,-535.0,2026-05-04 22:22:41,OK,C:\Users\Valued Customer\NT8_Regimes\V1A\History\V1A_TradeLog_20260504.csv,2026-05-04 10:36:07,V1A Daily Export,,,,,,,,False,True,Kalman Faders,ROTATION_LIQUID,TRANSITION
2026-05-04,2026-05-04 10:36:07,2026-05-04 10:36:15,V1A,SimV1A- Kalman Fader 1,KalmanPulse_Fader_V2,KalmanPulse_Fader_A,A,NQ,NQ JUN26,LONG,16,27888.45,27886.0,-770.0,-770.0,-154.0,LOSS,ENVELOPE_BREAK_EXIT,27883.0,1745.0,ROTATION_LIQUID,ROTATION,Transition,POST_IB_MACRO,70,TWO_SIDED_CONFIRMED,0.0,TRANSITION,0.13,-0.44,-0.44,14,-1305.0,2026-05-04 22:22:41,OK,C:\Users\Valued Customer\NT8_Regimes\V1A\History\V1A_TradeLog_20260504.csv,2026-05-04 10:36:07,V1A Daily Export,,,,,,,,False,True,Kalman Faders,ROTATION_LIQUID,TRANSITION
2026-05-04,2026-05-04 10:36:44,2026-05-04 10:36:45,V1A,SimV1A- Kalman Fader 1,KalmanPulse_Fader_V2,Kalman Fader Mode A,A,NQ,NQ JUN26,LONG,6,27885.25,27885.0,-30.0,-30.0,-1.0,LOSS,EnvelopeBreakExit,,,ROTATION_LIQUID,ROTATION,Transition,POST_IB_MACRO,70,TWO_SIDED_CONFIRMED,0.0,TRANSITION,0.02,,,15,-1335.0,2026-05-04 22:22:41,OK,C:\Users\Valued Customer\NT8_Regimes\V1A\History\V1A_TradeLog_20260504.csv,2026-05-04 10:36:44,V1A Daily Export,,,,,,,,False,True,Kalman Faders,ROTATION_LIQUID,TRANSITION
2026-05-04,2026-05-04 10:36:44,2026-05-04 10:36:45,V1A,SimV1A- Kalman Fader 1,KalmanPulse_Fader_V2,KalmanPulse_Fader_A,A,NQ,NQ JUN26,LONG,15,27885.55,27884.75,-225.0,-225.0,-45.0,LOSS,ENVELOPE_BREAK_EXIT,27879.5,1815.0,ROTATION_LIQUID,ROTATION,Transition,POST_IB_MACRO,70,TWO_SIDED_CONFIRMED,0.0,TRANSITION,0.02,-0.12,-0.12,16,-1560.0,2026-05-04 22:22:41,OK,C:\Users\Valued Customer\NT8_Regimes\V1A\History\V1A_TradeLog_20260504.csv,2026-05-04 10:36:44,V1A Daily Export,,,,,,,,False,True,Kalman Faders,ROTATION_LIQUID,TRANSITION
2026-05-05,2026-05-05 10:35:13,2026-05-05 10:35:14,V1A,SimV1A - Kalman Fader 2,KalmanPulse Fader Mode A+,KalmanPulse_Fader_B,B,NQ,NQ JUN26,SHORT,2,28128.25,28128.25,0.0,0.0,0.0,LOSS,ENVELOPE_BREAK_EXIT,28131.5,130.0,TRANSITION,TREND,Balance,POST_IB_MACRO,0,HIGH_CONFLICT,0.0,TREND_COMPRESSION,0.02,0.0,0.0,1,0.0,2026-05-05 18:45:00,OK,C:\Users\Valued Customer\NT8_Regimes\V1A\History\V1A_TradeLog_20260505.csv,2026-05-05 10:35:13,V1A Daily Export,KalmanPulse Fader Mode A+,KalmanPulse_Fader_B,KalmanPulse_Fader,,Kalman Fade Mode A+,Middle 3,C:\Users\Valued Customer\NT8_Regimes\V1B\TradeLog\KalmanPulse_Fader_B_TradeLog.csv,False,True,Kalman Faders,TRANSITION,TREND_COMPRESSION
2026-05-05,2026-05-05 10:35:44,2026-05-05 10:35:44,V1A,SimV1A - Kalman Fader 2,KalmanPulse Fader Mode A+,KalmanPulse_Fader_B,B,NQ,NQ JUN26,SHORT,2,28129.5,28130.75,-50.0,-50.0,-10.0,LOSS,ENVELOPE_BREAK_EXIT,28134.5,200.0,TRANSITION,TREND,Balance,POST_IB_MACRO,0,HIGH_CONFLICT,0.0,TREND_COMPRESSION,0.0,-0.25,-0.25,2,-50.0,2026-05-05 18:45:00,OK,C:\Users\Valued Customer\NT8_Regimes\V1A\History\V1A_TradeLog_20260505.csv,2026-05-05 10:35:44,V1A Daily Export,KalmanPulse Fader Mode A+,KalmanPulse_Fader_B,KalmanPulse_Fader,,Kalman Fade Mode A+,Middle 3,C:\Users\Valued Customer\NT8_Regimes\V1B\TradeLog\KalmanPulse_Fader_B_TradeLog.csv,False,True,Kalman Faders,TRANSITION,TREND_COMPRESSION
2026-05-05,2026-05-05 10:36:03,2026-05-05 10:36:04,V1A,SimV1A - Kalman Fader 2,KalmanPulse Fader Mode A+,KalmanPulse_Fader_B,B,NQ,NQ JUN26,SHORT,2,28129.63,28131.5,-75.0,-75.0,-15.0,LOSS,ENVELOPE_BREAK_EXIT,28134.0,175.0,TRANSITION,TREND,Balance,POST_IB_MACRO,0,HIGH_CONFLICT,0.0,TREND_COMPRESSION,0.02,-0.43,-0.43,3,-125.0,2026-05-05 18:45:00,OK,C:\Users\Valued Customer\NT8_Regimes\V1A\History\V1A_TradeLog_20260505.csv,2026-05-05 10:36:03,V1A Daily Export,KalmanPulse Fader Mode A+,KalmanPulse_Fader_B,KalmanPulse_Fader,,Kalman Fade Mode A+,Middle 3,C:\Users\Valued Customer\NT8_Regimes\V1B\TradeLog\KalmanPulse_Fader_B_TradeLog.csv,False,True,Kalman Faders,TRANSITION,TREND_COMPRESSION
2026-05-05,2026-05-05 10:36:04,2026-05-05 10:36:04,V1A,SimV1A - Kalman Fader 2,KalmanPulse_Fader,Kalman Fade Mode A+,A+,NQ,NQ JUN26,SHORT,1,28129.5,28131.5,-40.0,-40.0,-8.0,LOSS,ENVELOPE_BREAK_EXIT,,,TRANSITION,TREND,Balance,POST_IB_MACRO,0,HIGH_CONFLICT,0.0,TREND_COMPRESSION,0.0,,,4,-165.0,2026-05-05 18:45:00,SHARED_EXPORTER_LABEL,C:\Users\Valued Customer\NT8_Regimes\V1A\History\V1A_TradeLog_20260505.csv,2026-05-05 10:36:04,V1A Daily Export,,15 Range Momentum V1A,KalmanPulse_Fader,,Kalman Fade Mode A+,Middle 3,C:\Users\Valued Customer\NT8_Regimes\V1A\TradeLog\V1A_TradeLog.csv,False,True,Kalman Faders,TRANSITION,TREND_COMPRESSION
2026-05-05,2026-05-05 10:35:13,2026-05-05 10:35:14,V1A,SimV1A- Kalman Fader 1,KalmanPulse_Fader_V2,Kalman Fader Mode A,A,NQ,NQ JUN26,SHORT,1,28128.25,28128.25,0.0,0.0,0.0,LOSS,ENVELOPE_BREAK_EXIT,,,TRANSITION,TREND,Balance,POST_IB_MACRO,0,HIGH_CONFLICT,0.0,TREND_COMPRESSION,0.02,,,1,0.0,2026-05-05 18:45:00,OK,C:\Users\Valued Customer\NT8_Regimes\V1A\History\V1A_TradeLog_20260505.csv,2026-05-05 10:35:13,V1A Daily Export,,Kalman Fader Mode A,KalmanPulse_Fader_V2,,Kalman Fader Mode A,Middle 3,C:\Users\Valued Customer\NT8_Regimes\V1A\TradeLog\V1A_TradeLog.csv,False,True,Kalman Faders,TRANSITION,TREND_COMPRESSION
2026-05-05,2026-05-05 10:35:44,2026-05-05 10:35:44,V1A,SimV1A- Kalman Fader 1,KalmanPulse_Fader_V2,Kalman Fader Mode A,A,NQ,NQ JUN26,SHORT,1,28129.5,28130.5,-20.0,-20.0,-4.0,LOSS,ENVELOPE_BREAK_EXIT,,,TRANSITION,TREND,Balance,POST_IB_MACRO,0,HIGH_CONFLICT,0.0,TREND_COMPRESSION,0.0,,,2,-20.0,2026-05-05 18:45:00,OK,C:\Users\Valued Customer\NT8_Regimes\V1A\History\V1A_TradeLog_20260505.csv,2026-05-05 10:35:44,V1A Daily Export,,Kalman Fader Mode A,KalmanPulse_Fader_V2,,Kalman Fader Mode A,Middle 3,C:\Users\Valued Customer\NT8_Regimes\V1A\TradeLog\V1A_TradeLog.csv,False,True,Kalman Faders,TRANSITION,TREND_COMPRESSION
2026-05-05,2026-05-05 10:36:15,2026-05-05 10:36:17,V1A,SimV1A- Kalman Fader 1,KalmanPulse_Fader_V2,Kalman Fader Mode A,A,NQ,NQ JUN26,SHORT,1,28130.25,28132.75,-50.0,-50.0,-10.0,LOSS,ENVELOPE_BREAK_EXIT,,,TRANSITION,TREND,Balance,POST_IB_MACRO,0,HIGH_CONFLICT,0.0,TREND_COMPRESSION,0.03,,,3,-70.0,2026-05-05 18:45:00,OK,C:\Users\Valued Customer\NT8_Regimes\V1A\History\V1A_TradeLog_20260505.csv,2026-05-05 10:36:15,V1A Daily Export,,Kalman Fader Mode A,KalmanPulse_Fader_V2,,Kalman Fader Mode A,Middle 3,C:\Users\Valued Customer\NT8_Regimes\V1A\TradeLog\V1A_TradeLog.csv,False,True,Kalman Faders,TRANSITION,TREND_COMPRESSION
2026-05-05,2026-05-05 15:38:59,2026-05-05 15:41:50,V1A,SimV3C-NQ-2D,UNKNOWN,UNMAPPED,,NQ,NQ JUN26,LONG,1,28167.0,28156.75,-205.0,-205.0,-41.0,LOSS,STOP_HIT,,,TRANSITION,TREND,Balance,LATE_DAY_CONVICTION,0,HIGH_CONFLICT,0.0,TREND_COMPRESSION,2.85,,,1,-205.0,2026-05-05 18:45:00,UNMAPPED_ACCOUNT;UNMAPPED_BOT;SHARED_EXPORTER_LABEL,C:\Users\Valued Customer\NT8_Regimes\V1A\History\V1A_TradeLog_20260505.csv,2026-05-05 15:38:59,V1A Daily Export,,15 Range Momentum V1A,UNKNOWN,,,,C:\Users\Valued Customer\NT8_Regimes\V1A\TradeLog\V1A_TradeLog.csv,True,False,V3C Compression,TRANSITION,TREND_COMPRESSION
2026-05-06,2026-05-06 10:35:33,2026-05-06 10:35:33,V1A,SimV1A - Kalman Fader 2,KalmanPulse_Fader,Kalman Fade Mode A+,A+,NQ,NQ JUN26,SHORT,1,28487.5,28488.25,-15.0,-15.0,-3.0,LOSS,ENVELOPE_BREAK_EXIT,,,ROTATION_LIQUID,ROTATION,Transition,POST_IB_MACRO,70,TWO_SIDED_CONFIRMED,0.0,TRANSITION,0.0,,,1,-15.0,2026-05-06 16:21:14,SHARED_EXPORTER_LABEL,C:\Users\Valued Customer\NT8_Regimes\V1A\History\V1A_TradeLog_20260506.csv,2026-05-06 10:35:33,V1A Daily Export,,NQ_ADX_C,KalmanPulse_Fader,,Kalman Fade Mode A+,Middle 3,C:\Users\Valued Customer\NT8_Regimes\V3D\TradeLog\V3D_TradeLog.csv,False,True,Kalman Faders,ROTATION_LIQUID,TRANSITION
2026-05-06,2026-05-06 10:35:33,2026-05-06 10:35:34,V1A,SimV1A - Kalman Fader 2,KalmanPulse Fader Mode A+,KalmanPulse_Fader_B,B,NQ,NQ JUN26,SHORT,2,28487.25,28488.5,-45.0,-45.0,-9.0,LOSS,ENVELOPE_BREAK_EXIT,28490.75,140.0,ROTATION_LIQUID,ROTATION,Transition,POST_IB_MACRO,70,TWO_SIDED_CONFIRMED,0.0,TRANSITION,0.02,-0.32,-0.32,2,-60.0,2026-05-06 16:21:14,SHARED_EXPORTER_LABEL,C:\Users\Valued Customer\NT8_Regimes\V1A\History\V1A_TradeLog_20260506.csv,2026-05-06 10:35:33,V1A Daily Export,KalmanPulse Fader Mode A+,KalmanPulse_Fader_B,KalmanPulse_Fader,,Kalman Fade Mode A+,Middle 3,C:\Users\Valued Customer\NT8_Regimes\V1B\TradeLog\KalmanPulse_Fader_B_TradeLog.csv,False,True,Kalman Faders,ROTATION_LIQUID,TRANSITION
2026-05-06,2026-05-06 10:38:00,2026-05-06 10:40:00,V1A,SimV1A - Kalman Fader 2,KalmanPulse Fader Mode A+,KalmanPulse_Fader_B,B,NQ,NQ JUN26,SHORT,2,28488.5,28492.5,-160.0,-160.0,-32.0,LOSS,ENVELOPE_BREAK_EXIT,28535.75,1890.0,ROTATION_LIQUID,ROTATION,Transition,POST_IB_MACRO,70,TWO_SIDED_CONFIRMED,0.0,TRANSITION,2.0,-0.08,-0.08,3,-220.0,2026-05-06 16:21:14,SHARED_EXPORTER_LABEL,C:\Users\Valued Customer\NT8_Regimes\V1A\History\V1A_TradeLog_20260506.csv,2026-05-06 10:38:00,V1A Daily Export,KalmanPulse Fader Mode A+,KalmanPulse_Fader_B,KalmanPulse_Fader,,Kalman Fade Mode A+,Middle 3,C:\Users\Valued Customer\NT8_Regimes\V1B\TradeLog\KalmanPulse_Fader_B_TradeLog.csv,False,True,Kalman Faders,ROTATION_LIQUID,TRANSITION
2026-05-06,2026-05-06 10:56:26,2026-05-06 10:57:00,V1A,SimV1A - Kalman Fader 2,KalmanPulse_Fader,Kalman Fade Mode A+,A+,NQ,NQ JUN26,SHORT,1,28535.25,28537.5,-45.0,-45.0,-9.0,LOSS,ENVELOPE_BREAK_EXIT,,,TRANSITION,TREND,Balance,MID_MORNING_DISCOVERY,0,HIGH_CONFLICT,0.0,TREND_COMPRESSION,0.57,,,4,-265.0,2026-05-06 16:21:14,SHARED_EXPORTER_LABEL,C:\Users\Valued Customer\NT8_Regimes\V1A\History\V1A_TradeLog_20260506.csv,2026-05-06 10:56:26,V1A Daily Export,,NQ_ADX_C,KalmanPulse_Fader,,Kalman Fade Mode A+,Middle 3,C:\Users\Valued Customer\NT8_Regimes\V3D\TradeLog\V3D_TradeLog.csv,False,True,Kalman Faders,TRANSITION,TREND_COMPRESSION
2026-05-06,2026-05-06 10:56:26,2026-05-06 10:57:00,V1A,SimV1A - Kalman Fader 2,KalmanPulse Fader Mode A+,KalmanPulse_Fader_B,B,NQ,NQ JUN26,SHORT,2,28535.25,28537.75,-95.0,-95.0,-19.0,LOSS,ENVELOPE_BREAK_EXIT,28564.5,1170.0,TRANSITION,TREND,Balance,MID_MORNING_DISCOVERY,0,HIGH_CONFLICT,0.0,TREND_COMPRESSION,0.57,-0.08,-0.08,5,-360.0,2026-05-06 16:21:14,SHARED_EXPORTER_LABEL,C:\Users\Valued Customer\NT8_Regimes\V1A\History\V1A_TradeLog_20260506.csv,2026-05-06 10:56:26,V1A Daily Export,KalmanPulse Fader Mode A+,KalmanPulse_Fader_B,KalmanPulse_Fader,,Kalman Fade Mode A+,Middle 3,C:\Users\Valued Customer\NT8_Regimes\V1B\TradeLog\KalmanPulse_Fader_B_TradeLog.csv,False,True,Kalman Faders,TRANSITION,TREND_COMPRESSION
2026-05-06,2026-05-06 12:24:02,2026-05-06 12:24:06,V1A,SimV1A - Kalman Fader 2,KalmanPulse_Fader,Kalman Fade Mode A+,A+,NQ,NQ JUN26,LONG,1,28576.5,28574.5,-40.0,-40.0,-8.0,LOSS,STOP_HIT,,,ROTATION_LIQUID,ROTATION,Transition,LUNCH_AUCTION,70,TWO_SIDED_CONFIRMED,0.0,TREND_COMPRESSION,0.07,,,6,-400.0,2026-05-06 16:21:14,SHARED_EXPORTER_LABEL,C:\Users\Valued Customer\NT8_Regimes\V1A\History\V1A_TradeLog_20260506.csv,2026-05-06 12:24:02,V1A Daily Export,,NQ_ADX_C,KalmanPulse_Fader,,Kalman Fade Mode A+,Middle 3,C:\Users\Valued Customer\NT8_Regimes\V3D\TradeLog\V3D_TradeLog.csv,False,True,Kalman Faders,ROTATION_LIQUID,TREND_COMPRESSION
2026-05-06,2026-05-06 12:24:02,2026-05-06 12:24:06,V1A,SimV1A - Kalman Fader 2,KalmanPulse Fader Mode A+,KalmanPulse_Fader_B,B,NQ,NQ JUN26,LONG,2,28576.5,28574.5,-80.0,-80.0,-16.0,LOSS,STOP_HIT,28574.5,80.0,ROTATION_LIQUID,ROTATION,Transition,LUNCH_AUCTION,70,TWO_SIDED_CONFIRMED,0.0,TREND_COMPRESSION,0.07,-1.0,-1.0,7,-480.0,2026-05-06 16:21:14,SHARED_EXPORTER_LABEL,C:\Users\Valued Customer\NT8_Regimes\V1A\History\V1A_TradeLog_20260506.csv,2026-05-06 12:24:02,V1A Daily Export,KalmanPulse Fader Mode A+,KalmanPulse_Fader_B,KalmanPulse_Fader,,Kalman Fade Mode A+,Middle 3,C:\Users\Valued Customer\NT8_Regimes\V1B\TradeLog\KalmanPulse_Fader_B_TradeLog.csv,False,True,Kalman Faders,ROTATION_LIQUID,TREND_COMPRESSION
2026-05-06,2026-05-06 12:39:00,2026-05-06 12:41:00,V1A,SimV1A - Kalman Fader 2,KalmanPulse Fader Mode A+,KalmanPulse_Fader_B,B,NQ,NQ JUN26,LONG,2,28563.25,28576.25,430.0,430.0,86.0,WIN,TARGET_HIT,28554.75,340.0,TREND_EMERGING,TREND,TrendUp,LUNCH_AUCTION,33,EMERGING_SIGNAL,0.0,TREND_COMPRESSION,2.0,1.26,1.26,8,-50.0,2026-05-06 16:21:14,SHARED_EXPORTER_LABEL,C:\Users\Valued Customer\NT8_Regimes\V1A\History\V1A_TradeLog_20260506.csv,2026-05-06 12:39:00,V1A Daily Export,KalmanPulse Fader Mode A+,KalmanPulse_Fader_B,KalmanPulse_Fader,,Kalman Fade Mode A+,Middle 3,C:\Users\Valued Customer\NT8_Regimes\V1B\TradeLog\KalmanPulse_Fader_B_TradeLog.csv,False,True,Kalman Faders,TREND_EMERGING,TREND_COMPRESSION
2026-05-06,2026-05-06 12:52:00,2026-05-06 12:52:00,V1A,SimV1A - Kalman Fader 2,KalmanPulse Fader Mode A+,KalmanPulse_Fader_B,B,NQ,NQ JUN26,LONG,2,28553.5,28544.5,-360.0,-360.0,-72.0,LOSS,STOP_HIT,28544.5,360.0,TREND_EMERGING,TREND,TrendUp,LUNCH_AUCTION,33,EMERGING_SIGNAL,0.0,TREND_COMPRESSION,0.0,-1.0,-1.0,9,-410.0,2026-05-06 16:21:14,SHARED_EXPORTER_LABEL,C:\Users\Valued Customer\NT8_Regimes\V1A\History\V1A_TradeLog_20260506.csv,2026-05-06 12:52:00,V1A Daily Export,KalmanPulse Fader Mode A+,KalmanPulse_Fader_B,KalmanPulse_Fader,,Kalman Fade Mode A+,Middle 3,C:\Users\Valued Customer\NT8_Regimes\V1B\TradeLog\KalmanPulse_Fader_B_TradeLog.csv,False,True,Kalman Faders,TREND_EMERGING,TREND_COMPRESSION
2026-05-06,2026-05-06 10:35:33,2026-05-06 10:35:34,V1A,SimV1A- Kalman Fader 1,KalmanPulse_Fader_V2,Kalman Fader Mode A,A,NQ,NQ JUN26,SHORT,1,28487.5,28487.25,5.0,5.0,1.0,WIN,ENVELOPE_BREAK_EXIT,,,ROTATION_LIQUID,ROTATION,Transition,POST_IB_MACRO,70,TWO_SIDED_CONFIRMED,0.0,TRANSITION,0.02,,,1,5.0,2026-05-06 16:21:14,OK,C:\Users\Valued Customer\NT8_Regimes\V1A\History\V1A_TradeLog_20260506.csv,2026-05-06 10:35:33,V1A Daily Export,,Kalman Fader Mode A,KalmanPulse_Fader_V2,,Kalman Fader Mode A,Middle 3,C:\Users\Valued Customer\NT8_Regimes\V1A\TradeLog\V1A_TradeLog.csv,False,True,Kalman Faders,ROTATION_LIQUID,TRANSITION
2026-05-06,2026-05-06 10:36:11,2026-05-06 10:36:11,V1A,SimV1A- Kalman Fader 1,KalmanPulse_Fader_V2,Kalman Fader Mode A,A,NQ,NQ JUN26,SHORT,1,28491.75,28492.5,-15.0,-15.0,-3.0,LOSS,ENVELOPE_BREAK_EXIT,,,ROTATION_LIQUID,ROTATION,Transition,POST_IB_MACRO,70,TWO_SIDED_CONFIRMED,0.0,TRANSITION,0.0,,,2,-10.0,2026-05-06 16:21:14,OK,C:\Users\Valued Customer\NT8_Regimes\V1A\History\V1A_TradeLog_20260506.csv,2026-05-06 10:36:11,V1A Daily Export,,Kalman Fader Mode A,KalmanPulse_Fader_V2,,Kalman Fader Mode A,Middle 3,C:\Users\Valued Customer\NT8_Regimes\V1A\TradeLog\V1A_TradeLog.csv,False,True,Kalman Faders,ROTATION_LIQUID,TRANSITION
2026-05-06,2026-05-06 10:36:44,2026-05-06 10:36:50,V1A,SimV1A- Kalman Fader 1,KalmanPulse_Fader_V2,Kalman Fader Mode A,A,NQ,NQ JUN26,LONG,1,28487.0,28489.5,50.0,50.0,10.0,WIN,TARGET_HIT,,,ROTATION_LIQUID,ROTATION,Transition,POST_IB_MACRO,70,TWO_SIDED_CONFIRMED,0.0,TRANSITION,0.1,,,3,40.0,2026-05-06 16:21:14,OK,C:\Users\Valued Customer\NT8_Regimes\V1A\History\V1A_TradeLog_20260506.csv,2026-05-06 10:36:44,V1A Daily Export,,Kalman Fader Mode A,KalmanPulse_Fader_V2,,Kalman Fader Mode A,Middle 3,C:\Users\Valued Customer\NT8_Regimes\V1A\TradeLog\V1A_TradeLog.csv,False,True,Kalman Faders,ROTATION_LIQUID,TRANSITION
2026-05-06,2026-05-06 10:37:25,2026-05-06 10:37:26,V1A,SimV1A- Kalman Fader 1,KalmanPulse_Fader_V2,Kalman Fader Mode A,A,NQ,NQ JUN26,SHORT,1,28489.0,28487.25,35.0,35.0,7.0,WIN,TARGET_HIT,,,ROTATION_LIQUID,ROTATION,Transition,POST_IB_MACRO,70,TWO_SIDED_CONFIRMED,0.0,TRANSITION,0.02,,,4,75.0,2026-05-06 16:21:14,OK,C:\Users\Valued Customer\NT8_Regimes\V1A\History\V1A_TradeLog_20260506.csv,2026-05-06 10:37:25,V1A Daily Export,,Kalman Fader Mode A,KalmanPulse_Fader_V2,,Kalman Fader Mode A,Middle 3,C:\Users\Valued Customer\NT8_Regimes\V1A\TradeLog\V1A_TradeLog.csv,False,True,Kalman Faders,ROTATION_LIQUID,TRANSITION
2026-05-06,2026-05-06 10:38:20,2026-05-06 10:38:20,V1A,SimV1A- Kalman Fader 1,KalmanPulse_Fader_V2,Kalman Fader Mode A,A,NQ,NQ JUN26,LONG,1,28481.0,28480.0,-20.0,-20.0,-4.0,LOSS,ENVELOPE_BREAK_EXIT,,,ROTATION_LIQUID,ROTATION,Transition,POST_IB_MACRO,70,TWO_SIDED_CONFIRMED,0.0,TRANSITION,0.0,,,5,55.0,2026-05-06 16:21:14,OK,C:\Users\Valued Customer\NT8_Regimes\V1A\History\V1A_TradeLog_20260506.csv,2026-05-06 10:38:20,V1A Daily Export,,Kalman Fader Mode A,KalmanPulse_Fader_V2,,Kalman Fader Mode A,Middle 3,C:\Users\Valued Customer\NT8_Regimes\V1A\TradeLog\V1A_TradeLog.csv,False,True,Kalman Faders,ROTATION_LIQUID,TRANSITION
2026-05-06,2026-05-06 10:38:52,2026-05-06 10:38:52,V1A,SimV1A- Kalman Fader 1,KalmanPulse_Fader_V2,Kalman Fader Mode A,A,NQ,NQ JUN26,SHORT,1,28486.25,28488.25,-40.0,-40.0,-8.0,LOSS,ENVELOPE_BREAK_EXIT,,,ROTATION_LIQUID,ROTATION,Transition,POST_IB_MACRO,70,TWO_SIDED_CONFIRMED,0.0,TRANSITION,0.0,,,6,15.0,2026-05-06 16:21:14,OK,C:\Users\Valued Customer\NT8_Regimes\V1A\History\V1A_TradeLog_20260506.csv,2026-05-06 10:38:52,V1A Daily Export,,Kalman Fader Mode A,KalmanPulse_Fader_V2,,Kalman Fader Mode A,Middle 3,C:\Users\Valued Customer\NT8_Regimes\V1A\TradeLog\V1A_TradeLog.csv,False,True,Kalman Faders,ROTATION_LIQUID,TRANSITION
2026-05-06,2026-05-06 10:56:26,2026-05-06 10:57:00,V1A,SimV1A- Kalman Fader 1,KalmanPulse_Fader_V2,Kalman Fader Mode A,A,NQ,NQ JUN26,SHORT,1,28535.25,28537.5,-45.0,-45.0,-9.0,LOSS,ENVELOPE_BREAK_EXIT,,,TRANSITION,TREND,Balance,MID_MORNING_DISCOVERY,0,HIGH_CONFLICT,0.0,TREND_COMPRESSION,0.57,,,7,-30.0,2026-05-06 16:21:14,OK,C:\Users\Valued Customer\NT8_Regimes\V1A\History\V1A_TradeLog_20260506.csv,2026-05-06 10:56:26,V1A Daily Export,,Kalman Fader Mode A,KalmanPulse_Fader_V2,,Kalman Fader Mode A,Middle 3,C:\Users\Valued Customer\NT8_Regimes\V1A\TradeLog\V1A_TradeLog.csv,False,True,Kalman Faders,TRANSITION,TREND_COMPRESSION
2026-05-06,2026-05-06 11:30:47,2026-05-06 11:31:00,V1A,SimV1A- Kalman Fader 1,KalmanPulse_Fader_V2,Kalman Fader Mode A,A,NQ,NQ JUN26,SHORT,1,28575.5,28575.5,0.0,0.0,0.0,LOSS,ENVELOPE_BREAK_EXIT,,,TRANSITION,TREND,Transition,MID_MORNING_DISCOVERY,0,HMM_TRANSITION_TREND_BLOCKED,0.0,TREND_COMPRESSION,0.22,,,8,-30.0,2026-05-06 16:21:14,OK,C:\Users\Valued Customer\NT8_Regimes\V1A\History\V1A_TradeLog_20260506.csv,2026-05-06 11:30:47,V1A Daily Export,,Kalman Fader Mode A,KalmanPulse_Fader_V2,,Kalman Fader Mode A,Middle 3,C:\Users\Valued Customer\NT8_Regimes\V1A\TradeLog\V1A_TradeLog.csv,False,True,Kalman Faders,TRANSITION,TREND_COMPRESSION
2026-05-06,2026-05-06 11:34:21,2026-05-06 11:34:26,V1A,SimV1A- Kalman Fader 1,KalmanPulse_Fader_V2,Kalman Fader Mode A,A,NQ,NQ JUN26,SHORT,1,28574.25,28576.0,-35.0,-35.0,-7.0,LOSS,ENVELOPE_BREAK_EXIT,,,TRANSITION,TREND,Transition,MID_MORNING_DISCOVERY,0,HMM_TRANSITION_TREND_BLOCKED,0.0,TREND_COMPRESSION,0.08,,,9,-65.0,2026-05-06 16:21:14,OK,C:\Users\Valued Customer\NT8_Regimes\V1A\History\V1A_TradeLog_20260506.csv,2026-05-06 11:34:21,V1A Daily Export,,Kalman Fader Mode A,KalmanPulse_Fader_V2,,Kalman Fader Mode A,Middle 3,C:\Users\Valued Customer\NT8_Regimes\V1A\TradeLog\V1A_TradeLog.csv,False,True,Kalman Faders,TRANSITION,TREND_COMPRESSION
2026-05-06,2026-05-06 11:38:01,2026-05-06 11:38:01,V1A,SimV1A- Kalman Fader 1,KalmanPulse_Fader_V2,Kalman Fader Mode A,A,NQ,NQ JUN26,LONG,1,28557.75,28557.25,-10.0,-10.0,-2.0,LOSS,ENVELOPE_BREAK_EXIT,,,ROTATION_LIQUID,ROTATION,Transition,MID_MORNING_DISCOVERY,70,TWO_SIDED_CONFIRMED,0.0,TREND_COMPRESSION,0.0,,,10,-75.0,2026-05-06 16:21:14,OK,C:\Users\Valued Customer\NT8_Regimes\V1A\History\V1A_TradeLog_20260506.csv,2026-05-06 11:38:01,V1A Daily Export,,Kalman Fader Mode A,KalmanPulse_Fader_V2,,Kalman Fader Mode A,Middle 3,C:\Users\Valued Customer\NT8_Regimes\V1A\TradeLog\V1A_TradeLog.csv,False,True,Kalman Faders,ROTATION_LIQUID,TREND_COMPRESSION
2026-05-01,2026-05-01 10:35:01,2026-05-01 10:35:01,V1B,SimV1A Kalman Fader 3,KalmanPulse_Fader_V1B,NQ Fader A,B,NQ,NQ JUN26,SHORT,1,27811.0,27811.25,-5.0,-5.0,-1.0,LOSS,STOP_HIT,,,ROTATION_LIQUID,ROTATION,TrendDown,POST_IB_MACRO,70,TWO_SIDED_CONFIRMED,0.0,TREND_COMPRESSION,0.0,,,1,-5.0,2026-05-02 19:39:27,OK,C:\Users\Valued Customer\NT8_Regimes\V1B\History\V1B_TradeLog_20260501.csv,2026-05-01 10:35:01,V1B Daily Export,,,,,,,,False,True,Kalman Faders,ROTATION_LIQUID,TREND_COMPRESSION
2026-05-04,2026-05-04 10:35:01,2026-05-04 10:35:01,V1B,SimV1A Kalman Fader 3,KalmanPulse_Fader,NQ Expansion A,B,NQ,NQ JUN26,LONG,7,27889.75,27889.25,-70.0,-70.0,-2.0,LOSS,EnvelopeBreakExit,,,ROTATION_LIQUID,ROTATION,Transition,POST_IB_MACRO,70,TWO_SIDED_CONFIRMED,0.0,TRANSITION,0.0,,,1,-70.0,2026-05-04 22:22:41,OK,C:\Users\Valued Customer\NT8_Regimes\V1B\History\V1B_TradeLog_20260504.csv,2026-05-04 10:35:01,V1B Daily Export,,,,,,,,False,True,Kalman Faders,ROTATION_LIQUID,TRANSITION
2026-05-04,2026-05-04 10:35:01,2026-05-04 10:35:01,V1B,SimV1A Kalman Fader 3,KalmanPulse_Fader,KalmanPulse_Fader_B,B,NQ,NQ JUN26,LONG,2,27889.5,27889.0,-15.0,-15.0,-3.0,LOSS,ENVELOPE_BREAK_EXIT,27887.5,80.0,ROTATION_LIQUID,ROTATION,Transition,POST_IB_MACRO,70,TWO_SIDED_CONFIRMED,0.0,TRANSITION,0.0,-0.19,-0.19,2,-85.0,2026-05-04 22:22:41,OK,C:\Users\Valued Customer\NT8_Regimes\V1B\History\V1B_TradeLog_20260504.csv,2026-05-04 10:35:01,V1B Daily Export,,,,,,,,False,True,Kalman Faders,ROTATION_LIQUID,TRANSITION
2026-05-06,2026-05-06 10:35:33,2026-05-06 10:35:34,V1B,SimV1A Kalman Fader 3,KalmanPulse_Fader_V1B,KalmanPulse_Fader_B,B,NQ,NQ JUN26,SHORT,2,28487.5,28487.25,10.0,10.0,2.0,WIN,ENVELOPE_BREAK_EXIT,28490.75,130.0,ROTATION_LIQUID,ROTATION,Transition,POST_IB_MACRO,70,TWO_SIDED_CONFIRMED,0.0,TRANSITION,0.02,0.08,0.08,1,10.0,2026-05-06 16:21:14,SHARED_EXPORTER_LABEL,C:\Users\Valued Customer\NT8_Regimes\V1B\History\V1B_TradeLog_20260506.csv,2026-05-06 10:35:33,V1B Daily Export,KalmanPulse_Fader_V1B,KalmanPulse_Fader_B,KalmanPulse_Fader,,Kalman Fade Mode B,Middle 3,C:\Users\Valued Customer\NT8_Regimes\V1B\TradeLog\KalmanPulse_Fader_B_TradeLog.csv,False,True,Kalman Faders,ROTATION_LIQUID,TRANSITION
2026-05-06,2026-05-06 10:35:36,2026-05-06 10:35:39,V1B,SimV1A Kalman Fader 3,KalmanPulse_Fader,Kalman Fade Mode B,B,NQ,NQ JUN26,LONG,1,28484.0,28483.25,-15.0,-15.0,-3.0,LOSS,ENVELOPE_BREAK_EXIT,,,ROTATION_LIQUID,ROTATION,Transition,POST_IB_MACRO,70,TWO_SIDED_CONFIRMED,0.0,TRANSITION,0.05,,,2,-5.0,2026-05-06 16:21:14,SHARED_EXPORTER_LABEL,C:\Users\Valued Customer\NT8_Regimes\V1B\History\V1B_TradeLog_20260506.csv,2026-05-06 10:35:36,V1B Daily Export,,NQ_ADX_C,KalmanPulse_Fader,,Kalman Fade Mode B,Middle 3,C:\Users\Valued Customer\NT8_Regimes\V3D\TradeLog\V3D_TradeLog.csv,False,True,Kalman Faders,ROTATION_LIQUID,TRANSITION
2026-05-06,2026-05-06 10:35:36,2026-05-06 10:35:39,V1B,SimV1A Kalman Fader 3,KalmanPulse_Fader_V1B,KalmanPulse_Fader_B,B,NQ,NQ JUN26,LONG,2,28483.13,28483.25,5.0,5.0,1.0,WIN,ENVELOPE_BREAK_EXIT,28479.25,155.0,ROTATION_LIQUID,ROTATION,Transition,POST_IB_MACRO,70,TWO_SIDED_CONFIRMED,0.0,TRANSITION,0.05,0.03,0.03,3,0.0,2026-05-06 16:21:14,SHARED_EXPORTER_LABEL,C:\Users\Valued Customer\NT8_Regimes\V1B\History\V1B_TradeLog_20260506.csv,2026-05-06 10:35:36,V1B Daily Export,KalmanPulse_Fader_V1B,KalmanPulse_Fader_B,KalmanPulse_Fader,,Kalman Fade Mode B,Middle 3,C:\Users\Valued Customer\NT8_Regimes\V1B\TradeLog\KalmanPulse_Fader_B_TradeLog.csv,False,True,Kalman Faders,ROTATION_LIQUID,TRANSITION
2026-05-06,2026-05-06 10:35:47,2026-05-06 10:35:49,V1B,SimV1A Kalman Fader 3,KalmanPulse_Fader,Kalman Fade Mode B,B,NQ,NQ JUN26,LONG,1,28486.25,28487.25,20.0,20.0,4.0,WIN,TARGET_HIT,,,ROTATION_LIQUID,ROTATION,Transition,POST_IB_MACRO,70,TWO_SIDED_CONFIRMED,0.0,TRANSITION,0.03,,,4,20.0,2026-05-06 16:21:14,SHARED_EXPORTER_LABEL,C:\Users\Valued Customer\NT8_Regimes\V1B\History\V1B_TradeLog_20260506.csv,2026-05-06 10:35:47,V1B Daily Export,,NQ_ADX_C,KalmanPulse_Fader,,Kalman Fade Mode B,Middle 3,C:\Users\Valued Customer\NT8_Regimes\V3D\TradeLog\V3D_TradeLog.csv,False,True,Kalman Faders,ROTATION_LIQUID,TRANSITION
2026-05-06,2026-05-06 10:35:47,2026-05-06 10:35:52,V1B,SimV1A Kalman Fader 3,KalmanPulse_Fader_V1B,KalmanPulse_Fader_B,B,NQ,NQ JUN26,LONG,2,28486.25,28489.5,85.0,85.0,17.0,WIN,TARGET_HIT,28482.0,170.0,ROTATION_LIQUID,ROTATION,Transition,POST_IB_MACRO,70,TWO_SIDED_CONFIRMED,0.0,TRANSITION,0.08,0.5,0.5,5,105.0,2026-05-06 16:21:14,SHARED_EXPORTER_LABEL,C:\Users\Valued Customer\NT8_Regimes\V1B\History\V1B_TradeLog_20260506.csv,2026-05-06 10:35:47,V1B Daily Export,KalmanPulse_Fader_V1B,KalmanPulse_Fader_B,KalmanPulse_Fader,,Kalman Fade Mode B,Middle 3,C:\Users\Valued Customer\NT8_Regimes\V1B\TradeLog\KalmanPulse_Fader_B_TradeLog.csv,False,True,Kalman Faders,ROTATION_LIQUID,TRANSITION
2026-05-06,2026-05-06 10:36:08,2026-05-06 10:36:08,V1B,SimV1A Kalman Fader 3,KalmanPulse_Fader_V1B,KalmanPulse_Fader_B,B,NQ,NQ JUN26,SHORT,2,28493.0,28494.0,-40.0,-40.0,-8.0,LOSS,ENVELOPE_BREAK_EXIT,28495.75,110.0,ROTATION_LIQUID,ROTATION,Transition,POST_IB_MACRO,70,TWO_SIDED_CONFIRMED,0.0,TRANSITION,0.0,-0.36,-0.36,6,65.0,2026-05-06 16:21:14,SHARED_EXPORTER_LABEL,C:\Users\Valued Customer\NT8_Regimes\V1B\History\V1B_TradeLog_20260506.csv,2026-05-06 10:36:08,V1B Daily Export,KalmanPulse_Fader_V1B,KalmanPulse_Fader_B,KalmanPulse_Fader,,Kalman Fade Mode B,Middle 3,C:\Users\Valued Customer\NT8_Regimes\V1B\TradeLog\KalmanPulse_Fader_B_TradeLog.csv,False,True,Kalman Faders,ROTATION_LIQUID,TRANSITION
2026-05-06,2026-05-06 10:36:08,2026-05-06 10:36:08,V1B,SimV1A Kalman Fader 3,KalmanPulse_Fader,Kalman Fade Mode B,B,NQ,NQ JUN26,SHORT,1,28493.0,28494.0,-20.0,-20.0,-4.0,LOSS,ENVELOPE_BREAK_EXIT,,,ROTATION_LIQUID,ROTATION,Transition,POST_IB_MACRO,70,TWO_SIDED_CONFIRMED,0.0,TRANSITION,0.0,,,7,45.0,2026-05-06 16:21:14,SHARED_EXPORTER_LABEL,C:\Users\Valued Customer\NT8_Regimes\V1B\History\V1B_TradeLog_20260506.csv,2026-05-06 10:36:08,V1B Daily Export,,NQ_ADX_C,KalmanPulse_Fader,,Kalman Fade Mode B,Middle 3,C:\Users\Valued Customer\NT8_Regimes\V3D\TradeLog\V3D_TradeLog.csv,False,True,Kalman Faders,ROTATION_LIQUID,TRANSITION
2026-05-06,2026-05-06 10:36:09,2026-05-06 10:36:09,V1B,SimV1A Kalman Fader 3,KalmanPulse_Fader_V1B,KalmanPulse_Fader_B,B,NQ,NQ JUN26,SHORT,2,28492.5,28494.0,-60.0,-60.0,-12.0,LOSS,STOP_HIT,28493.75,50.0,ROTATION_LIQUID,ROTATION,Transition,POST_IB_MACRO,70,TWO_SIDED_CONFIRMED,0.0,TRANSITION,0.0,-1.2,-1.2,8,-15.0,2026-05-06 16:21:14,SHARED_EXPORTER_LABEL,C:\Users\Valued Customer\NT8_Regimes\V1B\History\V1B_TradeLog_20260506.csv,2026-05-06 10:36:09,V1B Daily Export,KalmanPulse_Fader_V1B,KalmanPulse_Fader_B,KalmanPulse_Fader,,Kalman Fade Mode B,Middle 3,C:\Users\Valued Customer\NT8_Regimes\V1B\TradeLog\KalmanPulse_Fader_B_TradeLog.csv,False,True,Kalman Faders,ROTATION_LIQUID,TRANSITION
2026-05-06,2026-05-06 10:36:09,2026-05-06 10:36:09,V1B,SimV1A Kalman Fader 3,KalmanPulse_Fader,Kalman Fade Mode B,B,NQ,NQ JUN26,SHORT,1,28492.5,28494.0,-30.0,-30.0,-6.0,LOSS,STOP_HIT,,,ROTATION_LIQUID,ROTATION,Transition,POST_IB_MACRO,70,TWO_SIDED_CONFIRMED,0.0,TRANSITION,0.0,,,9,-45.0,2026-05-06 16:21:14,SHARED_EXPORTER_LABEL,C:\Users\Valued Customer\NT8_Regimes\V1B\History\V1B_TradeLog_20260506.csv,2026-05-06 10:36:09,V1B Daily Export,,NQ_ADX_C,KalmanPulse_Fader,,Kalman Fade Mode B,Middle 3,C:\Users\Valued Customer\NT8_Regimes\V3D\TradeLog\V3D_TradeLog.csv,False,True,Kalman Faders,ROTATION_LIQUID,TRANSITION
2026-05-06,2026-05-06 12:30:05,2026-05-06 12:30:06,V1B,SimV1A Kalman Fader 3,KalmanPulse_Fader_V1B,KalmanPulse_Fader_B,B,NQ,NQ JUN26,SHORT,2,28576.75,28577.75,-40.0,-40.0,-8.0,LOSS,ENVELOPE_BREAK_EXIT,28581.0,170.0,ROTATION_LIQUID,ROTATION,Transition,LUNCH_AUCTION,70,TWO_SIDED_CONFIRMED,0.0,TREND_COMPRESSION,0.02,-0.24,-0.24,10,-85.0,2026-05-06 16:21:14,SHARED_EXPORTER_LABEL,C:\Users\Valued Customer\NT8_Regimes\V1B\History\V1B_TradeLog_20260506.csv,2026-05-06 12:30:05,V1B Daily Export,KalmanPulse_Fader_V1B,KalmanPulse_Fader_B,KalmanPulse_Fader,,Kalman Fade Mode B,Middle 3,C:\Users\Valued Customer\NT8_Regimes\V1B\TradeLog\KalmanPulse_Fader_B_TradeLog.csv,False,True,Kalman Faders,ROTATION_LIQUID,TREND_COMPRESSION
2026-05-06,2026-05-06 12:30:05,2026-05-06 12:30:06,V1B,SimV1A Kalman Fader 3,KalmanPulse_Fader,Kalman Fade Mode B,B,NQ,NQ JUN26,SHORT,1,28576.75,28577.75,-20.0,-20.0,-4.0,LOSS,ENVELOPE_BREAK_EXIT,,,ROTATION_LIQUID,ROTATION,Transition,LUNCH_AUCTION,70,TWO_SIDED_CONFIRMED,0.0,TREND_COMPRESSION,0.02,,,11,-105.0,2026-05-06 16:21:14,SHARED_EXPORTER_LABEL,C:\Users\Valued Customer\NT8_Regimes\V1B\History\V1B_TradeLog_20260506.csv,2026-05-06 12:30:05,V1B Daily Export,,NQ_ADX_C,KalmanPulse_Fader,,Kalman Fade Mode B,Middle 3,C:\Users\Valued Customer\NT8_Regimes\V3D\TradeLog\V3D_TradeLog.csv,False,True,Kalman Faders,ROTATION_LIQUID,TREND_COMPRESSION
2026-05-06,2026-05-06 12:45:09,2026-05-06 12:45:09,V1B,SimV1A Kalman Fader 3,KalmanPulse_Fader_V1B,KalmanPulse_Fader_B,B,NQ,NQ JUN26,LONG,2,28567.75,28567.25,-20.0,-20.0,-4.0,LOSS,ENVELOPE_BREAK_EXIT,28565.5,90.0,TREND_EMERGING,TREND,TrendUp,LUNCH_AUCTION,33,EMERGING_SIGNAL,0.0,TREND_COMPRESSION,0.0,-0.22,-0.22,12,-125.0,2026-05-06 16:21:14,SHARED_EXPORTER_LABEL,C:\Users\Valued Customer\NT8_Regimes\V1B\History\V1B_TradeLog_20260506.csv,2026-05-06 12:45:09,V1B Daily Export,KalmanPulse_Fader_V1B,KalmanPulse_Fader_B,KalmanPulse_Fader,,Kalman Fade Mode B,Middle 3,C:\Users\Valued Customer\NT8_Regimes\V1B\TradeLog\KalmanPulse_Fader_B_TradeLog.csv,False,True,Kalman Faders,TREND_EMERGING,TREND_COMPRESSION
2026-05-06,2026-05-06 12:45:09,2026-05-06 12:45:09,V1B,SimV1A Kalman Fader 3,KalmanPulse_Fader,Kalman Fade Mode B,B,NQ,NQ JUN26,LONG,1,28567.75,28567.25,-10.0,-10.0,-2.0,LOSS,ENVELOPE_BREAK_EXIT,,,TREND_EMERGING,TREND,TrendUp,LUNCH_AUCTION,33,EMERGING_SIGNAL,0.0,TREND_COMPRESSION,0.0,,,13,-135.0,2026-05-06 16:21:14,SHARED_EXPORTER_LABEL,C:\Users\Valued Customer\NT8_Regimes\V1B\History\V1B_TradeLog_20260506.csv,2026-05-06 12:45:09,V1B Daily Export,,NQ_ADX_C,KalmanPulse_Fader,,Kalman Fade Mode B,Middle 3,C:\Users\Valued Customer\NT8_Regimes\V3D\TradeLog\V3D_TradeLog.csv,False,True,Kalman Faders,TREND_EMERGING,TREND_COMPRESSION
